ISO-10303-21;
HEADER;
FILE_DESCRIPTION(('Open CASCADE Model'),'2;1');
FILE_NAME('hakrc-bls-35a-4in1','2026-09-26T17:18:32',('Author'),(
    'Open CASCADE'),'Open CASCADE STEP processor 8.0','build123d',
  'Unknown');
FILE_SCHEMA(('AUTOMOTIVE_DESIGN { 1 0 10303 214 1 1 1 1 }'));
ENDSEC;
DATA;
#1 = APPLICATION_PROTOCOL_DEFINITION('international standard',
  'automotive_design',2000,#2);
#2 = APPLICATION_CONTEXT(
  'core data for automotive mechanical design processes');
#3 = SHAPE_DEFINITION_REPRESENTATION(#4,#10);
#4 = PRODUCT_DEFINITION_SHAPE('','',#5);
#5 = PRODUCT_DEFINITION('design','',#6,#9);
#6 = PRODUCT_DEFINITION_FORMATION('','',#7);
#7 = PRODUCT('hakrc-bls-35a-4in1','hakrc-bls-35a-4in1','',(#8));
#8 = PRODUCT_CONTEXT('',#2,'mechanical');
#9 = PRODUCT_DEFINITION_CONTEXT('part definition',#2,'design');
#10 = SHAPE_REPRESENTATION('',(#11,#15,#19,#23,#27,#31,#35,#39,#43,#47,
    #51,#55,#59,#63,#67,#71,#75),#79);
#11 = AXIS2_PLACEMENT_3D('',#12,#13,#14);
#12 = CARTESIAN_POINT('',(0.,0.,0.));
#13 = DIRECTION('',(0.,0.,1.));
#14 = DIRECTION('',(1.,0.,-0.));
#15 = AXIS2_PLACEMENT_3D('',#16,#17,#18);
#16 = CARTESIAN_POINT('',(0.,0.,0.));
#17 = DIRECTION('',(0.,0.,1.));
#18 = DIRECTION('',(1.,0.,-0.));
#19 = AXIS2_PLACEMENT_3D('',#20,#21,#22);
#20 = CARTESIAN_POINT('',(0.,0.,0.));
#21 = DIRECTION('',(0.,0.,1.));
#22 = DIRECTION('',(1.,0.,-0.));
#23 = AXIS2_PLACEMENT_3D('',#24,#25,#26);
#24 = CARTESIAN_POINT('',(0.,0.,0.));
#25 = DIRECTION('',(0.,0.,1.));
#26 = DIRECTION('',(1.,0.,-0.));
#27 = AXIS2_PLACEMENT_3D('',#28,#29,#30);
#28 = CARTESIAN_POINT('',(0.,0.,0.));
#29 = DIRECTION('',(0.,0.,1.));
#30 = DIRECTION('',(1.,0.,-0.));
#31 = AXIS2_PLACEMENT_3D('',#32,#33,#34);
#32 = CARTESIAN_POINT('',(0.,0.,0.));
#33 = DIRECTION('',(0.,0.,1.));
#34 = DIRECTION('',(1.,0.,-0.));
#35 = AXIS2_PLACEMENT_3D('',#36,#37,#38);
#36 = CARTESIAN_POINT('',(0.,0.,0.));
#37 = DIRECTION('',(0.,0.,1.));
#38 = DIRECTION('',(1.,0.,-0.));
#39 = AXIS2_PLACEMENT_3D('',#40,#41,#42);
#40 = CARTESIAN_POINT('',(0.,0.,0.));
#41 = DIRECTION('',(0.,0.,1.));
#42 = DIRECTION('',(1.,0.,-0.));
#43 = AXIS2_PLACEMENT_3D('',#44,#45,#46);
#44 = CARTESIAN_POINT('',(0.,0.,0.));
#45 = DIRECTION('',(0.,0.,1.));
#46 = DIRECTION('',(1.,0.,-0.));
#47 = AXIS2_PLACEMENT_3D('',#48,#49,#50);
#48 = CARTESIAN_POINT('',(0.,0.,0.));
#49 = DIRECTION('',(0.,0.,1.));
#50 = DIRECTION('',(1.,0.,-0.));
#51 = AXIS2_PLACEMENT_3D('',#52,#53,#54);
#52 = CARTESIAN_POINT('',(0.,0.,0.));
#53 = DIRECTION('',(0.,0.,1.));
#54 = DIRECTION('',(1.,0.,-0.));
#55 = AXIS2_PLACEMENT_3D('',#56,#57,#58);
#56 = CARTESIAN_POINT('',(0.,0.,0.));
#57 = DIRECTION('',(0.,0.,1.));
#58 = DIRECTION('',(1.,0.,-0.));
#59 = AXIS2_PLACEMENT_3D('',#60,#61,#62);
#60 = CARTESIAN_POINT('',(0.,0.,0.));
#61 = DIRECTION('',(0.,0.,1.));
#62 = DIRECTION('',(1.,0.,-0.));
#63 = AXIS2_PLACEMENT_3D('',#64,#65,#66);
#64 = CARTESIAN_POINT('',(0.,0.,0.));
#65 = DIRECTION('',(0.,0.,1.));
#66 = DIRECTION('',(1.,0.,-0.));
#67 = AXIS2_PLACEMENT_3D('',#68,#69,#70);
#68 = CARTESIAN_POINT('',(0.,0.,0.));
#69 = DIRECTION('',(0.,0.,1.));
#70 = DIRECTION('',(1.,0.,-0.));
#71 = AXIS2_PLACEMENT_3D('',#72,#73,#74);
#72 = CARTESIAN_POINT('',(0.,0.,0.));
#73 = DIRECTION('',(0.,0.,1.));
#74 = DIRECTION('',(1.,0.,-0.));
#75 = AXIS2_PLACEMENT_3D('',#76,#77,#78);
#76 = CARTESIAN_POINT('',(0.,0.,0.));
#77 = DIRECTION('',(0.,0.,1.));
#78 = DIRECTION('',(1.,0.,-0.));
#79 = ( GEOMETRIC_REPRESENTATION_CONTEXT(3) 
GLOBAL_UNCERTAINTY_ASSIGNED_CONTEXT((#83)) GLOBAL_UNIT_ASSIGNED_CONTEXT(
(#80,#81,#82)) REPRESENTATION_CONTEXT('Context #1',
  '3D Context with UNIT and UNCERTAINTY') );
#80 = ( LENGTH_UNIT() NAMED_UNIT(*) SI_UNIT(.MILLI.,.METRE.) );
#81 = ( NAMED_UNIT(*) PLANE_ANGLE_UNIT() SI_UNIT($,.RADIAN.) );
#82 = ( NAMED_UNIT(*) SI_UNIT($,.STERADIAN.) SOLID_ANGLE_UNIT() );
#83 = UNCERTAINTY_MEASURE_WITH_UNIT(LENGTH_MEASURE(1.E-07),#80,
  'distance_accuracy_value','confusion accuracy');
#84 = PRODUCT_RELATED_PRODUCT_CATEGORY('part',$,(#7));
#85 = SHAPE_DEFINITION_REPRESENTATION(#86,#92);
#86 = PRODUCT_DEFINITION_SHAPE('','',#87);
#87 = PRODUCT_DEFINITION('design','',#88,#91);
#88 = PRODUCT_DEFINITION_FORMATION('','',#89);
#89 = PRODUCT('pcb','pcb','',(#90));
#90 = PRODUCT_CONTEXT('',#2,'mechanical');
#91 = PRODUCT_DEFINITION_CONTEXT('part definition',#2,'design');
#92 = ADVANCED_BREP_SHAPE_REPRESENTATION('',(#11,#93),#1095);
#93 = MANIFOLD_SOLID_BREP('',#94);
#94 = CLOSED_SHELL('',(#95,#215,#539,#589,#643,#872,#899,#926,#953,#980,
    #987,#1014,#1041,#1068));
#95 = ADVANCED_FACE('',(#96),#110,.F.);
#96 = FACE_BOUND('',#97,.F.);
#97 = EDGE_LOOP('',(#98,#133,#161,#189));
#98 = ORIENTED_EDGE('',*,*,#99,.F.);
#99 = EDGE_CURVE('',#100,#102,#104,.T.);
#100 = VERTEX_POINT('',#101);
#101 = CARTESIAN_POINT('',(-15.,-14.,1.6));
#102 = VERTEX_POINT('',#103);
#103 = CARTESIAN_POINT('',(-15.,14.,1.6));
#104 = SURFACE_CURVE('',#105,(#109,#121),.PCURVE_S1.);
#105 = LINE('',#106,#107);
#106 = CARTESIAN_POINT('',(-15.,-15.5,1.6));
#107 = VECTOR('',#108,1.);
#108 = DIRECTION('',(-0.,1.,0.));
#109 = PCURVE('',#110,#115);
#110 = PLANE('',#111);
#111 = AXIS2_PLACEMENT_3D('',#112,#113,#114);
#112 = CARTESIAN_POINT('',(-15.,-15.5,0.));
#113 = DIRECTION('',(1.,0.,-0.));
#114 = DIRECTION('',(0.,0.,1.));
#115 = DEFINITIONAL_REPRESENTATION('',(#116),#120);
#116 = LINE('',#117,#118);
#117 = CARTESIAN_POINT('',(1.6,0.));
#118 = VECTOR('',#119,1.);
#119 = DIRECTION('',(0.,-1.));
#120 = ( GEOMETRIC_REPRESENTATION_CONTEXT(2) 
PARAMETRIC_REPRESENTATION_CONTEXT() REPRESENTATION_CONTEXT('2D SPACE',''
  ) );
#121 = PCURVE('',#122,#127);
#122 = PLANE('',#123);
#123 = AXIS2_PLACEMENT_3D('',#124,#125,#126);
#124 = CARTESIAN_POINT('',(-15.,-15.5,1.6));
#125 = DIRECTION('',(0.,0.,1.));
#126 = DIRECTION('',(1.,0.,-0.));
#127 = DEFINITIONAL_REPRESENTATION('',(#128),#132);
#128 = LINE('',#129,#130);
#129 = CARTESIAN_POINT('',(0.,0.));
#130 = VECTOR('',#131,1.);
#131 = DIRECTION('',(0.,1.));
#132 = ( GEOMETRIC_REPRESENTATION_CONTEXT(2) 
PARAMETRIC_REPRESENTATION_CONTEXT() REPRESENTATION_CONTEXT('2D SPACE',''
  ) );
#133 = ORIENTED_EDGE('',*,*,#134,.F.);
#134 = EDGE_CURVE('',#135,#100,#137,.T.);
#135 = VERTEX_POINT('',#136);
#136 = CARTESIAN_POINT('',(-15.,-14.,0.));
#137 = SURFACE_CURVE('',#138,(#142,#149),.PCURVE_S1.);
#138 = LINE('',#139,#140);
#139 = CARTESIAN_POINT('',(-15.,-14.,0.));
#140 = VECTOR('',#141,1.);
#141 = DIRECTION('',(0.,0.,1.));
#142 = PCURVE('',#110,#143);
#143 = DEFINITIONAL_REPRESENTATION('',(#144),#148);
#144 = LINE('',#145,#146);
#145 = CARTESIAN_POINT('',(0.,-1.5));
#146 = VECTOR('',#147,1.);
#147 = DIRECTION('',(1.,0.));
#148 = ( GEOMETRIC_REPRESENTATION_CONTEXT(2) 
PARAMETRIC_REPRESENTATION_CONTEXT() REPRESENTATION_CONTEXT('2D SPACE',''
  ) );
#149 = PCURVE('',#150,#155);
#150 = CYLINDRICAL_SURFACE('',#151,1.5);
#151 = AXIS2_PLACEMENT_3D('',#152,#153,#154);
#152 = CARTESIAN_POINT('',(-13.5,-14.,0.));
#153 = DIRECTION('',(0.,0.,1.));
#154 = DIRECTION('',(-1.,-0.,0.));
#155 = DEFINITIONAL_REPRESENTATION('',(#156),#160);
#156 = LINE('',#157,#158);
#157 = CARTESIAN_POINT('',(0.,0.));
#158 = VECTOR('',#159,1.);
#159 = DIRECTION('',(0.,1.));
#160 = ( GEOMETRIC_REPRESENTATION_CONTEXT(2) 
PARAMETRIC_REPRESENTATION_CONTEXT() REPRESENTATION_CONTEXT('2D SPACE',''
  ) );
#161 = ORIENTED_EDGE('',*,*,#162,.T.);
#162 = EDGE_CURVE('',#135,#163,#165,.T.);
#163 = VERTEX_POINT('',#164);
#164 = CARTESIAN_POINT('',(-15.,14.,0.));
#165 = SURFACE_CURVE('',#166,(#170,#177),.PCURVE_S1.);
#166 = LINE('',#167,#168);
#167 = CARTESIAN_POINT('',(-15.,-15.5,0.));
#168 = VECTOR('',#169,1.);
#169 = DIRECTION('',(-0.,1.,0.));
#170 = PCURVE('',#110,#171);
#171 = DEFINITIONAL_REPRESENTATION('',(#172),#176);
#172 = LINE('',#173,#174);
#173 = CARTESIAN_POINT('',(0.,0.));
#174 = VECTOR('',#175,1.);
#175 = DIRECTION('',(0.,-1.));
#176 = ( GEOMETRIC_REPRESENTATION_CONTEXT(2) 
PARAMETRIC_REPRESENTATION_CONTEXT() REPRESENTATION_CONTEXT('2D SPACE',''
  ) );
#177 = PCURVE('',#178,#183);
#178 = PLANE('',#179);
#179 = AXIS2_PLACEMENT_3D('',#180,#181,#182);
#180 = CARTESIAN_POINT('',(-15.,-15.5,0.));
#181 = DIRECTION('',(0.,0.,1.));
#182 = DIRECTION('',(1.,0.,-0.));
#183 = DEFINITIONAL_REPRESENTATION('',(#184),#188);
#184 = LINE('',#185,#186);
#185 = CARTESIAN_POINT('',(0.,0.));
#186 = VECTOR('',#187,1.);
#187 = DIRECTION('',(0.,1.));
#188 = ( GEOMETRIC_REPRESENTATION_CONTEXT(2) 
PARAMETRIC_REPRESENTATION_CONTEXT() REPRESENTATION_CONTEXT('2D SPACE',''
  ) );
#189 = ORIENTED_EDGE('',*,*,#190,.T.);
#190 = EDGE_CURVE('',#163,#102,#191,.T.);
#191 = SURFACE_CURVE('',#192,(#196,#203),.PCURVE_S1.);
#192 = LINE('',#193,#194);
#193 = CARTESIAN_POINT('',(-15.,14.,0.));
#194 = VECTOR('',#195,1.);
#195 = DIRECTION('',(0.,0.,1.));
#196 = PCURVE('',#110,#197);
#197 = DEFINITIONAL_REPRESENTATION('',(#198),#202);
#198 = LINE('',#199,#200);
#199 = CARTESIAN_POINT('',(0.,-29.5));
#200 = VECTOR('',#201,1.);
#201 = DIRECTION('',(1.,0.));
#202 = ( GEOMETRIC_REPRESENTATION_CONTEXT(2) 
PARAMETRIC_REPRESENTATION_CONTEXT() REPRESENTATION_CONTEXT('2D SPACE',''
  ) );
#203 = PCURVE('',#204,#209);
#204 = CYLINDRICAL_SURFACE('',#205,1.5);
#205 = AXIS2_PLACEMENT_3D('',#206,#207,#208);
#206 = CARTESIAN_POINT('',(-13.5,14.,0.));
#207 = DIRECTION('',(0.,0.,1.));
#208 = DIRECTION('',(-1.,-0.,0.));
#209 = DEFINITIONAL_REPRESENTATION('',(#210),#214);
#210 = LINE('',#211,#212);
#211 = CARTESIAN_POINT('',(-0.,0.));
#212 = VECTOR('',#213,1.);
#213 = DIRECTION('',(-0.,1.));
#214 = ( GEOMETRIC_REPRESENTATION_CONTEXT(2) 
PARAMETRIC_REPRESENTATION_CONTEXT() REPRESENTATION_CONTEXT('2D SPACE',''
  ) );
#215 = ADVANCED_FACE('',(#216,#415,#446,#477,#508),#122,.T.);
#216 = FACE_BOUND('',#217,.T.);
#217 = EDGE_LOOP('',(#218,#219,#243,#271,#304,#332,#361,#389));
#218 = ORIENTED_EDGE('',*,*,#99,.F.);
#219 = ORIENTED_EDGE('',*,*,#220,.T.);
#220 = EDGE_CURVE('',#100,#221,#223,.T.);
#221 = VERTEX_POINT('',#222);
#222 = CARTESIAN_POINT('',(-13.5,-15.5,1.6));
#223 = SURFACE_CURVE('',#224,(#229,#236),.PCURVE_S1.);
#224 = CIRCLE('',#225,1.5);
#225 = AXIS2_PLACEMENT_3D('',#226,#227,#228);
#226 = CARTESIAN_POINT('',(-13.5,-14.,1.6));
#227 = DIRECTION('',(0.,0.,1.));
#228 = DIRECTION('',(0.,-1.,0.));
#229 = PCURVE('',#122,#230);
#230 = DEFINITIONAL_REPRESENTATION('',(#231),#235);
#231 = CIRCLE('',#232,1.5);
#232 = AXIS2_PLACEMENT_2D('',#233,#234);
#233 = CARTESIAN_POINT('',(1.5,1.5));
#234 = DIRECTION('',(0.,-1.));
#235 = ( GEOMETRIC_REPRESENTATION_CONTEXT(2) 
PARAMETRIC_REPRESENTATION_CONTEXT() REPRESENTATION_CONTEXT('2D SPACE',''
  ) );
#236 = PCURVE('',#150,#237);
#237 = DEFINITIONAL_REPRESENTATION('',(#238),#242);
#238 = LINE('',#239,#240);
#239 = CARTESIAN_POINT('',(-4.712388980385,1.6));
#240 = VECTOR('',#241,1.);
#241 = DIRECTION('',(1.,0.));
#242 = ( GEOMETRIC_REPRESENTATION_CONTEXT(2) 
PARAMETRIC_REPRESENTATION_CONTEXT() REPRESENTATION_CONTEXT('2D SPACE',''
  ) );
#243 = ORIENTED_EDGE('',*,*,#244,.T.);
#244 = EDGE_CURVE('',#221,#245,#247,.T.);
#245 = VERTEX_POINT('',#246);
#246 = CARTESIAN_POINT('',(13.5,-15.5,1.6));
#247 = SURFACE_CURVE('',#248,(#252,#259),.PCURVE_S1.);
#248 = LINE('',#249,#250);
#249 = CARTESIAN_POINT('',(-15.,-15.5,1.6));
#250 = VECTOR('',#251,1.);
#251 = DIRECTION('',(1.,0.,-0.));
#252 = PCURVE('',#122,#253);
#253 = DEFINITIONAL_REPRESENTATION('',(#254),#258);
#254 = LINE('',#255,#256);
#255 = CARTESIAN_POINT('',(0.,0.));
#256 = VECTOR('',#257,1.);
#257 = DIRECTION('',(1.,0.));
#258 = ( GEOMETRIC_REPRESENTATION_CONTEXT(2) 
PARAMETRIC_REPRESENTATION_CONTEXT() REPRESENTATION_CONTEXT('2D SPACE',''
  ) );
#259 = PCURVE('',#260,#265);
#260 = PLANE('',#261);
#261 = AXIS2_PLACEMENT_3D('',#262,#263,#264);
#262 = CARTESIAN_POINT('',(-15.,-15.5,0.));
#263 = DIRECTION('',(-0.,1.,0.));
#264 = DIRECTION('',(0.,0.,1.));
#265 = DEFINITIONAL_REPRESENTATION('',(#266),#270);
#266 = LINE('',#267,#268);
#267 = CARTESIAN_POINT('',(1.6,0.));
#268 = VECTOR('',#269,1.);
#269 = DIRECTION('',(0.,1.));
#270 = ( GEOMETRIC_REPRESENTATION_CONTEXT(2) 
PARAMETRIC_REPRESENTATION_CONTEXT() REPRESENTATION_CONTEXT('2D SPACE',''
  ) );
#271 = ORIENTED_EDGE('',*,*,#272,.F.);
#272 = EDGE_CURVE('',#273,#245,#275,.T.);
#273 = VERTEX_POINT('',#274);
#274 = CARTESIAN_POINT('',(15.,-14.,1.6));
#275 = SURFACE_CURVE('',#276,(#281,#292),.PCURVE_S1.);
#276 = CIRCLE('',#277,1.5);
#277 = AXIS2_PLACEMENT_3D('',#278,#279,#280);
#278 = CARTESIAN_POINT('',(13.5,-14.,1.6));
#279 = DIRECTION('',(-0.,-0.,-1.));
#280 = DIRECTION('',(0.,-1.,0.));
#281 = PCURVE('',#122,#282);
#282 = DEFINITIONAL_REPRESENTATION('',(#283),#291);
#283 = ( BOUNDED_CURVE() B_SPLINE_CURVE(2,(#284,#285,#286,#287,#288,#289
,#290),.UNSPECIFIED.,.T.,.F.) B_SPLINE_CURVE_WITH_KNOTS((1,2,2,2,2,1),(
    -2.094395102393,0.,2.094395102393,4.188790204786,6.28318530718,
8.377580409573),.UNSPECIFIED.) CURVE() GEOMETRIC_REPRESENTATION_ITEM() 
RATIONAL_B_SPLINE_CURVE((1.,0.5,1.,0.5,1.,0.5,1.)) REPRESENTATION_ITEM(
  '') );
#284 = CARTESIAN_POINT('',(28.5,0.));
#285 = CARTESIAN_POINT('',(25.901923788647,0.));
#286 = CARTESIAN_POINT('',(27.200961894323,2.25));
#287 = CARTESIAN_POINT('',(28.5,4.5));
#288 = CARTESIAN_POINT('',(29.799038105677,2.25));
#289 = CARTESIAN_POINT('',(31.098076211353,2.22044604925E-15));
#290 = CARTESIAN_POINT('',(28.5,0.));
#291 = ( GEOMETRIC_REPRESENTATION_CONTEXT(2) 
PARAMETRIC_REPRESENTATION_CONTEXT() REPRESENTATION_CONTEXT('2D SPACE',''
  ) );
#292 = PCURVE('',#293,#298);
#293 = CYLINDRICAL_SURFACE('',#294,1.5);
#294 = AXIS2_PLACEMENT_3D('',#295,#296,#297);
#295 = CARTESIAN_POINT('',(13.5,-14.,0.));
#296 = DIRECTION('',(0.,0.,1.));
#297 = DIRECTION('',(1.,0.,-0.));
#298 = DEFINITIONAL_REPRESENTATION('',(#299),#303);
#299 = LINE('',#300,#301);
#300 = CARTESIAN_POINT('',(4.712388980385,1.6));
#301 = VECTOR('',#302,1.);
#302 = DIRECTION('',(-1.,0.));
#303 = ( GEOMETRIC_REPRESENTATION_CONTEXT(2) 
PARAMETRIC_REPRESENTATION_CONTEXT() REPRESENTATION_CONTEXT('2D SPACE',''
  ) );
#304 = ORIENTED_EDGE('',*,*,#305,.T.);
#305 = EDGE_CURVE('',#273,#306,#308,.T.);
#306 = VERTEX_POINT('',#307);
#307 = CARTESIAN_POINT('',(15.,14.,1.6));
#308 = SURFACE_CURVE('',#309,(#313,#320),.PCURVE_S1.);
#309 = LINE('',#310,#311);
#310 = CARTESIAN_POINT('',(15.,-15.5,1.6));
#311 = VECTOR('',#312,1.);
#312 = DIRECTION('',(-0.,1.,0.));
#313 = PCURVE('',#122,#314);
#314 = DEFINITIONAL_REPRESENTATION('',(#315),#319);
#315 = LINE('',#316,#317);
#316 = CARTESIAN_POINT('',(30.,0.));
#317 = VECTOR('',#318,1.);
#318 = DIRECTION('',(0.,1.));
#319 = ( GEOMETRIC_REPRESENTATION_CONTEXT(2) 
PARAMETRIC_REPRESENTATION_CONTEXT() REPRESENTATION_CONTEXT('2D SPACE',''
  ) );
#320 = PCURVE('',#321,#326);
#321 = PLANE('',#322);
#322 = AXIS2_PLACEMENT_3D('',#323,#324,#325);
#323 = CARTESIAN_POINT('',(15.,-15.5,0.));
#324 = DIRECTION('',(1.,0.,-0.));
#325 = DIRECTION('',(0.,0.,1.));
#326 = DEFINITIONAL_REPRESENTATION('',(#327),#331);
#327 = LINE('',#328,#329);
#328 = CARTESIAN_POINT('',(1.6,0.));
#329 = VECTOR('',#330,1.);
#330 = DIRECTION('',(0.,-1.));
#331 = ( GEOMETRIC_REPRESENTATION_CONTEXT(2) 
PARAMETRIC_REPRESENTATION_CONTEXT() REPRESENTATION_CONTEXT('2D SPACE',''
  ) );
#332 = ORIENTED_EDGE('',*,*,#333,.T.);
#333 = EDGE_CURVE('',#306,#334,#336,.T.);
#334 = VERTEX_POINT('',#335);
#335 = CARTESIAN_POINT('',(13.5,15.5,1.6));
#336 = SURFACE_CURVE('',#337,(#342,#349),.PCURVE_S1.);
#337 = CIRCLE('',#338,1.5);
#338 = AXIS2_PLACEMENT_3D('',#339,#340,#341);
#339 = CARTESIAN_POINT('',(13.5,14.,1.6));
#340 = DIRECTION('',(0.,0.,1.));
#341 = DIRECTION('',(0.,-1.,0.));
#342 = PCURVE('',#122,#343);
#343 = DEFINITIONAL_REPRESENTATION('',(#344),#348);
#344 = CIRCLE('',#345,1.5);
#345 = AXIS2_PLACEMENT_2D('',#346,#347);
#346 = CARTESIAN_POINT('',(28.5,29.5));
#347 = DIRECTION('',(0.,-1.));
#348 = ( GEOMETRIC_REPRESENTATION_CONTEXT(2) 
PARAMETRIC_REPRESENTATION_CONTEXT() REPRESENTATION_CONTEXT('2D SPACE',''
  ) );
#349 = PCURVE('',#350,#355);
#350 = CYLINDRICAL_SURFACE('',#351,1.5);
#351 = AXIS2_PLACEMENT_3D('',#352,#353,#354);
#352 = CARTESIAN_POINT('',(13.5,14.,0.));
#353 = DIRECTION('',(0.,0.,1.));
#354 = DIRECTION('',(1.,0.,-0.));
#355 = DEFINITIONAL_REPRESENTATION('',(#356),#360);
#356 = LINE('',#357,#358);
#357 = CARTESIAN_POINT('',(-1.570796326795,1.6));
#358 = VECTOR('',#359,1.);
#359 = DIRECTION('',(1.,0.));
#360 = ( GEOMETRIC_REPRESENTATION_CONTEXT(2) 
PARAMETRIC_REPRESENTATION_CONTEXT() REPRESENTATION_CONTEXT('2D SPACE',''
  ) );
#361 = ORIENTED_EDGE('',*,*,#362,.F.);
#362 = EDGE_CURVE('',#363,#334,#365,.T.);
#363 = VERTEX_POINT('',#364);
#364 = CARTESIAN_POINT('',(-13.5,15.5,1.6));
#365 = SURFACE_CURVE('',#366,(#370,#377),.PCURVE_S1.);
#366 = LINE('',#367,#368);
#367 = CARTESIAN_POINT('',(-15.,15.5,1.6));
#368 = VECTOR('',#369,1.);
#369 = DIRECTION('',(1.,0.,-0.));
#370 = PCURVE('',#122,#371);
#371 = DEFINITIONAL_REPRESENTATION('',(#372),#376);
#372 = LINE('',#373,#374);
#373 = CARTESIAN_POINT('',(0.,31.));
#374 = VECTOR('',#375,1.);
#375 = DIRECTION('',(1.,0.));
#376 = ( GEOMETRIC_REPRESENTATION_CONTEXT(2) 
PARAMETRIC_REPRESENTATION_CONTEXT() REPRESENTATION_CONTEXT('2D SPACE',''
  ) );
#377 = PCURVE('',#378,#383);
#378 = PLANE('',#379);
#379 = AXIS2_PLACEMENT_3D('',#380,#381,#382);
#380 = CARTESIAN_POINT('',(-15.,15.5,0.));
#381 = DIRECTION('',(-0.,1.,0.));
#382 = DIRECTION('',(0.,0.,1.));
#383 = DEFINITIONAL_REPRESENTATION('',(#384),#388);
#384 = LINE('',#385,#386);
#385 = CARTESIAN_POINT('',(1.6,0.));
#386 = VECTOR('',#387,1.);
#387 = DIRECTION('',(0.,1.));
#388 = ( GEOMETRIC_REPRESENTATION_CONTEXT(2) 
PARAMETRIC_REPRESENTATION_CONTEXT() REPRESENTATION_CONTEXT('2D SPACE',''
  ) );
#389 = ORIENTED_EDGE('',*,*,#390,.F.);
#390 = EDGE_CURVE('',#102,#363,#391,.T.);
#391 = SURFACE_CURVE('',#392,(#397,#408),.PCURVE_S1.);
#392 = CIRCLE('',#393,1.5);
#393 = AXIS2_PLACEMENT_3D('',#394,#395,#396);
#394 = CARTESIAN_POINT('',(-13.5,14.,1.6));
#395 = DIRECTION('',(-0.,-0.,-1.));
#396 = DIRECTION('',(0.,-1.,0.));
#397 = PCURVE('',#122,#398);
#398 = DEFINITIONAL_REPRESENTATION('',(#399),#407);
#399 = ( BOUNDED_CURVE() B_SPLINE_CURVE(2,(#400,#401,#402,#403,#404,#405
,#406),.UNSPECIFIED.,.T.,.F.) B_SPLINE_CURVE_WITH_KNOTS((1,2,2,2,2,1),(
    -2.094395102393,0.,2.094395102393,4.188790204786,6.28318530718,
8.377580409573),.UNSPECIFIED.) CURVE() GEOMETRIC_REPRESENTATION_ITEM() 
RATIONAL_B_SPLINE_CURVE((1.,0.5,1.,0.5,1.,0.5,1.)) REPRESENTATION_ITEM(
  '') );
#400 = CARTESIAN_POINT('',(1.5,28.));
#401 = CARTESIAN_POINT('',(-1.098076211353,28.));
#402 = CARTESIAN_POINT('',(0.200961894323,30.25));
#403 = CARTESIAN_POINT('',(1.5,32.5));
#404 = CARTESIAN_POINT('',(2.799038105677,30.25));
#405 = CARTESIAN_POINT('',(4.098076211353,28.));
#406 = CARTESIAN_POINT('',(1.5,28.));
#407 = ( GEOMETRIC_REPRESENTATION_CONTEXT(2) 
PARAMETRIC_REPRESENTATION_CONTEXT() REPRESENTATION_CONTEXT('2D SPACE',''
  ) );
#408 = PCURVE('',#204,#409);
#409 = DEFINITIONAL_REPRESENTATION('',(#410),#414);
#410 = LINE('',#411,#412);
#411 = CARTESIAN_POINT('',(1.570796326795,1.6));
#412 = VECTOR('',#413,1.);
#413 = DIRECTION('',(-1.,0.));
#414 = ( GEOMETRIC_REPRESENTATION_CONTEXT(2) 
PARAMETRIC_REPRESENTATION_CONTEXT() REPRESENTATION_CONTEXT('2D SPACE',''
  ) );
#415 = FACE_BOUND('',#416,.T.);
#416 = EDGE_LOOP('',(#417));
#417 = ORIENTED_EDGE('',*,*,#418,.F.);
#418 = EDGE_CURVE('',#419,#419,#421,.T.);
#419 = VERTEX_POINT('',#420);
#420 = CARTESIAN_POINT('',(-8.4,-10.,1.6));
#421 = SURFACE_CURVE('',#422,(#427,#434),.PCURVE_S1.);
#422 = CIRCLE('',#423,1.6);
#423 = AXIS2_PLACEMENT_3D('',#424,#425,#426);
#424 = CARTESIAN_POINT('',(-10.,-10.,1.6));
#425 = DIRECTION('',(0.,0.,1.));
#426 = DIRECTION('',(1.,0.,-0.));
#427 = PCURVE('',#122,#428);
#428 = DEFINITIONAL_REPRESENTATION('',(#429),#433);
#429 = CIRCLE('',#430,1.6);
#430 = AXIS2_PLACEMENT_2D('',#431,#432);
#431 = CARTESIAN_POINT('',(5.,5.5));
#432 = DIRECTION('',(1.,0.));
#433 = ( GEOMETRIC_REPRESENTATION_CONTEXT(2) 
PARAMETRIC_REPRESENTATION_CONTEXT() REPRESENTATION_CONTEXT('2D SPACE',''
  ) );
#434 = PCURVE('',#435,#440);
#435 = CYLINDRICAL_SURFACE('',#436,1.6);
#436 = AXIS2_PLACEMENT_3D('',#437,#438,#439);
#437 = CARTESIAN_POINT('',(-10.,-10.,0.));
#438 = DIRECTION('',(0.,0.,1.));
#439 = DIRECTION('',(1.,0.,-0.));
#440 = DEFINITIONAL_REPRESENTATION('',(#441),#445);
#441 = LINE('',#442,#443);
#442 = CARTESIAN_POINT('',(0.,1.6));
#443 = VECTOR('',#444,1.);
#444 = DIRECTION('',(1.,0.));
#445 = ( GEOMETRIC_REPRESENTATION_CONTEXT(2) 
PARAMETRIC_REPRESENTATION_CONTEXT() REPRESENTATION_CONTEXT('2D SPACE',''
  ) );
#446 = FACE_BOUND('',#447,.T.);
#447 = EDGE_LOOP('',(#448));
#448 = ORIENTED_EDGE('',*,*,#449,.F.);
#449 = EDGE_CURVE('',#450,#450,#452,.T.);
#450 = VERTEX_POINT('',#451);
#451 = CARTESIAN_POINT('',(11.6,-10.,1.6));
#452 = SURFACE_CURVE('',#453,(#458,#465),.PCURVE_S1.);
#453 = CIRCLE('',#454,1.6);
#454 = AXIS2_PLACEMENT_3D('',#455,#456,#457);
#455 = CARTESIAN_POINT('',(10.,-10.,1.6));
#456 = DIRECTION('',(0.,0.,1.));
#457 = DIRECTION('',(1.,0.,-0.));
#458 = PCURVE('',#122,#459);
#459 = DEFINITIONAL_REPRESENTATION('',(#460),#464);
#460 = CIRCLE('',#461,1.6);
#461 = AXIS2_PLACEMENT_2D('',#462,#463);
#462 = CARTESIAN_POINT('',(25.,5.5));
#463 = DIRECTION('',(1.,0.));
#464 = ( GEOMETRIC_REPRESENTATION_CONTEXT(2) 
PARAMETRIC_REPRESENTATION_CONTEXT() REPRESENTATION_CONTEXT('2D SPACE',''
  ) );
#465 = PCURVE('',#466,#471);
#466 = CYLINDRICAL_SURFACE('',#467,1.6);
#467 = AXIS2_PLACEMENT_3D('',#468,#469,#470);
#468 = CARTESIAN_POINT('',(10.,-10.,0.));
#469 = DIRECTION('',(0.,0.,1.));
#470 = DIRECTION('',(1.,0.,-0.));
#471 = DEFINITIONAL_REPRESENTATION('',(#472),#476);
#472 = LINE('',#473,#474);
#473 = CARTESIAN_POINT('',(0.,1.6));
#474 = VECTOR('',#475,1.);
#475 = DIRECTION('',(1.,0.));
#476 = ( GEOMETRIC_REPRESENTATION_CONTEXT(2) 
PARAMETRIC_REPRESENTATION_CONTEXT() REPRESENTATION_CONTEXT('2D SPACE',''
  ) );
#477 = FACE_BOUND('',#478,.T.);
#478 = EDGE_LOOP('',(#479));
#479 = ORIENTED_EDGE('',*,*,#480,.F.);
#480 = EDGE_CURVE('',#481,#481,#483,.T.);
#481 = VERTEX_POINT('',#482);
#482 = CARTESIAN_POINT('',(-8.4,10.,1.6));
#483 = SURFACE_CURVE('',#484,(#489,#496),.PCURVE_S1.);
#484 = CIRCLE('',#485,1.6);
#485 = AXIS2_PLACEMENT_3D('',#486,#487,#488);
#486 = CARTESIAN_POINT('',(-10.,10.,1.6));
#487 = DIRECTION('',(0.,0.,1.));
#488 = DIRECTION('',(1.,0.,-0.));
#489 = PCURVE('',#122,#490);
#490 = DEFINITIONAL_REPRESENTATION('',(#491),#495);
#491 = CIRCLE('',#492,1.6);
#492 = AXIS2_PLACEMENT_2D('',#493,#494);
#493 = CARTESIAN_POINT('',(5.,25.5));
#494 = DIRECTION('',(1.,0.));
#495 = ( GEOMETRIC_REPRESENTATION_CONTEXT(2) 
PARAMETRIC_REPRESENTATION_CONTEXT() REPRESENTATION_CONTEXT('2D SPACE',''
  ) );
#496 = PCURVE('',#497,#502);
#497 = CYLINDRICAL_SURFACE('',#498,1.6);
#498 = AXIS2_PLACEMENT_3D('',#499,#500,#501);
#499 = CARTESIAN_POINT('',(-10.,10.,0.));
#500 = DIRECTION('',(0.,0.,1.));
#501 = DIRECTION('',(1.,0.,-0.));
#502 = DEFINITIONAL_REPRESENTATION('',(#503),#507);
#503 = LINE('',#504,#505);
#504 = CARTESIAN_POINT('',(0.,1.6));
#505 = VECTOR('',#506,1.);
#506 = DIRECTION('',(1.,0.));
#507 = ( GEOMETRIC_REPRESENTATION_CONTEXT(2) 
PARAMETRIC_REPRESENTATION_CONTEXT() REPRESENTATION_CONTEXT('2D SPACE',''
  ) );
#508 = FACE_BOUND('',#509,.T.);
#509 = EDGE_LOOP('',(#510));
#510 = ORIENTED_EDGE('',*,*,#511,.F.);
#511 = EDGE_CURVE('',#512,#512,#514,.T.);
#512 = VERTEX_POINT('',#513);
#513 = CARTESIAN_POINT('',(11.6,10.,1.6));
#514 = SURFACE_CURVE('',#515,(#520,#527),.PCURVE_S1.);
#515 = CIRCLE('',#516,1.6);
#516 = AXIS2_PLACEMENT_3D('',#517,#518,#519);
#517 = CARTESIAN_POINT('',(10.,10.,1.6));
#518 = DIRECTION('',(0.,0.,1.));
#519 = DIRECTION('',(1.,0.,-0.));
#520 = PCURVE('',#122,#521);
#521 = DEFINITIONAL_REPRESENTATION('',(#522),#526);
#522 = CIRCLE('',#523,1.6);
#523 = AXIS2_PLACEMENT_2D('',#524,#525);
#524 = CARTESIAN_POINT('',(25.,25.5));
#525 = DIRECTION('',(1.,0.));
#526 = ( GEOMETRIC_REPRESENTATION_CONTEXT(2) 
PARAMETRIC_REPRESENTATION_CONTEXT() REPRESENTATION_CONTEXT('2D SPACE',''
  ) );
#527 = PCURVE('',#528,#533);
#528 = CYLINDRICAL_SURFACE('',#529,1.6);
#529 = AXIS2_PLACEMENT_3D('',#530,#531,#532);
#530 = CARTESIAN_POINT('',(10.,10.,0.));
#531 = DIRECTION('',(0.,0.,1.));
#532 = DIRECTION('',(1.,0.,-0.));
#533 = DEFINITIONAL_REPRESENTATION('',(#534),#538);
#534 = LINE('',#535,#536);
#535 = CARTESIAN_POINT('',(0.,1.6));
#536 = VECTOR('',#537,1.);
#537 = DIRECTION('',(1.,0.));
#538 = ( GEOMETRIC_REPRESENTATION_CONTEXT(2) 
PARAMETRIC_REPRESENTATION_CONTEXT() REPRESENTATION_CONTEXT('2D SPACE',''
  ) );
#539 = ADVANCED_FACE('',(#540),#150,.T.);
#540 = FACE_BOUND('',#541,.T.);
#541 = EDGE_LOOP('',(#542,#566,#587,#588));
#542 = ORIENTED_EDGE('',*,*,#543,.T.);
#543 = EDGE_CURVE('',#135,#544,#546,.T.);
#544 = VERTEX_POINT('',#545);
#545 = CARTESIAN_POINT('',(-13.5,-15.5,0.));
#546 = SURFACE_CURVE('',#547,(#552,#559),.PCURVE_S1.);
#547 = CIRCLE('',#548,1.5);
#548 = AXIS2_PLACEMENT_3D('',#549,#550,#551);
#549 = CARTESIAN_POINT('',(-13.5,-14.,0.));
#550 = DIRECTION('',(0.,0.,1.));
#551 = DIRECTION('',(0.,-1.,0.));
#552 = PCURVE('',#150,#553);
#553 = DEFINITIONAL_REPRESENTATION('',(#554),#558);
#554 = LINE('',#555,#556);
#555 = CARTESIAN_POINT('',(-4.712388980385,0.));
#556 = VECTOR('',#557,1.);
#557 = DIRECTION('',(1.,0.));
#558 = ( GEOMETRIC_REPRESENTATION_CONTEXT(2) 
PARAMETRIC_REPRESENTATION_CONTEXT() REPRESENTATION_CONTEXT('2D SPACE',''
  ) );
#559 = PCURVE('',#178,#560);
#560 = DEFINITIONAL_REPRESENTATION('',(#561),#565);
#561 = CIRCLE('',#562,1.5);
#562 = AXIS2_PLACEMENT_2D('',#563,#564);
#563 = CARTESIAN_POINT('',(1.5,1.5));
#564 = DIRECTION('',(0.,-1.));
#565 = ( GEOMETRIC_REPRESENTATION_CONTEXT(2) 
PARAMETRIC_REPRESENTATION_CONTEXT() REPRESENTATION_CONTEXT('2D SPACE',''
  ) );
#566 = ORIENTED_EDGE('',*,*,#567,.T.);
#567 = EDGE_CURVE('',#544,#221,#568,.T.);
#568 = SURFACE_CURVE('',#569,(#573,#580),.PCURVE_S1.);
#569 = LINE('',#570,#571);
#570 = CARTESIAN_POINT('',(-13.5,-15.5,0.));
#571 = VECTOR('',#572,1.);
#572 = DIRECTION('',(0.,0.,1.));
#573 = PCURVE('',#150,#574);
#574 = DEFINITIONAL_REPRESENTATION('',(#575),#579);
#575 = LINE('',#576,#577);
#576 = CARTESIAN_POINT('',(1.570796326795,0.));
#577 = VECTOR('',#578,1.);
#578 = DIRECTION('',(0.,1.));
#579 = ( GEOMETRIC_REPRESENTATION_CONTEXT(2) 
PARAMETRIC_REPRESENTATION_CONTEXT() REPRESENTATION_CONTEXT('2D SPACE',''
  ) );
#580 = PCURVE('',#260,#581);
#581 = DEFINITIONAL_REPRESENTATION('',(#582),#586);
#582 = LINE('',#583,#584);
#583 = CARTESIAN_POINT('',(0.,1.5));
#584 = VECTOR('',#585,1.);
#585 = DIRECTION('',(1.,0.));
#586 = ( GEOMETRIC_REPRESENTATION_CONTEXT(2) 
PARAMETRIC_REPRESENTATION_CONTEXT() REPRESENTATION_CONTEXT('2D SPACE',''
  ) );
#587 = ORIENTED_EDGE('',*,*,#220,.F.);
#588 = ORIENTED_EDGE('',*,*,#134,.F.);
#589 = ADVANCED_FACE('',(#590),#204,.T.);
#590 = FACE_BOUND('',#591,.F.);
#591 = EDGE_LOOP('',(#592,#620,#641,#642));
#592 = ORIENTED_EDGE('',*,*,#593,.T.);
#593 = EDGE_CURVE('',#163,#594,#596,.T.);
#594 = VERTEX_POINT('',#595);
#595 = CARTESIAN_POINT('',(-13.5,15.5,0.));
#596 = SURFACE_CURVE('',#597,(#602,#609),.PCURVE_S1.);
#597 = CIRCLE('',#598,1.5);
#598 = AXIS2_PLACEMENT_3D('',#599,#600,#601);
#599 = CARTESIAN_POINT('',(-13.5,14.,0.));
#600 = DIRECTION('',(-0.,-0.,-1.));
#601 = DIRECTION('',(0.,-1.,0.));
#602 = PCURVE('',#204,#603);
#603 = DEFINITIONAL_REPRESENTATION('',(#604),#608);
#604 = LINE('',#605,#606);
#605 = CARTESIAN_POINT('',(1.570796326795,-0.));
#606 = VECTOR('',#607,1.);
#607 = DIRECTION('',(-1.,0.));
#608 = ( GEOMETRIC_REPRESENTATION_CONTEXT(2) 
PARAMETRIC_REPRESENTATION_CONTEXT() REPRESENTATION_CONTEXT('2D SPACE',''
  ) );
#609 = PCURVE('',#178,#610);
#610 = DEFINITIONAL_REPRESENTATION('',(#611),#619);
#611 = ( BOUNDED_CURVE() B_SPLINE_CURVE(2,(#612,#613,#614,#615,#616,#617
,#618),.UNSPECIFIED.,.T.,.F.) B_SPLINE_CURVE_WITH_KNOTS((1,2,2,2,2,1),(
    -2.094395102393,0.,2.094395102393,4.188790204786,6.28318530718,
8.377580409573),.UNSPECIFIED.) CURVE() GEOMETRIC_REPRESENTATION_ITEM() 
RATIONAL_B_SPLINE_CURVE((1.,0.5,1.,0.5,1.,0.5,1.)) REPRESENTATION_ITEM(
  '') );
#612 = CARTESIAN_POINT('',(1.5,28.));
#613 = CARTESIAN_POINT('',(-1.098076211353,28.));
#614 = CARTESIAN_POINT('',(0.200961894323,30.25));
#615 = CARTESIAN_POINT('',(1.5,32.5));
#616 = CARTESIAN_POINT('',(2.799038105677,30.25));
#617 = CARTESIAN_POINT('',(4.098076211353,28.));
#618 = CARTESIAN_POINT('',(1.5,28.));
#619 = ( GEOMETRIC_REPRESENTATION_CONTEXT(2) 
PARAMETRIC_REPRESENTATION_CONTEXT() REPRESENTATION_CONTEXT('2D SPACE',''
  ) );
#620 = ORIENTED_EDGE('',*,*,#621,.T.);
#621 = EDGE_CURVE('',#594,#363,#622,.T.);
#622 = SURFACE_CURVE('',#623,(#627,#634),.PCURVE_S1.);
#623 = LINE('',#624,#625);
#624 = CARTESIAN_POINT('',(-13.5,15.5,0.));
#625 = VECTOR('',#626,1.);
#626 = DIRECTION('',(0.,0.,1.));
#627 = PCURVE('',#204,#628);
#628 = DEFINITIONAL_REPRESENTATION('',(#629),#633);
#629 = LINE('',#630,#631);
#630 = CARTESIAN_POINT('',(-1.570796326795,0.));
#631 = VECTOR('',#632,1.);
#632 = DIRECTION('',(-0.,1.));
#633 = ( GEOMETRIC_REPRESENTATION_CONTEXT(2) 
PARAMETRIC_REPRESENTATION_CONTEXT() REPRESENTATION_CONTEXT('2D SPACE',''
  ) );
#634 = PCURVE('',#378,#635);
#635 = DEFINITIONAL_REPRESENTATION('',(#636),#640);
#636 = LINE('',#637,#638);
#637 = CARTESIAN_POINT('',(0.,1.5));
#638 = VECTOR('',#639,1.);
#639 = DIRECTION('',(1.,0.));
#640 = ( GEOMETRIC_REPRESENTATION_CONTEXT(2) 
PARAMETRIC_REPRESENTATION_CONTEXT() REPRESENTATION_CONTEXT('2D SPACE',''
  ) );
#641 = ORIENTED_EDGE('',*,*,#390,.F.);
#642 = ORIENTED_EDGE('',*,*,#190,.F.);
#643 = ADVANCED_FACE('',(#644,#768,#794,#820,#846),#178,.F.);
#644 = FACE_BOUND('',#645,.F.);
#645 = EDGE_LOOP('',(#646,#647,#648,#671,#699,#722,#746,#767));
#646 = ORIENTED_EDGE('',*,*,#162,.F.);
#647 = ORIENTED_EDGE('',*,*,#543,.T.);
#648 = ORIENTED_EDGE('',*,*,#649,.T.);
#649 = EDGE_CURVE('',#544,#650,#652,.T.);
#650 = VERTEX_POINT('',#651);
#651 = CARTESIAN_POINT('',(13.5,-15.5,0.));
#652 = SURFACE_CURVE('',#653,(#657,#664),.PCURVE_S1.);
#653 = LINE('',#654,#655);
#654 = CARTESIAN_POINT('',(-15.,-15.5,0.));
#655 = VECTOR('',#656,1.);
#656 = DIRECTION('',(1.,0.,-0.));
#657 = PCURVE('',#178,#658);
#658 = DEFINITIONAL_REPRESENTATION('',(#659),#663);
#659 = LINE('',#660,#661);
#660 = CARTESIAN_POINT('',(0.,0.));
#661 = VECTOR('',#662,1.);
#662 = DIRECTION('',(1.,0.));
#663 = ( GEOMETRIC_REPRESENTATION_CONTEXT(2) 
PARAMETRIC_REPRESENTATION_CONTEXT() REPRESENTATION_CONTEXT('2D SPACE',''
  ) );
#664 = PCURVE('',#260,#665);
#665 = DEFINITIONAL_REPRESENTATION('',(#666),#670);
#666 = LINE('',#667,#668);
#667 = CARTESIAN_POINT('',(0.,0.));
#668 = VECTOR('',#669,1.);
#669 = DIRECTION('',(0.,1.));
#670 = ( GEOMETRIC_REPRESENTATION_CONTEXT(2) 
PARAMETRIC_REPRESENTATION_CONTEXT() REPRESENTATION_CONTEXT('2D SPACE',''
  ) );
#671 = ORIENTED_EDGE('',*,*,#672,.F.);
#672 = EDGE_CURVE('',#673,#650,#675,.T.);
#673 = VERTEX_POINT('',#674);
#674 = CARTESIAN_POINT('',(15.,-14.,0.));
#675 = SURFACE_CURVE('',#676,(#681,#692),.PCURVE_S1.);
#676 = CIRCLE('',#677,1.5);
#677 = AXIS2_PLACEMENT_3D('',#678,#679,#680);
#678 = CARTESIAN_POINT('',(13.5,-14.,0.));
#679 = DIRECTION('',(-0.,-0.,-1.));
#680 = DIRECTION('',(0.,-1.,0.));
#681 = PCURVE('',#178,#682);
#682 = DEFINITIONAL_REPRESENTATION('',(#683),#691);
#683 = ( BOUNDED_CURVE() B_SPLINE_CURVE(2,(#684,#685,#686,#687,#688,#689
,#690),.UNSPECIFIED.,.T.,.F.) B_SPLINE_CURVE_WITH_KNOTS((1,2,2,2,2,1),(
    -2.094395102393,0.,2.094395102393,4.188790204786,6.28318530718,
8.377580409573),.UNSPECIFIED.) CURVE() GEOMETRIC_REPRESENTATION_ITEM() 
RATIONAL_B_SPLINE_CURVE((1.,0.5,1.,0.5,1.,0.5,1.)) REPRESENTATION_ITEM(
  '') );
#684 = CARTESIAN_POINT('',(28.5,0.));
#685 = CARTESIAN_POINT('',(25.901923788647,0.));
#686 = CARTESIAN_POINT('',(27.200961894323,2.25));
#687 = CARTESIAN_POINT('',(28.5,4.5));
#688 = CARTESIAN_POINT('',(29.799038105677,2.25));
#689 = CARTESIAN_POINT('',(31.098076211353,2.22044604925E-15));
#690 = CARTESIAN_POINT('',(28.5,0.));
#691 = ( GEOMETRIC_REPRESENTATION_CONTEXT(2) 
PARAMETRIC_REPRESENTATION_CONTEXT() REPRESENTATION_CONTEXT('2D SPACE',''
  ) );
#692 = PCURVE('',#293,#693);
#693 = DEFINITIONAL_REPRESENTATION('',(#694),#698);
#694 = LINE('',#695,#696);
#695 = CARTESIAN_POINT('',(4.712388980385,-0.));
#696 = VECTOR('',#697,1.);
#697 = DIRECTION('',(-1.,0.));
#698 = ( GEOMETRIC_REPRESENTATION_CONTEXT(2) 
PARAMETRIC_REPRESENTATION_CONTEXT() REPRESENTATION_CONTEXT('2D SPACE',''
  ) );
#699 = ORIENTED_EDGE('',*,*,#700,.T.);
#700 = EDGE_CURVE('',#673,#701,#703,.T.);
#701 = VERTEX_POINT('',#702);
#702 = CARTESIAN_POINT('',(15.,14.,0.));
#703 = SURFACE_CURVE('',#704,(#708,#715),.PCURVE_S1.);
#704 = LINE('',#705,#706);
#705 = CARTESIAN_POINT('',(15.,-15.5,0.));
#706 = VECTOR('',#707,1.);
#707 = DIRECTION('',(-0.,1.,0.));
#708 = PCURVE('',#178,#709);
#709 = DEFINITIONAL_REPRESENTATION('',(#710),#714);
#710 = LINE('',#711,#712);
#711 = CARTESIAN_POINT('',(30.,0.));
#712 = VECTOR('',#713,1.);
#713 = DIRECTION('',(0.,1.));
#714 = ( GEOMETRIC_REPRESENTATION_CONTEXT(2) 
PARAMETRIC_REPRESENTATION_CONTEXT() REPRESENTATION_CONTEXT('2D SPACE',''
  ) );
#715 = PCURVE('',#321,#716);
#716 = DEFINITIONAL_REPRESENTATION('',(#717),#721);
#717 = LINE('',#718,#719);
#718 = CARTESIAN_POINT('',(0.,0.));
#719 = VECTOR('',#720,1.);
#720 = DIRECTION('',(0.,-1.));
#721 = ( GEOMETRIC_REPRESENTATION_CONTEXT(2) 
PARAMETRIC_REPRESENTATION_CONTEXT() REPRESENTATION_CONTEXT('2D SPACE',''
  ) );
#722 = ORIENTED_EDGE('',*,*,#723,.T.);
#723 = EDGE_CURVE('',#701,#724,#726,.T.);
#724 = VERTEX_POINT('',#725);
#725 = CARTESIAN_POINT('',(13.5,15.5,0.));
#726 = SURFACE_CURVE('',#727,(#732,#739),.PCURVE_S1.);
#727 = CIRCLE('',#728,1.5);
#728 = AXIS2_PLACEMENT_3D('',#729,#730,#731);
#729 = CARTESIAN_POINT('',(13.5,14.,0.));
#730 = DIRECTION('',(0.,0.,1.));
#731 = DIRECTION('',(0.,-1.,0.));
#732 = PCURVE('',#178,#733);
#733 = DEFINITIONAL_REPRESENTATION('',(#734),#738);
#734 = CIRCLE('',#735,1.5);
#735 = AXIS2_PLACEMENT_2D('',#736,#737);
#736 = CARTESIAN_POINT('',(28.5,29.5));
#737 = DIRECTION('',(0.,-1.));
#738 = ( GEOMETRIC_REPRESENTATION_CONTEXT(2) 
PARAMETRIC_REPRESENTATION_CONTEXT() REPRESENTATION_CONTEXT('2D SPACE',''
  ) );
#739 = PCURVE('',#350,#740);
#740 = DEFINITIONAL_REPRESENTATION('',(#741),#745);
#741 = LINE('',#742,#743);
#742 = CARTESIAN_POINT('',(-1.570796326795,0.));
#743 = VECTOR('',#744,1.);
#744 = DIRECTION('',(1.,0.));
#745 = ( GEOMETRIC_REPRESENTATION_CONTEXT(2) 
PARAMETRIC_REPRESENTATION_CONTEXT() REPRESENTATION_CONTEXT('2D SPACE',''
  ) );
#746 = ORIENTED_EDGE('',*,*,#747,.F.);
#747 = EDGE_CURVE('',#594,#724,#748,.T.);
#748 = SURFACE_CURVE('',#749,(#753,#760),.PCURVE_S1.);
#749 = LINE('',#750,#751);
#750 = CARTESIAN_POINT('',(-15.,15.5,0.));
#751 = VECTOR('',#752,1.);
#752 = DIRECTION('',(1.,0.,-0.));
#753 = PCURVE('',#178,#754);
#754 = DEFINITIONAL_REPRESENTATION('',(#755),#759);
#755 = LINE('',#756,#757);
#756 = CARTESIAN_POINT('',(0.,31.));
#757 = VECTOR('',#758,1.);
#758 = DIRECTION('',(1.,0.));
#759 = ( GEOMETRIC_REPRESENTATION_CONTEXT(2) 
PARAMETRIC_REPRESENTATION_CONTEXT() REPRESENTATION_CONTEXT('2D SPACE',''
  ) );
#760 = PCURVE('',#378,#761);
#761 = DEFINITIONAL_REPRESENTATION('',(#762),#766);
#762 = LINE('',#763,#764);
#763 = CARTESIAN_POINT('',(0.,0.));
#764 = VECTOR('',#765,1.);
#765 = DIRECTION('',(0.,1.));
#766 = ( GEOMETRIC_REPRESENTATION_CONTEXT(2) 
PARAMETRIC_REPRESENTATION_CONTEXT() REPRESENTATION_CONTEXT('2D SPACE',''
  ) );
#767 = ORIENTED_EDGE('',*,*,#593,.F.);
#768 = FACE_BOUND('',#769,.F.);
#769 = EDGE_LOOP('',(#770));
#770 = ORIENTED_EDGE('',*,*,#771,.F.);
#771 = EDGE_CURVE('',#772,#772,#774,.T.);
#772 = VERTEX_POINT('',#773);
#773 = CARTESIAN_POINT('',(-8.4,-10.,0.));
#774 = SURFACE_CURVE('',#775,(#780,#787),.PCURVE_S1.);
#775 = CIRCLE('',#776,1.6);
#776 = AXIS2_PLACEMENT_3D('',#777,#778,#779);
#777 = CARTESIAN_POINT('',(-10.,-10.,0.));
#778 = DIRECTION('',(0.,0.,1.));
#779 = DIRECTION('',(1.,0.,-0.));
#780 = PCURVE('',#178,#781);
#781 = DEFINITIONAL_REPRESENTATION('',(#782),#786);
#782 = CIRCLE('',#783,1.6);
#783 = AXIS2_PLACEMENT_2D('',#784,#785);
#784 = CARTESIAN_POINT('',(5.,5.5));
#785 = DIRECTION('',(1.,0.));
#786 = ( GEOMETRIC_REPRESENTATION_CONTEXT(2) 
PARAMETRIC_REPRESENTATION_CONTEXT() REPRESENTATION_CONTEXT('2D SPACE',''
  ) );
#787 = PCURVE('',#435,#788);
#788 = DEFINITIONAL_REPRESENTATION('',(#789),#793);
#789 = LINE('',#790,#791);
#790 = CARTESIAN_POINT('',(0.,0.));
#791 = VECTOR('',#792,1.);
#792 = DIRECTION('',(1.,0.));
#793 = ( GEOMETRIC_REPRESENTATION_CONTEXT(2) 
PARAMETRIC_REPRESENTATION_CONTEXT() REPRESENTATION_CONTEXT('2D SPACE',''
  ) );
#794 = FACE_BOUND('',#795,.F.);
#795 = EDGE_LOOP('',(#796));
#796 = ORIENTED_EDGE('',*,*,#797,.F.);
#797 = EDGE_CURVE('',#798,#798,#800,.T.);
#798 = VERTEX_POINT('',#799);
#799 = CARTESIAN_POINT('',(11.6,-10.,0.));
#800 = SURFACE_CURVE('',#801,(#806,#813),.PCURVE_S1.);
#801 = CIRCLE('',#802,1.6);
#802 = AXIS2_PLACEMENT_3D('',#803,#804,#805);
#803 = CARTESIAN_POINT('',(10.,-10.,0.));
#804 = DIRECTION('',(0.,0.,1.));
#805 = DIRECTION('',(1.,0.,-0.));
#806 = PCURVE('',#178,#807);
#807 = DEFINITIONAL_REPRESENTATION('',(#808),#812);
#808 = CIRCLE('',#809,1.6);
#809 = AXIS2_PLACEMENT_2D('',#810,#811);
#810 = CARTESIAN_POINT('',(25.,5.5));
#811 = DIRECTION('',(1.,0.));
#812 = ( GEOMETRIC_REPRESENTATION_CONTEXT(2) 
PARAMETRIC_REPRESENTATION_CONTEXT() REPRESENTATION_CONTEXT('2D SPACE',''
  ) );
#813 = PCURVE('',#466,#814);
#814 = DEFINITIONAL_REPRESENTATION('',(#815),#819);
#815 = LINE('',#816,#817);
#816 = CARTESIAN_POINT('',(0.,0.));
#817 = VECTOR('',#818,1.);
#818 = DIRECTION('',(1.,0.));
#819 = ( GEOMETRIC_REPRESENTATION_CONTEXT(2) 
PARAMETRIC_REPRESENTATION_CONTEXT() REPRESENTATION_CONTEXT('2D SPACE',''
  ) );
#820 = FACE_BOUND('',#821,.F.);
#821 = EDGE_LOOP('',(#822));
#822 = ORIENTED_EDGE('',*,*,#823,.F.);
#823 = EDGE_CURVE('',#824,#824,#826,.T.);
#824 = VERTEX_POINT('',#825);
#825 = CARTESIAN_POINT('',(-8.4,10.,0.));
#826 = SURFACE_CURVE('',#827,(#832,#839),.PCURVE_S1.);
#827 = CIRCLE('',#828,1.6);
#828 = AXIS2_PLACEMENT_3D('',#829,#830,#831);
#829 = CARTESIAN_POINT('',(-10.,10.,0.));
#830 = DIRECTION('',(0.,0.,1.));
#831 = DIRECTION('',(1.,0.,-0.));
#832 = PCURVE('',#178,#833);
#833 = DEFINITIONAL_REPRESENTATION('',(#834),#838);
#834 = CIRCLE('',#835,1.6);
#835 = AXIS2_PLACEMENT_2D('',#836,#837);
#836 = CARTESIAN_POINT('',(5.,25.5));
#837 = DIRECTION('',(1.,0.));
#838 = ( GEOMETRIC_REPRESENTATION_CONTEXT(2) 
PARAMETRIC_REPRESENTATION_CONTEXT() REPRESENTATION_CONTEXT('2D SPACE',''
  ) );
#839 = PCURVE('',#497,#840);
#840 = DEFINITIONAL_REPRESENTATION('',(#841),#845);
#841 = LINE('',#842,#843);
#842 = CARTESIAN_POINT('',(0.,0.));
#843 = VECTOR('',#844,1.);
#844 = DIRECTION('',(1.,0.));
#845 = ( GEOMETRIC_REPRESENTATION_CONTEXT(2) 
PARAMETRIC_REPRESENTATION_CONTEXT() REPRESENTATION_CONTEXT('2D SPACE',''
  ) );
#846 = FACE_BOUND('',#847,.F.);
#847 = EDGE_LOOP('',(#848));
#848 = ORIENTED_EDGE('',*,*,#849,.F.);
#849 = EDGE_CURVE('',#850,#850,#852,.T.);
#850 = VERTEX_POINT('',#851);
#851 = CARTESIAN_POINT('',(11.6,10.,0.));
#852 = SURFACE_CURVE('',#853,(#858,#865),.PCURVE_S1.);
#853 = CIRCLE('',#854,1.6);
#854 = AXIS2_PLACEMENT_3D('',#855,#856,#857);
#855 = CARTESIAN_POINT('',(10.,10.,0.));
#856 = DIRECTION('',(0.,0.,1.));
#857 = DIRECTION('',(1.,0.,-0.));
#858 = PCURVE('',#178,#859);
#859 = DEFINITIONAL_REPRESENTATION('',(#860),#864);
#860 = CIRCLE('',#861,1.6);
#861 = AXIS2_PLACEMENT_2D('',#862,#863);
#862 = CARTESIAN_POINT('',(25.,25.5));
#863 = DIRECTION('',(1.,0.));
#864 = ( GEOMETRIC_REPRESENTATION_CONTEXT(2) 
PARAMETRIC_REPRESENTATION_CONTEXT() REPRESENTATION_CONTEXT('2D SPACE',''
  ) );
#865 = PCURVE('',#528,#866);
#866 = DEFINITIONAL_REPRESENTATION('',(#867),#871);
#867 = LINE('',#868,#869);
#868 = CARTESIAN_POINT('',(0.,0.));
#869 = VECTOR('',#870,1.);
#870 = DIRECTION('',(1.,0.));
#871 = ( GEOMETRIC_REPRESENTATION_CONTEXT(2) 
PARAMETRIC_REPRESENTATION_CONTEXT() REPRESENTATION_CONTEXT('2D SPACE',''
  ) );
#872 = ADVANCED_FACE('',(#873),#260,.F.);
#873 = FACE_BOUND('',#874,.F.);
#874 = EDGE_LOOP('',(#875,#876,#877,#878));
#875 = ORIENTED_EDGE('',*,*,#649,.F.);
#876 = ORIENTED_EDGE('',*,*,#567,.T.);
#877 = ORIENTED_EDGE('',*,*,#244,.T.);
#878 = ORIENTED_EDGE('',*,*,#879,.F.);
#879 = EDGE_CURVE('',#650,#245,#880,.T.);
#880 = SURFACE_CURVE('',#881,(#885,#892),.PCURVE_S1.);
#881 = LINE('',#882,#883);
#882 = CARTESIAN_POINT('',(13.5,-15.5,0.));
#883 = VECTOR('',#884,1.);
#884 = DIRECTION('',(0.,0.,1.));
#885 = PCURVE('',#260,#886);
#886 = DEFINITIONAL_REPRESENTATION('',(#887),#891);
#887 = LINE('',#888,#889);
#888 = CARTESIAN_POINT('',(0.,28.5));
#889 = VECTOR('',#890,1.);
#890 = DIRECTION('',(1.,0.));
#891 = ( GEOMETRIC_REPRESENTATION_CONTEXT(2) 
PARAMETRIC_REPRESENTATION_CONTEXT() REPRESENTATION_CONTEXT('2D SPACE',''
  ) );
#892 = PCURVE('',#293,#893);
#893 = DEFINITIONAL_REPRESENTATION('',(#894),#898);
#894 = LINE('',#895,#896);
#895 = CARTESIAN_POINT('',(-1.570796326795,0.));
#896 = VECTOR('',#897,1.);
#897 = DIRECTION('',(-0.,1.));
#898 = ( GEOMETRIC_REPRESENTATION_CONTEXT(2) 
PARAMETRIC_REPRESENTATION_CONTEXT() REPRESENTATION_CONTEXT('2D SPACE',''
  ) );
#899 = ADVANCED_FACE('',(#900),#378,.T.);
#900 = FACE_BOUND('',#901,.T.);
#901 = EDGE_LOOP('',(#902,#903,#904,#905));
#902 = ORIENTED_EDGE('',*,*,#747,.F.);
#903 = ORIENTED_EDGE('',*,*,#621,.T.);
#904 = ORIENTED_EDGE('',*,*,#362,.T.);
#905 = ORIENTED_EDGE('',*,*,#906,.F.);
#906 = EDGE_CURVE('',#724,#334,#907,.T.);
#907 = SURFACE_CURVE('',#908,(#912,#919),.PCURVE_S1.);
#908 = LINE('',#909,#910);
#909 = CARTESIAN_POINT('',(13.5,15.5,0.));
#910 = VECTOR('',#911,1.);
#911 = DIRECTION('',(0.,0.,1.));
#912 = PCURVE('',#378,#913);
#913 = DEFINITIONAL_REPRESENTATION('',(#914),#918);
#914 = LINE('',#915,#916);
#915 = CARTESIAN_POINT('',(0.,28.5));
#916 = VECTOR('',#917,1.);
#917 = DIRECTION('',(1.,0.));
#918 = ( GEOMETRIC_REPRESENTATION_CONTEXT(2) 
PARAMETRIC_REPRESENTATION_CONTEXT() REPRESENTATION_CONTEXT('2D SPACE',''
  ) );
#919 = PCURVE('',#350,#920);
#920 = DEFINITIONAL_REPRESENTATION('',(#921),#925);
#921 = LINE('',#922,#923);
#922 = CARTESIAN_POINT('',(1.570796326795,0.));
#923 = VECTOR('',#924,1.);
#924 = DIRECTION('',(0.,1.));
#925 = ( GEOMETRIC_REPRESENTATION_CONTEXT(2) 
PARAMETRIC_REPRESENTATION_CONTEXT() REPRESENTATION_CONTEXT('2D SPACE',''
  ) );
#926 = ADVANCED_FACE('',(#927),#293,.T.);
#927 = FACE_BOUND('',#928,.F.);
#928 = EDGE_LOOP('',(#929,#930,#931,#932));
#929 = ORIENTED_EDGE('',*,*,#672,.T.);
#930 = ORIENTED_EDGE('',*,*,#879,.T.);
#931 = ORIENTED_EDGE('',*,*,#272,.F.);
#932 = ORIENTED_EDGE('',*,*,#933,.F.);
#933 = EDGE_CURVE('',#673,#273,#934,.T.);
#934 = SURFACE_CURVE('',#935,(#939,#946),.PCURVE_S1.);
#935 = LINE('',#936,#937);
#936 = CARTESIAN_POINT('',(15.,-14.,0.));
#937 = VECTOR('',#938,1.);
#938 = DIRECTION('',(0.,0.,1.));
#939 = PCURVE('',#293,#940);
#940 = DEFINITIONAL_REPRESENTATION('',(#941),#945);
#941 = LINE('',#942,#943);
#942 = CARTESIAN_POINT('',(-0.,0.));
#943 = VECTOR('',#944,1.);
#944 = DIRECTION('',(-0.,1.));
#945 = ( GEOMETRIC_REPRESENTATION_CONTEXT(2) 
PARAMETRIC_REPRESENTATION_CONTEXT() REPRESENTATION_CONTEXT('2D SPACE',''
  ) );
#946 = PCURVE('',#321,#947);
#947 = DEFINITIONAL_REPRESENTATION('',(#948),#952);
#948 = LINE('',#949,#950);
#949 = CARTESIAN_POINT('',(0.,-1.5));
#950 = VECTOR('',#951,1.);
#951 = DIRECTION('',(1.,0.));
#952 = ( GEOMETRIC_REPRESENTATION_CONTEXT(2) 
PARAMETRIC_REPRESENTATION_CONTEXT() REPRESENTATION_CONTEXT('2D SPACE',''
  ) );
#953 = ADVANCED_FACE('',(#954),#350,.T.);
#954 = FACE_BOUND('',#955,.T.);
#955 = EDGE_LOOP('',(#956,#957,#958,#959));
#956 = ORIENTED_EDGE('',*,*,#723,.T.);
#957 = ORIENTED_EDGE('',*,*,#906,.T.);
#958 = ORIENTED_EDGE('',*,*,#333,.F.);
#959 = ORIENTED_EDGE('',*,*,#960,.F.);
#960 = EDGE_CURVE('',#701,#306,#961,.T.);
#961 = SURFACE_CURVE('',#962,(#966,#973),.PCURVE_S1.);
#962 = LINE('',#963,#964);
#963 = CARTESIAN_POINT('',(15.,14.,0.));
#964 = VECTOR('',#965,1.);
#965 = DIRECTION('',(0.,0.,1.));
#966 = PCURVE('',#350,#967);
#967 = DEFINITIONAL_REPRESENTATION('',(#968),#972);
#968 = LINE('',#969,#970);
#969 = CARTESIAN_POINT('',(0.,0.));
#970 = VECTOR('',#971,1.);
#971 = DIRECTION('',(0.,1.));
#972 = ( GEOMETRIC_REPRESENTATION_CONTEXT(2) 
PARAMETRIC_REPRESENTATION_CONTEXT() REPRESENTATION_CONTEXT('2D SPACE',''
  ) );
#973 = PCURVE('',#321,#974);
#974 = DEFINITIONAL_REPRESENTATION('',(#975),#979);
#975 = LINE('',#976,#977);
#976 = CARTESIAN_POINT('',(0.,-29.5));
#977 = VECTOR('',#978,1.);
#978 = DIRECTION('',(1.,0.));
#979 = ( GEOMETRIC_REPRESENTATION_CONTEXT(2) 
PARAMETRIC_REPRESENTATION_CONTEXT() REPRESENTATION_CONTEXT('2D SPACE',''
  ) );
#980 = ADVANCED_FACE('',(#981),#321,.T.);
#981 = FACE_BOUND('',#982,.T.);
#982 = EDGE_LOOP('',(#983,#984,#985,#986));
#983 = ORIENTED_EDGE('',*,*,#305,.F.);
#984 = ORIENTED_EDGE('',*,*,#933,.F.);
#985 = ORIENTED_EDGE('',*,*,#700,.T.);
#986 = ORIENTED_EDGE('',*,*,#960,.T.);
#987 = ADVANCED_FACE('',(#988),#435,.F.);
#988 = FACE_BOUND('',#989,.F.);
#989 = EDGE_LOOP('',(#990,#991,#1012,#1013));
#990 = ORIENTED_EDGE('',*,*,#418,.F.);
#991 = ORIENTED_EDGE('',*,*,#992,.F.);
#992 = EDGE_CURVE('',#772,#419,#993,.T.);
#993 = SEAM_CURVE('',#994,(#998,#1005),.PCURVE_S1.);
#994 = LINE('',#995,#996);
#995 = CARTESIAN_POINT('',(-8.4,-10.,0.));
#996 = VECTOR('',#997,1.);
#997 = DIRECTION('',(0.,0.,1.));
#998 = PCURVE('',#435,#999);
#999 = DEFINITIONAL_REPRESENTATION('',(#1000),#1004);
#1000 = LINE('',#1001,#1002);
#1001 = CARTESIAN_POINT('',(6.28318530718,-0.));
#1002 = VECTOR('',#1003,1.);
#1003 = DIRECTION('',(0.,1.));
#1004 = ( GEOMETRIC_REPRESENTATION_CONTEXT(2) 
PARAMETRIC_REPRESENTATION_CONTEXT() REPRESENTATION_CONTEXT('2D SPACE',''
  ) );
#1005 = PCURVE('',#435,#1006);
#1006 = DEFINITIONAL_REPRESENTATION('',(#1007),#1011);
#1007 = LINE('',#1008,#1009);
#1008 = CARTESIAN_POINT('',(0.,-0.));
#1009 = VECTOR('',#1010,1.);
#1010 = DIRECTION('',(0.,1.));
#1011 = ( GEOMETRIC_REPRESENTATION_CONTEXT(2) 
PARAMETRIC_REPRESENTATION_CONTEXT() REPRESENTATION_CONTEXT('2D SPACE',''
  ) );
#1012 = ORIENTED_EDGE('',*,*,#771,.T.);
#1013 = ORIENTED_EDGE('',*,*,#992,.T.);
#1014 = ADVANCED_FACE('',(#1015),#466,.F.);
#1015 = FACE_BOUND('',#1016,.F.);
#1016 = EDGE_LOOP('',(#1017,#1018,#1039,#1040));
#1017 = ORIENTED_EDGE('',*,*,#449,.F.);
#1018 = ORIENTED_EDGE('',*,*,#1019,.F.);
#1019 = EDGE_CURVE('',#798,#450,#1020,.T.);
#1020 = SEAM_CURVE('',#1021,(#1025,#1032),.PCURVE_S1.);
#1021 = LINE('',#1022,#1023);
#1022 = CARTESIAN_POINT('',(11.6,-10.,0.));
#1023 = VECTOR('',#1024,1.);
#1024 = DIRECTION('',(0.,0.,1.));
#1025 = PCURVE('',#466,#1026);
#1026 = DEFINITIONAL_REPRESENTATION('',(#1027),#1031);
#1027 = LINE('',#1028,#1029);
#1028 = CARTESIAN_POINT('',(6.28318530718,-0.));
#1029 = VECTOR('',#1030,1.);
#1030 = DIRECTION('',(0.,1.));
#1031 = ( GEOMETRIC_REPRESENTATION_CONTEXT(2) 
PARAMETRIC_REPRESENTATION_CONTEXT() REPRESENTATION_CONTEXT('2D SPACE',''
  ) );
#1032 = PCURVE('',#466,#1033);
#1033 = DEFINITIONAL_REPRESENTATION('',(#1034),#1038);
#1034 = LINE('',#1035,#1036);
#1035 = CARTESIAN_POINT('',(0.,-0.));
#1036 = VECTOR('',#1037,1.);
#1037 = DIRECTION('',(0.,1.));
#1038 = ( GEOMETRIC_REPRESENTATION_CONTEXT(2) 
PARAMETRIC_REPRESENTATION_CONTEXT() REPRESENTATION_CONTEXT('2D SPACE',''
  ) );
#1039 = ORIENTED_EDGE('',*,*,#797,.T.);
#1040 = ORIENTED_EDGE('',*,*,#1019,.T.);
#1041 = ADVANCED_FACE('',(#1042),#497,.F.);
#1042 = FACE_BOUND('',#1043,.F.);
#1043 = EDGE_LOOP('',(#1044,#1045,#1066,#1067));
#1044 = ORIENTED_EDGE('',*,*,#480,.F.);
#1045 = ORIENTED_EDGE('',*,*,#1046,.F.);
#1046 = EDGE_CURVE('',#824,#481,#1047,.T.);
#1047 = SEAM_CURVE('',#1048,(#1052,#1059),.PCURVE_S1.);
#1048 = LINE('',#1049,#1050);
#1049 = CARTESIAN_POINT('',(-8.4,10.,0.));
#1050 = VECTOR('',#1051,1.);
#1051 = DIRECTION('',(0.,0.,1.));
#1052 = PCURVE('',#497,#1053);
#1053 = DEFINITIONAL_REPRESENTATION('',(#1054),#1058);
#1054 = LINE('',#1055,#1056);
#1055 = CARTESIAN_POINT('',(6.28318530718,-0.));
#1056 = VECTOR('',#1057,1.);
#1057 = DIRECTION('',(0.,1.));
#1058 = ( GEOMETRIC_REPRESENTATION_CONTEXT(2) 
PARAMETRIC_REPRESENTATION_CONTEXT() REPRESENTATION_CONTEXT('2D SPACE',''
  ) );
#1059 = PCURVE('',#497,#1060);
#1060 = DEFINITIONAL_REPRESENTATION('',(#1061),#1065);
#1061 = LINE('',#1062,#1063);
#1062 = CARTESIAN_POINT('',(0.,-0.));
#1063 = VECTOR('',#1064,1.);
#1064 = DIRECTION('',(0.,1.));
#1065 = ( GEOMETRIC_REPRESENTATION_CONTEXT(2) 
PARAMETRIC_REPRESENTATION_CONTEXT() REPRESENTATION_CONTEXT('2D SPACE',''
  ) );
#1066 = ORIENTED_EDGE('',*,*,#823,.T.);
#1067 = ORIENTED_EDGE('',*,*,#1046,.T.);
#1068 = ADVANCED_FACE('',(#1069),#528,.F.);
#1069 = FACE_BOUND('',#1070,.F.);
#1070 = EDGE_LOOP('',(#1071,#1072,#1093,#1094));
#1071 = ORIENTED_EDGE('',*,*,#511,.F.);
#1072 = ORIENTED_EDGE('',*,*,#1073,.F.);
#1073 = EDGE_CURVE('',#850,#512,#1074,.T.);
#1074 = SEAM_CURVE('',#1075,(#1079,#1086),.PCURVE_S1.);
#1075 = LINE('',#1076,#1077);
#1076 = CARTESIAN_POINT('',(11.6,10.,0.));
#1077 = VECTOR('',#1078,1.);
#1078 = DIRECTION('',(0.,0.,1.));
#1079 = PCURVE('',#528,#1080);
#1080 = DEFINITIONAL_REPRESENTATION('',(#1081),#1085);
#1081 = LINE('',#1082,#1083);
#1082 = CARTESIAN_POINT('',(6.28318530718,-0.));
#1083 = VECTOR('',#1084,1.);
#1084 = DIRECTION('',(0.,1.));
#1085 = ( GEOMETRIC_REPRESENTATION_CONTEXT(2) 
PARAMETRIC_REPRESENTATION_CONTEXT() REPRESENTATION_CONTEXT('2D SPACE',''
  ) );
#1086 = PCURVE('',#528,#1087);
#1087 = DEFINITIONAL_REPRESENTATION('',(#1088),#1092);
#1088 = LINE('',#1089,#1090);
#1089 = CARTESIAN_POINT('',(0.,-0.));
#1090 = VECTOR('',#1091,1.);
#1091 = DIRECTION('',(0.,1.));
#1092 = ( GEOMETRIC_REPRESENTATION_CONTEXT(2) 
PARAMETRIC_REPRESENTATION_CONTEXT() REPRESENTATION_CONTEXT('2D SPACE',''
  ) );
#1093 = ORIENTED_EDGE('',*,*,#849,.T.);
#1094 = ORIENTED_EDGE('',*,*,#1073,.T.);
#1095 = ( GEOMETRIC_REPRESENTATION_CONTEXT(3) 
GLOBAL_UNCERTAINTY_ASSIGNED_CONTEXT((#1099)) 
GLOBAL_UNIT_ASSIGNED_CONTEXT((#1096,#1097,#1098)) REPRESENTATION_CONTEXT
('Context #1','3D Context with UNIT and UNCERTAINTY') );
#1096 = ( LENGTH_UNIT() NAMED_UNIT(*) SI_UNIT(.MILLI.,.METRE.) );
#1097 = ( NAMED_UNIT(*) PLANE_ANGLE_UNIT() SI_UNIT($,.RADIAN.) );
#1098 = ( NAMED_UNIT(*) SI_UNIT($,.STERADIAN.) SOLID_ANGLE_UNIT() );
#1099 = UNCERTAINTY_MEASURE_WITH_UNIT(LENGTH_MEASURE(1.E-07),#1096,
  'distance_accuracy_value','confusion accuracy');
#1100 = CONTEXT_DEPENDENT_SHAPE_REPRESENTATION(#1101,#1103);
#1101 = ( REPRESENTATION_RELATIONSHIP('','',#92,#10) 
REPRESENTATION_RELATIONSHIP_WITH_TRANSFORMATION(#1102) 
SHAPE_REPRESENTATION_RELATIONSHIP() );
#1102 = ITEM_DEFINED_TRANSFORMATION('','',#11,#15);
#1103 = PRODUCT_DEFINITION_SHAPE('Placement','Placement of an item',
  #1104);
#1104 = NEXT_ASSEMBLY_USAGE_OCCURRENCE('19','pcb','',#5,#87,$);
#1105 = PRODUCT_RELATED_PRODUCT_CATEGORY('part',$,(#89));
#1106 = SHAPE_DEFINITION_REPRESENTATION(#1107,#1113);
#1107 = PRODUCT_DEFINITION_SHAPE('','',#1108);
#1108 = PRODUCT_DEFINITION('design','',#1109,#1112);
#1109 = PRODUCT_DEFINITION_FORMATION('','',#1110);
#1110 = PRODUCT('components','components','',(#1111));
#1111 = PRODUCT_CONTEXT('',#2,'mechanical');
#1112 = PRODUCT_DEFINITION_CONTEXT('part definition',#2,'design');
#1113 = ADVANCED_BREP_SHAPE_REPRESENTATION('',(#11,#1114),#1444);
#1114 = MANIFOLD_SOLID_BREP('',#1115);
#1115 = CLOSED_SHELL('',(#1116,#1236,#1336,#1383,#1430,#1437));
#1116 = ADVANCED_FACE('',(#1117),#1131,.F.);
#1117 = FACE_BOUND('',#1118,.F.);
#1118 = EDGE_LOOP('',(#1119,#1154,#1182,#1210));
#1119 = ORIENTED_EDGE('',*,*,#1120,.F.);
#1120 = EDGE_CURVE('',#1121,#1123,#1125,.T.);
#1121 = VERTEX_POINT('',#1122);
#1122 = CARTESIAN_POINT('',(-7.4,-7.4,1.6));
#1123 = VERTEX_POINT('',#1124);
#1124 = CARTESIAN_POINT('',(-7.4,-7.4,6.));
#1125 = SURFACE_CURVE('',#1126,(#1130,#1142),.PCURVE_S1.);
#1126 = LINE('',#1127,#1128);
#1127 = CARTESIAN_POINT('',(-7.4,-7.4,1.6));
#1128 = VECTOR('',#1129,1.);
#1129 = DIRECTION('',(0.,0.,1.));
#1130 = PCURVE('',#1131,#1136);
#1131 = PLANE('',#1132);
#1132 = AXIS2_PLACEMENT_3D('',#1133,#1134,#1135);
#1133 = CARTESIAN_POINT('',(-7.4,-7.4,1.6));
#1134 = DIRECTION('',(1.,0.,-0.));
#1135 = DIRECTION('',(0.,0.,1.));
#1136 = DEFINITIONAL_REPRESENTATION('',(#1137),#1141);
#1137 = LINE('',#1138,#1139);
#1138 = CARTESIAN_POINT('',(0.,0.));
#1139 = VECTOR('',#1140,1.);
#1140 = DIRECTION('',(1.,0.));
#1141 = ( GEOMETRIC_REPRESENTATION_CONTEXT(2) 
PARAMETRIC_REPRESENTATION_CONTEXT() REPRESENTATION_CONTEXT('2D SPACE',''
  ) );
#1142 = PCURVE('',#1143,#1148);
#1143 = PLANE('',#1144);
#1144 = AXIS2_PLACEMENT_3D('',#1145,#1146,#1147);
#1145 = CARTESIAN_POINT('',(-7.4,-7.4,1.6));
#1146 = DIRECTION('',(-0.,1.,0.));
#1147 = DIRECTION('',(0.,0.,1.));
#1148 = DEFINITIONAL_REPRESENTATION('',(#1149),#1153);
#1149 = LINE('',#1150,#1151);
#1150 = CARTESIAN_POINT('',(0.,0.));
#1151 = VECTOR('',#1152,1.);
#1152 = DIRECTION('',(1.,0.));
#1153 = ( GEOMETRIC_REPRESENTATION_CONTEXT(2) 
PARAMETRIC_REPRESENTATION_CONTEXT() REPRESENTATION_CONTEXT('2D SPACE',''
  ) );
#1154 = ORIENTED_EDGE('',*,*,#1155,.T.);
#1155 = EDGE_CURVE('',#1121,#1156,#1158,.T.);
#1156 = VERTEX_POINT('',#1157);
#1157 = CARTESIAN_POINT('',(-7.4,7.4,1.6));
#1158 = SURFACE_CURVE('',#1159,(#1163,#1170),.PCURVE_S1.);
#1159 = LINE('',#1160,#1161);
#1160 = CARTESIAN_POINT('',(-7.4,-7.4,1.6));
#1161 = VECTOR('',#1162,1.);
#1162 = DIRECTION('',(-0.,1.,0.));
#1163 = PCURVE('',#1131,#1164);
#1164 = DEFINITIONAL_REPRESENTATION('',(#1165),#1169);
#1165 = LINE('',#1166,#1167);
#1166 = CARTESIAN_POINT('',(0.,0.));
#1167 = VECTOR('',#1168,1.);
#1168 = DIRECTION('',(0.,-1.));
#1169 = ( GEOMETRIC_REPRESENTATION_CONTEXT(2) 
PARAMETRIC_REPRESENTATION_CONTEXT() REPRESENTATION_CONTEXT('2D SPACE',''
  ) );
#1170 = PCURVE('',#1171,#1176);
#1171 = PLANE('',#1172);
#1172 = AXIS2_PLACEMENT_3D('',#1173,#1174,#1175);
#1173 = CARTESIAN_POINT('',(-7.4,-7.4,1.6));
#1174 = DIRECTION('',(0.,0.,1.));
#1175 = DIRECTION('',(1.,0.,-0.));
#1176 = DEFINITIONAL_REPRESENTATION('',(#1177),#1181);
#1177 = LINE('',#1178,#1179);
#1178 = CARTESIAN_POINT('',(0.,0.));
#1179 = VECTOR('',#1180,1.);
#1180 = DIRECTION('',(0.,1.));
#1181 = ( GEOMETRIC_REPRESENTATION_CONTEXT(2) 
PARAMETRIC_REPRESENTATION_CONTEXT() REPRESENTATION_CONTEXT('2D SPACE',''
  ) );
#1182 = ORIENTED_EDGE('',*,*,#1183,.T.);
#1183 = EDGE_CURVE('',#1156,#1184,#1186,.T.);
#1184 = VERTEX_POINT('',#1185);
#1185 = CARTESIAN_POINT('',(-7.4,7.4,6.));
#1186 = SURFACE_CURVE('',#1187,(#1191,#1198),.PCURVE_S1.);
#1187 = LINE('',#1188,#1189);
#1188 = CARTESIAN_POINT('',(-7.4,7.4,1.6));
#1189 = VECTOR('',#1190,1.);
#1190 = DIRECTION('',(0.,0.,1.));
#1191 = PCURVE('',#1131,#1192);
#1192 = DEFINITIONAL_REPRESENTATION('',(#1193),#1197);
#1193 = LINE('',#1194,#1195);
#1194 = CARTESIAN_POINT('',(0.,-14.8));
#1195 = VECTOR('',#1196,1.);
#1196 = DIRECTION('',(1.,0.));
#1197 = ( GEOMETRIC_REPRESENTATION_CONTEXT(2) 
PARAMETRIC_REPRESENTATION_CONTEXT() REPRESENTATION_CONTEXT('2D SPACE',''
  ) );
#1198 = PCURVE('',#1199,#1204);
#1199 = PLANE('',#1200);
#1200 = AXIS2_PLACEMENT_3D('',#1201,#1202,#1203);
#1201 = CARTESIAN_POINT('',(-7.4,7.4,1.6));
#1202 = DIRECTION('',(-0.,1.,0.));
#1203 = DIRECTION('',(0.,0.,1.));
#1204 = DEFINITIONAL_REPRESENTATION('',(#1205),#1209);
#1205 = LINE('',#1206,#1207);
#1206 = CARTESIAN_POINT('',(0.,0.));
#1207 = VECTOR('',#1208,1.);
#1208 = DIRECTION('',(1.,0.));
#1209 = ( GEOMETRIC_REPRESENTATION_CONTEXT(2) 
PARAMETRIC_REPRESENTATION_CONTEXT() REPRESENTATION_CONTEXT('2D SPACE',''
  ) );
#1210 = ORIENTED_EDGE('',*,*,#1211,.F.);
#1211 = EDGE_CURVE('',#1123,#1184,#1212,.T.);
#1212 = SURFACE_CURVE('',#1213,(#1217,#1224),.PCURVE_S1.);
#1213 = LINE('',#1214,#1215);
#1214 = CARTESIAN_POINT('',(-7.4,-7.4,6.));
#1215 = VECTOR('',#1216,1.);
#1216 = DIRECTION('',(-0.,1.,0.));
#1217 = PCURVE('',#1131,#1218);
#1218 = DEFINITIONAL_REPRESENTATION('',(#1219),#1223);
#1219 = LINE('',#1220,#1221);
#1220 = CARTESIAN_POINT('',(4.4,0.));
#1221 = VECTOR('',#1222,1.);
#1222 = DIRECTION('',(0.,-1.));
#1223 = ( GEOMETRIC_REPRESENTATION_CONTEXT(2) 
PARAMETRIC_REPRESENTATION_CONTEXT() REPRESENTATION_CONTEXT('2D SPACE',''
  ) );
#1224 = PCURVE('',#1225,#1230);
#1225 = PLANE('',#1226);
#1226 = AXIS2_PLACEMENT_3D('',#1227,#1228,#1229);
#1227 = CARTESIAN_POINT('',(-7.4,-7.4,6.));
#1228 = DIRECTION('',(0.,0.,1.));
#1229 = DIRECTION('',(1.,0.,-0.));
#1230 = DEFINITIONAL_REPRESENTATION('',(#1231),#1235);
#1231 = LINE('',#1232,#1233);
#1232 = CARTESIAN_POINT('',(0.,0.));
#1233 = VECTOR('',#1234,1.);
#1234 = DIRECTION('',(0.,1.));
#1235 = ( GEOMETRIC_REPRESENTATION_CONTEXT(2) 
PARAMETRIC_REPRESENTATION_CONTEXT() REPRESENTATION_CONTEXT('2D SPACE',''
  ) );
#1236 = ADVANCED_FACE('',(#1237),#1251,.T.);
#1237 = FACE_BOUND('',#1238,.T.);
#1238 = EDGE_LOOP('',(#1239,#1269,#1292,#1315));
#1239 = ORIENTED_EDGE('',*,*,#1240,.F.);
#1240 = EDGE_CURVE('',#1241,#1243,#1245,.T.);
#1241 = VERTEX_POINT('',#1242);
#1242 = CARTESIAN_POINT('',(7.4,-7.4,1.6));
#1243 = VERTEX_POINT('',#1244);
#1244 = CARTESIAN_POINT('',(7.4,-7.4,6.));
#1245 = SURFACE_CURVE('',#1246,(#1250,#1262),.PCURVE_S1.);
#1246 = LINE('',#1247,#1248);
#1247 = CARTESIAN_POINT('',(7.4,-7.4,1.6));
#1248 = VECTOR('',#1249,1.);
#1249 = DIRECTION('',(0.,0.,1.));
#1250 = PCURVE('',#1251,#1256);
#1251 = PLANE('',#1252);
#1252 = AXIS2_PLACEMENT_3D('',#1253,#1254,#1255);
#1253 = CARTESIAN_POINT('',(7.4,-7.4,1.6));
#1254 = DIRECTION('',(1.,0.,-0.));
#1255 = DIRECTION('',(0.,0.,1.));
#1256 = DEFINITIONAL_REPRESENTATION('',(#1257),#1261);
#1257 = LINE('',#1258,#1259);
#1258 = CARTESIAN_POINT('',(0.,0.));
#1259 = VECTOR('',#1260,1.);
#1260 = DIRECTION('',(1.,0.));
#1261 = ( GEOMETRIC_REPRESENTATION_CONTEXT(2) 
PARAMETRIC_REPRESENTATION_CONTEXT() REPRESENTATION_CONTEXT('2D SPACE',''
  ) );
#1262 = PCURVE('',#1143,#1263);
#1263 = DEFINITIONAL_REPRESENTATION('',(#1264),#1268);
#1264 = LINE('',#1265,#1266);
#1265 = CARTESIAN_POINT('',(0.,14.8));
#1266 = VECTOR('',#1267,1.);
#1267 = DIRECTION('',(1.,0.));
#1268 = ( GEOMETRIC_REPRESENTATION_CONTEXT(2) 
PARAMETRIC_REPRESENTATION_CONTEXT() REPRESENTATION_CONTEXT('2D SPACE',''
  ) );
#1269 = ORIENTED_EDGE('',*,*,#1270,.T.);
#1270 = EDGE_CURVE('',#1241,#1271,#1273,.T.);
#1271 = VERTEX_POINT('',#1272);
#1272 = CARTESIAN_POINT('',(7.4,7.4,1.6));
#1273 = SURFACE_CURVE('',#1274,(#1278,#1285),.PCURVE_S1.);
#1274 = LINE('',#1275,#1276);
#1275 = CARTESIAN_POINT('',(7.4,-7.4,1.6));
#1276 = VECTOR('',#1277,1.);
#1277 = DIRECTION('',(-0.,1.,0.));
#1278 = PCURVE('',#1251,#1279);
#1279 = DEFINITIONAL_REPRESENTATION('',(#1280),#1284);
#1280 = LINE('',#1281,#1282);
#1281 = CARTESIAN_POINT('',(0.,0.));
#1282 = VECTOR('',#1283,1.);
#1283 = DIRECTION('',(0.,-1.));
#1284 = ( GEOMETRIC_REPRESENTATION_CONTEXT(2) 
PARAMETRIC_REPRESENTATION_CONTEXT() REPRESENTATION_CONTEXT('2D SPACE',''
  ) );
#1285 = PCURVE('',#1171,#1286);
#1286 = DEFINITIONAL_REPRESENTATION('',(#1287),#1291);
#1287 = LINE('',#1288,#1289);
#1288 = CARTESIAN_POINT('',(14.8,0.));
#1289 = VECTOR('',#1290,1.);
#1290 = DIRECTION('',(0.,1.));
#1291 = ( GEOMETRIC_REPRESENTATION_CONTEXT(2) 
PARAMETRIC_REPRESENTATION_CONTEXT() REPRESENTATION_CONTEXT('2D SPACE',''
  ) );
#1292 = ORIENTED_EDGE('',*,*,#1293,.T.);
#1293 = EDGE_CURVE('',#1271,#1294,#1296,.T.);
#1294 = VERTEX_POINT('',#1295);
#1295 = CARTESIAN_POINT('',(7.4,7.4,6.));
#1296 = SURFACE_CURVE('',#1297,(#1301,#1308),.PCURVE_S1.);
#1297 = LINE('',#1298,#1299);
#1298 = CARTESIAN_POINT('',(7.4,7.4,1.6));
#1299 = VECTOR('',#1300,1.);
#1300 = DIRECTION('',(0.,0.,1.));
#1301 = PCURVE('',#1251,#1302);
#1302 = DEFINITIONAL_REPRESENTATION('',(#1303),#1307);
#1303 = LINE('',#1304,#1305);
#1304 = CARTESIAN_POINT('',(0.,-14.8));
#1305 = VECTOR('',#1306,1.);
#1306 = DIRECTION('',(1.,0.));
#1307 = ( GEOMETRIC_REPRESENTATION_CONTEXT(2) 
PARAMETRIC_REPRESENTATION_CONTEXT() REPRESENTATION_CONTEXT('2D SPACE',''
  ) );
#1308 = PCURVE('',#1199,#1309);
#1309 = DEFINITIONAL_REPRESENTATION('',(#1310),#1314);
#1310 = LINE('',#1311,#1312);
#1311 = CARTESIAN_POINT('',(0.,14.8));
#1312 = VECTOR('',#1313,1.);
#1313 = DIRECTION('',(1.,0.));
#1314 = ( GEOMETRIC_REPRESENTATION_CONTEXT(2) 
PARAMETRIC_REPRESENTATION_CONTEXT() REPRESENTATION_CONTEXT('2D SPACE',''
  ) );
#1315 = ORIENTED_EDGE('',*,*,#1316,.F.);
#1316 = EDGE_CURVE('',#1243,#1294,#1317,.T.);
#1317 = SURFACE_CURVE('',#1318,(#1322,#1329),.PCURVE_S1.);
#1318 = LINE('',#1319,#1320);
#1319 = CARTESIAN_POINT('',(7.4,-7.4,6.));
#1320 = VECTOR('',#1321,1.);
#1321 = DIRECTION('',(-0.,1.,0.));
#1322 = PCURVE('',#1251,#1323);
#1323 = DEFINITIONAL_REPRESENTATION('',(#1324),#1328);
#1324 = LINE('',#1325,#1326);
#1325 = CARTESIAN_POINT('',(4.4,0.));
#1326 = VECTOR('',#1327,1.);
#1327 = DIRECTION('',(0.,-1.));
#1328 = ( GEOMETRIC_REPRESENTATION_CONTEXT(2) 
PARAMETRIC_REPRESENTATION_CONTEXT() REPRESENTATION_CONTEXT('2D SPACE',''
  ) );
#1329 = PCURVE('',#1225,#1330);
#1330 = DEFINITIONAL_REPRESENTATION('',(#1331),#1335);
#1331 = LINE('',#1332,#1333);
#1332 = CARTESIAN_POINT('',(14.8,0.));
#1333 = VECTOR('',#1334,1.);
#1334 = DIRECTION('',(0.,1.));
#1335 = ( GEOMETRIC_REPRESENTATION_CONTEXT(2) 
PARAMETRIC_REPRESENTATION_CONTEXT() REPRESENTATION_CONTEXT('2D SPACE',''
  ) );
#1336 = ADVANCED_FACE('',(#1337),#1143,.F.);
#1337 = FACE_BOUND('',#1338,.F.);
#1338 = EDGE_LOOP('',(#1339,#1360,#1361,#1382));
#1339 = ORIENTED_EDGE('',*,*,#1340,.F.);
#1340 = EDGE_CURVE('',#1121,#1241,#1341,.T.);
#1341 = SURFACE_CURVE('',#1342,(#1346,#1353),.PCURVE_S1.);
#1342 = LINE('',#1343,#1344);
#1343 = CARTESIAN_POINT('',(-7.4,-7.4,1.6));
#1344 = VECTOR('',#1345,1.);
#1345 = DIRECTION('',(1.,0.,-0.));
#1346 = PCURVE('',#1143,#1347);
#1347 = DEFINITIONAL_REPRESENTATION('',(#1348),#1352);
#1348 = LINE('',#1349,#1350);
#1349 = CARTESIAN_POINT('',(0.,0.));
#1350 = VECTOR('',#1351,1.);
#1351 = DIRECTION('',(0.,1.));
#1352 = ( GEOMETRIC_REPRESENTATION_CONTEXT(2) 
PARAMETRIC_REPRESENTATION_CONTEXT() REPRESENTATION_CONTEXT('2D SPACE',''
  ) );
#1353 = PCURVE('',#1171,#1354);
#1354 = DEFINITIONAL_REPRESENTATION('',(#1355),#1359);
#1355 = LINE('',#1356,#1357);
#1356 = CARTESIAN_POINT('',(0.,0.));
#1357 = VECTOR('',#1358,1.);
#1358 = DIRECTION('',(1.,0.));
#1359 = ( GEOMETRIC_REPRESENTATION_CONTEXT(2) 
PARAMETRIC_REPRESENTATION_CONTEXT() REPRESENTATION_CONTEXT('2D SPACE',''
  ) );
#1360 = ORIENTED_EDGE('',*,*,#1120,.T.);
#1361 = ORIENTED_EDGE('',*,*,#1362,.T.);
#1362 = EDGE_CURVE('',#1123,#1243,#1363,.T.);
#1363 = SURFACE_CURVE('',#1364,(#1368,#1375),.PCURVE_S1.);
#1364 = LINE('',#1365,#1366);
#1365 = CARTESIAN_POINT('',(-7.4,-7.4,6.));
#1366 = VECTOR('',#1367,1.);
#1367 = DIRECTION('',(1.,0.,-0.));
#1368 = PCURVE('',#1143,#1369);
#1369 = DEFINITIONAL_REPRESENTATION('',(#1370),#1374);
#1370 = LINE('',#1371,#1372);
#1371 = CARTESIAN_POINT('',(4.4,0.));
#1372 = VECTOR('',#1373,1.);
#1373 = DIRECTION('',(0.,1.));
#1374 = ( GEOMETRIC_REPRESENTATION_CONTEXT(2) 
PARAMETRIC_REPRESENTATION_CONTEXT() REPRESENTATION_CONTEXT('2D SPACE',''
  ) );
#1375 = PCURVE('',#1225,#1376);
#1376 = DEFINITIONAL_REPRESENTATION('',(#1377),#1381);
#1377 = LINE('',#1378,#1379);
#1378 = CARTESIAN_POINT('',(0.,0.));
#1379 = VECTOR('',#1380,1.);
#1380 = DIRECTION('',(1.,0.));
#1381 = ( GEOMETRIC_REPRESENTATION_CONTEXT(2) 
PARAMETRIC_REPRESENTATION_CONTEXT() REPRESENTATION_CONTEXT('2D SPACE',''
  ) );
#1382 = ORIENTED_EDGE('',*,*,#1240,.F.);
#1383 = ADVANCED_FACE('',(#1384),#1199,.T.);
#1384 = FACE_BOUND('',#1385,.T.);
#1385 = EDGE_LOOP('',(#1386,#1407,#1408,#1429));
#1386 = ORIENTED_EDGE('',*,*,#1387,.F.);
#1387 = EDGE_CURVE('',#1156,#1271,#1388,.T.);
#1388 = SURFACE_CURVE('',#1389,(#1393,#1400),.PCURVE_S1.);
#1389 = LINE('',#1390,#1391);
#1390 = CARTESIAN_POINT('',(-7.4,7.4,1.6));
#1391 = VECTOR('',#1392,1.);
#1392 = DIRECTION('',(1.,0.,-0.));
#1393 = PCURVE('',#1199,#1394);
#1394 = DEFINITIONAL_REPRESENTATION('',(#1395),#1399);
#1395 = LINE('',#1396,#1397);
#1396 = CARTESIAN_POINT('',(0.,0.));
#1397 = VECTOR('',#1398,1.);
#1398 = DIRECTION('',(0.,1.));
#1399 = ( GEOMETRIC_REPRESENTATION_CONTEXT(2) 
PARAMETRIC_REPRESENTATION_CONTEXT() REPRESENTATION_CONTEXT('2D SPACE',''
  ) );
#1400 = PCURVE('',#1171,#1401);
#1401 = DEFINITIONAL_REPRESENTATION('',(#1402),#1406);
#1402 = LINE('',#1403,#1404);
#1403 = CARTESIAN_POINT('',(0.,14.8));
#1404 = VECTOR('',#1405,1.);
#1405 = DIRECTION('',(1.,0.));
#1406 = ( GEOMETRIC_REPRESENTATION_CONTEXT(2) 
PARAMETRIC_REPRESENTATION_CONTEXT() REPRESENTATION_CONTEXT('2D SPACE',''
  ) );
#1407 = ORIENTED_EDGE('',*,*,#1183,.T.);
#1408 = ORIENTED_EDGE('',*,*,#1409,.T.);
#1409 = EDGE_CURVE('',#1184,#1294,#1410,.T.);
#1410 = SURFACE_CURVE('',#1411,(#1415,#1422),.PCURVE_S1.);
#1411 = LINE('',#1412,#1413);
#1412 = CARTESIAN_POINT('',(-7.4,7.4,6.));
#1413 = VECTOR('',#1414,1.);
#1414 = DIRECTION('',(1.,0.,-0.));
#1415 = PCURVE('',#1199,#1416);
#1416 = DEFINITIONAL_REPRESENTATION('',(#1417),#1421);
#1417 = LINE('',#1418,#1419);
#1418 = CARTESIAN_POINT('',(4.4,0.));
#1419 = VECTOR('',#1420,1.);
#1420 = DIRECTION('',(0.,1.));
#1421 = ( GEOMETRIC_REPRESENTATION_CONTEXT(2) 
PARAMETRIC_REPRESENTATION_CONTEXT() REPRESENTATION_CONTEXT('2D SPACE',''
  ) );
#1422 = PCURVE('',#1225,#1423);
#1423 = DEFINITIONAL_REPRESENTATION('',(#1424),#1428);
#1424 = LINE('',#1425,#1426);
#1425 = CARTESIAN_POINT('',(0.,14.8));
#1426 = VECTOR('',#1427,1.);
#1427 = DIRECTION('',(1.,0.));
#1428 = ( GEOMETRIC_REPRESENTATION_CONTEXT(2) 
PARAMETRIC_REPRESENTATION_CONTEXT() REPRESENTATION_CONTEXT('2D SPACE',''
  ) );
#1429 = ORIENTED_EDGE('',*,*,#1293,.F.);
#1430 = ADVANCED_FACE('',(#1431),#1171,.F.);
#1431 = FACE_BOUND('',#1432,.F.);
#1432 = EDGE_LOOP('',(#1433,#1434,#1435,#1436));
#1433 = ORIENTED_EDGE('',*,*,#1155,.F.);
#1434 = ORIENTED_EDGE('',*,*,#1340,.T.);
#1435 = ORIENTED_EDGE('',*,*,#1270,.T.);
#1436 = ORIENTED_EDGE('',*,*,#1387,.F.);
#1437 = ADVANCED_FACE('',(#1438),#1225,.T.);
#1438 = FACE_BOUND('',#1439,.T.);
#1439 = EDGE_LOOP('',(#1440,#1441,#1442,#1443));
#1440 = ORIENTED_EDGE('',*,*,#1211,.F.);
#1441 = ORIENTED_EDGE('',*,*,#1362,.T.);
#1442 = ORIENTED_EDGE('',*,*,#1316,.T.);
#1443 = ORIENTED_EDGE('',*,*,#1409,.F.);
#1444 = ( GEOMETRIC_REPRESENTATION_CONTEXT(3) 
GLOBAL_UNCERTAINTY_ASSIGNED_CONTEXT((#1448)) 
GLOBAL_UNIT_ASSIGNED_CONTEXT((#1445,#1446,#1447)) REPRESENTATION_CONTEXT
('Context #1','3D Context with UNIT and UNCERTAINTY') );
#1445 = ( LENGTH_UNIT() NAMED_UNIT(*) SI_UNIT(.MILLI.,.METRE.) );
#1446 = ( NAMED_UNIT(*) PLANE_ANGLE_UNIT() SI_UNIT($,.RADIAN.) );
#1447 = ( NAMED_UNIT(*) SI_UNIT($,.STERADIAN.) SOLID_ANGLE_UNIT() );
#1448 = UNCERTAINTY_MEASURE_WITH_UNIT(LENGTH_MEASURE(1.E-07),#1445,
  'distance_accuracy_value','confusion accuracy');
#1449 = CONTEXT_DEPENDENT_SHAPE_REPRESENTATION(#1450,#1452);
#1450 = ( REPRESENTATION_RELATIONSHIP('','',#1113,#10) 
REPRESENTATION_RELATIONSHIP_WITH_TRANSFORMATION(#1451) 
SHAPE_REPRESENTATION_RELATIONSHIP() );
#1451 = ITEM_DEFINED_TRANSFORMATION('','',#11,#19);
#1452 = PRODUCT_DEFINITION_SHAPE('Placement','Placement of an item',
  #1453);
#1453 = NEXT_ASSEMBLY_USAGE_OCCURRENCE('20','components','',#5,#1108,$);
#1454 = PRODUCT_RELATED_PRODUCT_CATEGORY('part',$,(#1110));
#1455 = SHAPE_DEFINITION_REPRESENTATION(#1456,#1462);
#1456 = PRODUCT_DEFINITION_SHAPE('','',#1457);
#1457 = PRODUCT_DEFINITION('design','',#1458,#1461);
#1458 = PRODUCT_DEFINITION_FORMATION('','',#1459);
#1459 = PRODUCT('motor_1_pads','motor_1_pads','',(#1460));
#1460 = PRODUCT_CONTEXT('',#2,'mechanical');
#1461 = PRODUCT_DEFINITION_CONTEXT('part definition',#2,'design');
#1462 = SHAPE_REPRESENTATION('',(#11,#1463,#1793,#2123),#2453);
#1463 = MANIFOLD_SOLID_BREP('',#1464);
#1464 = CLOSED_SHELL('',(#1465,#1585,#1685,#1732,#1779,#1786));
#1465 = ADVANCED_FACE('',(#1466),#1480,.F.);
#1466 = FACE_BOUND('',#1467,.F.);
#1467 = EDGE_LOOP('',(#1468,#1503,#1531,#1559));
#1468 = ORIENTED_EDGE('',*,*,#1469,.F.);
#1469 = EDGE_CURVE('',#1470,#1472,#1474,.T.);
#1470 = VERTEX_POINT('',#1471);
#1471 = CARTESIAN_POINT('',(-15.,-4.,1.6));
#1472 = VERTEX_POINT('',#1473);
#1473 = CARTESIAN_POINT('',(-15.,-4.,1.9));
#1474 = SURFACE_CURVE('',#1475,(#1479,#1491),.PCURVE_S1.);
#1475 = LINE('',#1476,#1477);
#1476 = CARTESIAN_POINT('',(-15.,-4.,1.6));
#1477 = VECTOR('',#1478,1.);
#1478 = DIRECTION('',(0.,0.,1.));
#1479 = PCURVE('',#1480,#1485);
#1480 = PLANE('',#1481);
#1481 = AXIS2_PLACEMENT_3D('',#1482,#1483,#1484);
#1482 = CARTESIAN_POINT('',(-15.,-4.,1.6));
#1483 = DIRECTION('',(1.,0.,-0.));
#1484 = DIRECTION('',(0.,0.,1.));
#1485 = DEFINITIONAL_REPRESENTATION('',(#1486),#1490);
#1486 = LINE('',#1487,#1488);
#1487 = CARTESIAN_POINT('',(0.,0.));
#1488 = VECTOR('',#1489,1.);
#1489 = DIRECTION('',(1.,0.));
#1490 = ( GEOMETRIC_REPRESENTATION_CONTEXT(2) 
PARAMETRIC_REPRESENTATION_CONTEXT() REPRESENTATION_CONTEXT('2D SPACE',''
  ) );
#1491 = PCURVE('',#1492,#1497);
#1492 = PLANE('',#1493);
#1493 = AXIS2_PLACEMENT_3D('',#1494,#1495,#1496);
#1494 = CARTESIAN_POINT('',(-15.,-4.,1.6));
#1495 = DIRECTION('',(-0.,1.,0.));
#1496 = DIRECTION('',(0.,0.,1.));
#1497 = DEFINITIONAL_REPRESENTATION('',(#1498),#1502);
#1498 = LINE('',#1499,#1500);
#1499 = CARTESIAN_POINT('',(0.,0.));
#1500 = VECTOR('',#1501,1.);
#1501 = DIRECTION('',(1.,0.));
#1502 = ( GEOMETRIC_REPRESENTATION_CONTEXT(2) 
PARAMETRIC_REPRESENTATION_CONTEXT() REPRESENTATION_CONTEXT('2D SPACE',''
  ) );
#1503 = ORIENTED_EDGE('',*,*,#1504,.T.);
#1504 = EDGE_CURVE('',#1470,#1505,#1507,.T.);
#1505 = VERTEX_POINT('',#1506);
#1506 = CARTESIAN_POINT('',(-15.,-2.,1.6));
#1507 = SURFACE_CURVE('',#1508,(#1512,#1519),.PCURVE_S1.);
#1508 = LINE('',#1509,#1510);
#1509 = CARTESIAN_POINT('',(-15.,-4.,1.6));
#1510 = VECTOR('',#1511,1.);
#1511 = DIRECTION('',(-0.,1.,0.));
#1512 = PCURVE('',#1480,#1513);
#1513 = DEFINITIONAL_REPRESENTATION('',(#1514),#1518);
#1514 = LINE('',#1515,#1516);
#1515 = CARTESIAN_POINT('',(0.,0.));
#1516 = VECTOR('',#1517,1.);
#1517 = DIRECTION('',(0.,-1.));
#1518 = ( GEOMETRIC_REPRESENTATION_CONTEXT(2) 
PARAMETRIC_REPRESENTATION_CONTEXT() REPRESENTATION_CONTEXT('2D SPACE',''
  ) );
#1519 = PCURVE('',#1520,#1525);
#1520 = PLANE('',#1521);
#1521 = AXIS2_PLACEMENT_3D('',#1522,#1523,#1524);
#1522 = CARTESIAN_POINT('',(-15.,-4.,1.6));
#1523 = DIRECTION('',(0.,0.,1.));
#1524 = DIRECTION('',(1.,0.,-0.));
#1525 = DEFINITIONAL_REPRESENTATION('',(#1526),#1530);
#1526 = LINE('',#1527,#1528);
#1527 = CARTESIAN_POINT('',(0.,0.));
#1528 = VECTOR('',#1529,1.);
#1529 = DIRECTION('',(0.,1.));
#1530 = ( GEOMETRIC_REPRESENTATION_CONTEXT(2) 
PARAMETRIC_REPRESENTATION_CONTEXT() REPRESENTATION_CONTEXT('2D SPACE',''
  ) );
#1531 = ORIENTED_EDGE('',*,*,#1532,.T.);
#1532 = EDGE_CURVE('',#1505,#1533,#1535,.T.);
#1533 = VERTEX_POINT('',#1534);
#1534 = CARTESIAN_POINT('',(-15.,-2.,1.9));
#1535 = SURFACE_CURVE('',#1536,(#1540,#1547),.PCURVE_S1.);
#1536 = LINE('',#1537,#1538);
#1537 = CARTESIAN_POINT('',(-15.,-2.,1.6));
#1538 = VECTOR('',#1539,1.);
#1539 = DIRECTION('',(0.,0.,1.));
#1540 = PCURVE('',#1480,#1541);
#1541 = DEFINITIONAL_REPRESENTATION('',(#1542),#1546);
#1542 = LINE('',#1543,#1544);
#1543 = CARTESIAN_POINT('',(0.,-2.));
#1544 = VECTOR('',#1545,1.);
#1545 = DIRECTION('',(1.,0.));
#1546 = ( GEOMETRIC_REPRESENTATION_CONTEXT(2) 
PARAMETRIC_REPRESENTATION_CONTEXT() REPRESENTATION_CONTEXT('2D SPACE',''
  ) );
#1547 = PCURVE('',#1548,#1553);
#1548 = PLANE('',#1549);
#1549 = AXIS2_PLACEMENT_3D('',#1550,#1551,#1552);
#1550 = CARTESIAN_POINT('',(-15.,-2.,1.6));
#1551 = DIRECTION('',(-0.,1.,0.));
#1552 = DIRECTION('',(0.,0.,1.));
#1553 = DEFINITIONAL_REPRESENTATION('',(#1554),#1558);
#1554 = LINE('',#1555,#1556);
#1555 = CARTESIAN_POINT('',(0.,0.));
#1556 = VECTOR('',#1557,1.);
#1557 = DIRECTION('',(1.,0.));
#1558 = ( GEOMETRIC_REPRESENTATION_CONTEXT(2) 
PARAMETRIC_REPRESENTATION_CONTEXT() REPRESENTATION_CONTEXT('2D SPACE',''
  ) );
#1559 = ORIENTED_EDGE('',*,*,#1560,.F.);
#1560 = EDGE_CURVE('',#1472,#1533,#1561,.T.);
#1561 = SURFACE_CURVE('',#1562,(#1566,#1573),.PCURVE_S1.);
#1562 = LINE('',#1563,#1564);
#1563 = CARTESIAN_POINT('',(-15.,-4.,1.9));
#1564 = VECTOR('',#1565,1.);
#1565 = DIRECTION('',(-0.,1.,0.));
#1566 = PCURVE('',#1480,#1567);
#1567 = DEFINITIONAL_REPRESENTATION('',(#1568),#1572);
#1568 = LINE('',#1569,#1570);
#1569 = CARTESIAN_POINT('',(0.3,0.));
#1570 = VECTOR('',#1571,1.);
#1571 = DIRECTION('',(0.,-1.));
#1572 = ( GEOMETRIC_REPRESENTATION_CONTEXT(2) 
PARAMETRIC_REPRESENTATION_CONTEXT() REPRESENTATION_CONTEXT('2D SPACE',''
  ) );
#1573 = PCURVE('',#1574,#1579);
#1574 = PLANE('',#1575);
#1575 = AXIS2_PLACEMENT_3D('',#1576,#1577,#1578);
#1576 = CARTESIAN_POINT('',(-15.,-4.,1.9));
#1577 = DIRECTION('',(0.,0.,1.));
#1578 = DIRECTION('',(1.,0.,-0.));
#1579 = DEFINITIONAL_REPRESENTATION('',(#1580),#1584);
#1580 = LINE('',#1581,#1582);
#1581 = CARTESIAN_POINT('',(0.,0.));
#1582 = VECTOR('',#1583,1.);
#1583 = DIRECTION('',(0.,1.));
#1584 = ( GEOMETRIC_REPRESENTATION_CONTEXT(2) 
PARAMETRIC_REPRESENTATION_CONTEXT() REPRESENTATION_CONTEXT('2D SPACE',''
  ) );
#1585 = ADVANCED_FACE('',(#1586),#1600,.T.);
#1586 = FACE_BOUND('',#1587,.T.);
#1587 = EDGE_LOOP('',(#1588,#1618,#1641,#1664));
#1588 = ORIENTED_EDGE('',*,*,#1589,.F.);
#1589 = EDGE_CURVE('',#1590,#1592,#1594,.T.);
#1590 = VERTEX_POINT('',#1591);
#1591 = CARTESIAN_POINT('',(-12.5,-4.,1.6));
#1592 = VERTEX_POINT('',#1593);
#1593 = CARTESIAN_POINT('',(-12.5,-4.,1.9));
#1594 = SURFACE_CURVE('',#1595,(#1599,#1611),.PCURVE_S1.);
#1595 = LINE('',#1596,#1597);
#1596 = CARTESIAN_POINT('',(-12.5,-4.,1.6));
#1597 = VECTOR('',#1598,1.);
#1598 = DIRECTION('',(0.,0.,1.));
#1599 = PCURVE('',#1600,#1605);
#1600 = PLANE('',#1601);
#1601 = AXIS2_PLACEMENT_3D('',#1602,#1603,#1604);
#1602 = CARTESIAN_POINT('',(-12.5,-4.,1.6));
#1603 = DIRECTION('',(1.,0.,-0.));
#1604 = DIRECTION('',(0.,0.,1.));
#1605 = DEFINITIONAL_REPRESENTATION('',(#1606),#1610);
#1606 = LINE('',#1607,#1608);
#1607 = CARTESIAN_POINT('',(0.,0.));
#1608 = VECTOR('',#1609,1.);
#1609 = DIRECTION('',(1.,0.));
#1610 = ( GEOMETRIC_REPRESENTATION_CONTEXT(2) 
PARAMETRIC_REPRESENTATION_CONTEXT() REPRESENTATION_CONTEXT('2D SPACE',''
  ) );
#1611 = PCURVE('',#1492,#1612);
#1612 = DEFINITIONAL_REPRESENTATION('',(#1613),#1617);
#1613 = LINE('',#1614,#1615);
#1614 = CARTESIAN_POINT('',(0.,2.5));
#1615 = VECTOR('',#1616,1.);
#1616 = DIRECTION('',(1.,0.));
#1617 = ( GEOMETRIC_REPRESENTATION_CONTEXT(2) 
PARAMETRIC_REPRESENTATION_CONTEXT() REPRESENTATION_CONTEXT('2D SPACE',''
  ) );
#1618 = ORIENTED_EDGE('',*,*,#1619,.T.);
#1619 = EDGE_CURVE('',#1590,#1620,#1622,.T.);
#1620 = VERTEX_POINT('',#1621);
#1621 = CARTESIAN_POINT('',(-12.5,-2.,1.6));
#1622 = SURFACE_CURVE('',#1623,(#1627,#1634),.PCURVE_S1.);
#1623 = LINE('',#1624,#1625);
#1624 = CARTESIAN_POINT('',(-12.5,-4.,1.6));
#1625 = VECTOR('',#1626,1.);
#1626 = DIRECTION('',(-0.,1.,0.));
#1627 = PCURVE('',#1600,#1628);
#1628 = DEFINITIONAL_REPRESENTATION('',(#1629),#1633);
#1629 = LINE('',#1630,#1631);
#1630 = CARTESIAN_POINT('',(0.,0.));
#1631 = VECTOR('',#1632,1.);
#1632 = DIRECTION('',(0.,-1.));
#1633 = ( GEOMETRIC_REPRESENTATION_CONTEXT(2) 
PARAMETRIC_REPRESENTATION_CONTEXT() REPRESENTATION_CONTEXT('2D SPACE',''
  ) );
#1634 = PCURVE('',#1520,#1635);
#1635 = DEFINITIONAL_REPRESENTATION('',(#1636),#1640);
#1636 = LINE('',#1637,#1638);
#1637 = CARTESIAN_POINT('',(2.5,0.));
#1638 = VECTOR('',#1639,1.);
#1639 = DIRECTION('',(0.,1.));
#1640 = ( GEOMETRIC_REPRESENTATION_CONTEXT(2) 
PARAMETRIC_REPRESENTATION_CONTEXT() REPRESENTATION_CONTEXT('2D SPACE',''
  ) );
#1641 = ORIENTED_EDGE('',*,*,#1642,.T.);
#1642 = EDGE_CURVE('',#1620,#1643,#1645,.T.);
#1643 = VERTEX_POINT('',#1644);
#1644 = CARTESIAN_POINT('',(-12.5,-2.,1.9));
#1645 = SURFACE_CURVE('',#1646,(#1650,#1657),.PCURVE_S1.);
#1646 = LINE('',#1647,#1648);
#1647 = CARTESIAN_POINT('',(-12.5,-2.,1.6));
#1648 = VECTOR('',#1649,1.);
#1649 = DIRECTION('',(0.,0.,1.));
#1650 = PCURVE('',#1600,#1651);
#1651 = DEFINITIONAL_REPRESENTATION('',(#1652),#1656);
#1652 = LINE('',#1653,#1654);
#1653 = CARTESIAN_POINT('',(0.,-2.));
#1654 = VECTOR('',#1655,1.);
#1655 = DIRECTION('',(1.,0.));
#1656 = ( GEOMETRIC_REPRESENTATION_CONTEXT(2) 
PARAMETRIC_REPRESENTATION_CONTEXT() REPRESENTATION_CONTEXT('2D SPACE',''
  ) );
#1657 = PCURVE('',#1548,#1658);
#1658 = DEFINITIONAL_REPRESENTATION('',(#1659),#1663);
#1659 = LINE('',#1660,#1661);
#1660 = CARTESIAN_POINT('',(0.,2.5));
#1661 = VECTOR('',#1662,1.);
#1662 = DIRECTION('',(1.,0.));
#1663 = ( GEOMETRIC_REPRESENTATION_CONTEXT(2) 
PARAMETRIC_REPRESENTATION_CONTEXT() REPRESENTATION_CONTEXT('2D SPACE',''
  ) );
#1664 = ORIENTED_EDGE('',*,*,#1665,.F.);
#1665 = EDGE_CURVE('',#1592,#1643,#1666,.T.);
#1666 = SURFACE_CURVE('',#1667,(#1671,#1678),.PCURVE_S1.);
#1667 = LINE('',#1668,#1669);
#1668 = CARTESIAN_POINT('',(-12.5,-4.,1.9));
#1669 = VECTOR('',#1670,1.);
#1670 = DIRECTION('',(-0.,1.,0.));
#1671 = PCURVE('',#1600,#1672);
#1672 = DEFINITIONAL_REPRESENTATION('',(#1673),#1677);
#1673 = LINE('',#1674,#1675);
#1674 = CARTESIAN_POINT('',(0.3,0.));
#1675 = VECTOR('',#1676,1.);
#1676 = DIRECTION('',(0.,-1.));
#1677 = ( GEOMETRIC_REPRESENTATION_CONTEXT(2) 
PARAMETRIC_REPRESENTATION_CONTEXT() REPRESENTATION_CONTEXT('2D SPACE',''
  ) );
#1678 = PCURVE('',#1574,#1679);
#1679 = DEFINITIONAL_REPRESENTATION('',(#1680),#1684);
#1680 = LINE('',#1681,#1682);
#1681 = CARTESIAN_POINT('',(2.5,0.));
#1682 = VECTOR('',#1683,1.);
#1683 = DIRECTION('',(0.,1.));
#1684 = ( GEOMETRIC_REPRESENTATION_CONTEXT(2) 
PARAMETRIC_REPRESENTATION_CONTEXT() REPRESENTATION_CONTEXT('2D SPACE',''
  ) );
#1685 = ADVANCED_FACE('',(#1686),#1492,.F.);
#1686 = FACE_BOUND('',#1687,.F.);
#1687 = EDGE_LOOP('',(#1688,#1709,#1710,#1731));
#1688 = ORIENTED_EDGE('',*,*,#1689,.F.);
#1689 = EDGE_CURVE('',#1470,#1590,#1690,.T.);
#1690 = SURFACE_CURVE('',#1691,(#1695,#1702),.PCURVE_S1.);
#1691 = LINE('',#1692,#1693);
#1692 = CARTESIAN_POINT('',(-15.,-4.,1.6));
#1693 = VECTOR('',#1694,1.);
#1694 = DIRECTION('',(1.,0.,-0.));
#1695 = PCURVE('',#1492,#1696);
#1696 = DEFINITIONAL_REPRESENTATION('',(#1697),#1701);
#1697 = LINE('',#1698,#1699);
#1698 = CARTESIAN_POINT('',(0.,0.));
#1699 = VECTOR('',#1700,1.);
#1700 = DIRECTION('',(0.,1.));
#1701 = ( GEOMETRIC_REPRESENTATION_CONTEXT(2) 
PARAMETRIC_REPRESENTATION_CONTEXT() REPRESENTATION_CONTEXT('2D SPACE',''
  ) );
#1702 = PCURVE('',#1520,#1703);
#1703 = DEFINITIONAL_REPRESENTATION('',(#1704),#1708);
#1704 = LINE('',#1705,#1706);
#1705 = CARTESIAN_POINT('',(0.,0.));
#1706 = VECTOR('',#1707,1.);
#1707 = DIRECTION('',(1.,0.));
#1708 = ( GEOMETRIC_REPRESENTATION_CONTEXT(2) 
PARAMETRIC_REPRESENTATION_CONTEXT() REPRESENTATION_CONTEXT('2D SPACE',''
  ) );
#1709 = ORIENTED_EDGE('',*,*,#1469,.T.);
#1710 = ORIENTED_EDGE('',*,*,#1711,.T.);
#1711 = EDGE_CURVE('',#1472,#1592,#1712,.T.);
#1712 = SURFACE_CURVE('',#1713,(#1717,#1724),.PCURVE_S1.);
#1713 = LINE('',#1714,#1715);
#1714 = CARTESIAN_POINT('',(-15.,-4.,1.9));
#1715 = VECTOR('',#1716,1.);
#1716 = DIRECTION('',(1.,0.,-0.));
#1717 = PCURVE('',#1492,#1718);
#1718 = DEFINITIONAL_REPRESENTATION('',(#1719),#1723);
#1719 = LINE('',#1720,#1721);
#1720 = CARTESIAN_POINT('',(0.3,0.));
#1721 = VECTOR('',#1722,1.);
#1722 = DIRECTION('',(0.,1.));
#1723 = ( GEOMETRIC_REPRESENTATION_CONTEXT(2) 
PARAMETRIC_REPRESENTATION_CONTEXT() REPRESENTATION_CONTEXT('2D SPACE',''
  ) );
#1724 = PCURVE('',#1574,#1725);
#1725 = DEFINITIONAL_REPRESENTATION('',(#1726),#1730);
#1726 = LINE('',#1727,#1728);
#1727 = CARTESIAN_POINT('',(0.,0.));
#1728 = VECTOR('',#1729,1.);
#1729 = DIRECTION('',(1.,0.));
#1730 = ( GEOMETRIC_REPRESENTATION_CONTEXT(2) 
PARAMETRIC_REPRESENTATION_CONTEXT() REPRESENTATION_CONTEXT('2D SPACE',''
  ) );
#1731 = ORIENTED_EDGE('',*,*,#1589,.F.);
#1732 = ADVANCED_FACE('',(#1733),#1548,.T.);
#1733 = FACE_BOUND('',#1734,.T.);
#1734 = EDGE_LOOP('',(#1735,#1756,#1757,#1778));
#1735 = ORIENTED_EDGE('',*,*,#1736,.F.);
#1736 = EDGE_CURVE('',#1505,#1620,#1737,.T.);
#1737 = SURFACE_CURVE('',#1738,(#1742,#1749),.PCURVE_S1.);
#1738 = LINE('',#1739,#1740);
#1739 = CARTESIAN_POINT('',(-15.,-2.,1.6));
#1740 = VECTOR('',#1741,1.);
#1741 = DIRECTION('',(1.,0.,-0.));
#1742 = PCURVE('',#1548,#1743);
#1743 = DEFINITIONAL_REPRESENTATION('',(#1744),#1748);
#1744 = LINE('',#1745,#1746);
#1745 = CARTESIAN_POINT('',(0.,0.));
#1746 = VECTOR('',#1747,1.);
#1747 = DIRECTION('',(0.,1.));
#1748 = ( GEOMETRIC_REPRESENTATION_CONTEXT(2) 
PARAMETRIC_REPRESENTATION_CONTEXT() REPRESENTATION_CONTEXT('2D SPACE',''
  ) );
#1749 = PCURVE('',#1520,#1750);
#1750 = DEFINITIONAL_REPRESENTATION('',(#1751),#1755);
#1751 = LINE('',#1752,#1753);
#1752 = CARTESIAN_POINT('',(0.,2.));
#1753 = VECTOR('',#1754,1.);
#1754 = DIRECTION('',(1.,0.));
#1755 = ( GEOMETRIC_REPRESENTATION_CONTEXT(2) 
PARAMETRIC_REPRESENTATION_CONTEXT() REPRESENTATION_CONTEXT('2D SPACE',''
  ) );
#1756 = ORIENTED_EDGE('',*,*,#1532,.T.);
#1757 = ORIENTED_EDGE('',*,*,#1758,.T.);
#1758 = EDGE_CURVE('',#1533,#1643,#1759,.T.);
#1759 = SURFACE_CURVE('',#1760,(#1764,#1771),.PCURVE_S1.);
#1760 = LINE('',#1761,#1762);
#1761 = CARTESIAN_POINT('',(-15.,-2.,1.9));
#1762 = VECTOR('',#1763,1.);
#1763 = DIRECTION('',(1.,0.,-0.));
#1764 = PCURVE('',#1548,#1765);
#1765 = DEFINITIONAL_REPRESENTATION('',(#1766),#1770);
#1766 = LINE('',#1767,#1768);
#1767 = CARTESIAN_POINT('',(0.3,0.));
#1768 = VECTOR('',#1769,1.);
#1769 = DIRECTION('',(0.,1.));
#1770 = ( GEOMETRIC_REPRESENTATION_CONTEXT(2) 
PARAMETRIC_REPRESENTATION_CONTEXT() REPRESENTATION_CONTEXT('2D SPACE',''
  ) );
#1771 = PCURVE('',#1574,#1772);
#1772 = DEFINITIONAL_REPRESENTATION('',(#1773),#1777);
#1773 = LINE('',#1774,#1775);
#1774 = CARTESIAN_POINT('',(0.,2.));
#1775 = VECTOR('',#1776,1.);
#1776 = DIRECTION('',(1.,0.));
#1777 = ( GEOMETRIC_REPRESENTATION_CONTEXT(2) 
PARAMETRIC_REPRESENTATION_CONTEXT() REPRESENTATION_CONTEXT('2D SPACE',''
  ) );
#1778 = ORIENTED_EDGE('',*,*,#1642,.F.);
#1779 = ADVANCED_FACE('',(#1780),#1520,.F.);
#1780 = FACE_BOUND('',#1781,.F.);
#1781 = EDGE_LOOP('',(#1782,#1783,#1784,#1785));
#1782 = ORIENTED_EDGE('',*,*,#1504,.F.);
#1783 = ORIENTED_EDGE('',*,*,#1689,.T.);
#1784 = ORIENTED_EDGE('',*,*,#1619,.T.);
#1785 = ORIENTED_EDGE('',*,*,#1736,.F.);
#1786 = ADVANCED_FACE('',(#1787),#1574,.T.);
#1787 = FACE_BOUND('',#1788,.T.);
#1788 = EDGE_LOOP('',(#1789,#1790,#1791,#1792));
#1789 = ORIENTED_EDGE('',*,*,#1560,.F.);
#1790 = ORIENTED_EDGE('',*,*,#1711,.T.);
#1791 = ORIENTED_EDGE('',*,*,#1665,.T.);
#1792 = ORIENTED_EDGE('',*,*,#1758,.F.);
#1793 = MANIFOLD_SOLID_BREP('',#1794);
#1794 = CLOSED_SHELL('',(#1795,#1915,#2015,#2062,#2109,#2116));
#1795 = ADVANCED_FACE('',(#1796),#1810,.F.);
#1796 = FACE_BOUND('',#1797,.F.);
#1797 = EDGE_LOOP('',(#1798,#1833,#1861,#1889));
#1798 = ORIENTED_EDGE('',*,*,#1799,.F.);
#1799 = EDGE_CURVE('',#1800,#1802,#1804,.T.);
#1800 = VERTEX_POINT('',#1801);
#1801 = CARTESIAN_POINT('',(-15.,-7.,1.6));
#1802 = VERTEX_POINT('',#1803);
#1803 = CARTESIAN_POINT('',(-15.,-7.,1.9));
#1804 = SURFACE_CURVE('',#1805,(#1809,#1821),.PCURVE_S1.);
#1805 = LINE('',#1806,#1807);
#1806 = CARTESIAN_POINT('',(-15.,-7.,1.6));
#1807 = VECTOR('',#1808,1.);
#1808 = DIRECTION('',(0.,0.,1.));
#1809 = PCURVE('',#1810,#1815);
#1810 = PLANE('',#1811);
#1811 = AXIS2_PLACEMENT_3D('',#1812,#1813,#1814);
#1812 = CARTESIAN_POINT('',(-15.,-7.,1.6));
#1813 = DIRECTION('',(1.,0.,-0.));
#1814 = DIRECTION('',(0.,0.,1.));
#1815 = DEFINITIONAL_REPRESENTATION('',(#1816),#1820);
#1816 = LINE('',#1817,#1818);
#1817 = CARTESIAN_POINT('',(0.,0.));
#1818 = VECTOR('',#1819,1.);
#1819 = DIRECTION('',(1.,0.));
#1820 = ( GEOMETRIC_REPRESENTATION_CONTEXT(2) 
PARAMETRIC_REPRESENTATION_CONTEXT() REPRESENTATION_CONTEXT('2D SPACE',''
  ) );
#1821 = PCURVE('',#1822,#1827);
#1822 = PLANE('',#1823);
#1823 = AXIS2_PLACEMENT_3D('',#1824,#1825,#1826);
#1824 = CARTESIAN_POINT('',(-15.,-7.,1.6));
#1825 = DIRECTION('',(-0.,1.,0.));
#1826 = DIRECTION('',(0.,0.,1.));
#1827 = DEFINITIONAL_REPRESENTATION('',(#1828),#1832);
#1828 = LINE('',#1829,#1830);
#1829 = CARTESIAN_POINT('',(0.,0.));
#1830 = VECTOR('',#1831,1.);
#1831 = DIRECTION('',(1.,0.));
#1832 = ( GEOMETRIC_REPRESENTATION_CONTEXT(2) 
PARAMETRIC_REPRESENTATION_CONTEXT() REPRESENTATION_CONTEXT('2D SPACE',''
  ) );
#1833 = ORIENTED_EDGE('',*,*,#1834,.T.);
#1834 = EDGE_CURVE('',#1800,#1835,#1837,.T.);
#1835 = VERTEX_POINT('',#1836);
#1836 = CARTESIAN_POINT('',(-15.,-5.,1.6));
#1837 = SURFACE_CURVE('',#1838,(#1842,#1849),.PCURVE_S1.);
#1838 = LINE('',#1839,#1840);
#1839 = CARTESIAN_POINT('',(-15.,-7.,1.6));
#1840 = VECTOR('',#1841,1.);
#1841 = DIRECTION('',(-0.,1.,0.));
#1842 = PCURVE('',#1810,#1843);
#1843 = DEFINITIONAL_REPRESENTATION('',(#1844),#1848);
#1844 = LINE('',#1845,#1846);
#1845 = CARTESIAN_POINT('',(0.,0.));
#1846 = VECTOR('',#1847,1.);
#1847 = DIRECTION('',(0.,-1.));
#1848 = ( GEOMETRIC_REPRESENTATION_CONTEXT(2) 
PARAMETRIC_REPRESENTATION_CONTEXT() REPRESENTATION_CONTEXT('2D SPACE',''
  ) );
#1849 = PCURVE('',#1850,#1855);
#1850 = PLANE('',#1851);
#1851 = AXIS2_PLACEMENT_3D('',#1852,#1853,#1854);
#1852 = CARTESIAN_POINT('',(-15.,-7.,1.6));
#1853 = DIRECTION('',(0.,0.,1.));
#1854 = DIRECTION('',(1.,0.,-0.));
#1855 = DEFINITIONAL_REPRESENTATION('',(#1856),#1860);
#1856 = LINE('',#1857,#1858);
#1857 = CARTESIAN_POINT('',(0.,0.));
#1858 = VECTOR('',#1859,1.);
#1859 = DIRECTION('',(0.,1.));
#1860 = ( GEOMETRIC_REPRESENTATION_CONTEXT(2) 
PARAMETRIC_REPRESENTATION_CONTEXT() REPRESENTATION_CONTEXT('2D SPACE',''
  ) );
#1861 = ORIENTED_EDGE('',*,*,#1862,.T.);
#1862 = EDGE_CURVE('',#1835,#1863,#1865,.T.);
#1863 = VERTEX_POINT('',#1864);
#1864 = CARTESIAN_POINT('',(-15.,-5.,1.9));
#1865 = SURFACE_CURVE('',#1866,(#1870,#1877),.PCURVE_S1.);
#1866 = LINE('',#1867,#1868);
#1867 = CARTESIAN_POINT('',(-15.,-5.,1.6));
#1868 = VECTOR('',#1869,1.);
#1869 = DIRECTION('',(0.,0.,1.));
#1870 = PCURVE('',#1810,#1871);
#1871 = DEFINITIONAL_REPRESENTATION('',(#1872),#1876);
#1872 = LINE('',#1873,#1874);
#1873 = CARTESIAN_POINT('',(0.,-2.));
#1874 = VECTOR('',#1875,1.);
#1875 = DIRECTION('',(1.,0.));
#1876 = ( GEOMETRIC_REPRESENTATION_CONTEXT(2) 
PARAMETRIC_REPRESENTATION_CONTEXT() REPRESENTATION_CONTEXT('2D SPACE',''
  ) );
#1877 = PCURVE('',#1878,#1883);
#1878 = PLANE('',#1879);
#1879 = AXIS2_PLACEMENT_3D('',#1880,#1881,#1882);
#1880 = CARTESIAN_POINT('',(-15.,-5.,1.6));
#1881 = DIRECTION('',(-0.,1.,0.));
#1882 = DIRECTION('',(0.,0.,1.));
#1883 = DEFINITIONAL_REPRESENTATION('',(#1884),#1888);
#1884 = LINE('',#1885,#1886);
#1885 = CARTESIAN_POINT('',(0.,0.));
#1886 = VECTOR('',#1887,1.);
#1887 = DIRECTION('',(1.,0.));
#1888 = ( GEOMETRIC_REPRESENTATION_CONTEXT(2) 
PARAMETRIC_REPRESENTATION_CONTEXT() REPRESENTATION_CONTEXT('2D SPACE',''
  ) );
#1889 = ORIENTED_EDGE('',*,*,#1890,.F.);
#1890 = EDGE_CURVE('',#1802,#1863,#1891,.T.);
#1891 = SURFACE_CURVE('',#1892,(#1896,#1903),.PCURVE_S1.);
#1892 = LINE('',#1893,#1894);
#1893 = CARTESIAN_POINT('',(-15.,-7.,1.9));
#1894 = VECTOR('',#1895,1.);
#1895 = DIRECTION('',(-0.,1.,0.));
#1896 = PCURVE('',#1810,#1897);
#1897 = DEFINITIONAL_REPRESENTATION('',(#1898),#1902);
#1898 = LINE('',#1899,#1900);
#1899 = CARTESIAN_POINT('',(0.3,0.));
#1900 = VECTOR('',#1901,1.);
#1901 = DIRECTION('',(0.,-1.));
#1902 = ( GEOMETRIC_REPRESENTATION_CONTEXT(2) 
PARAMETRIC_REPRESENTATION_CONTEXT() REPRESENTATION_CONTEXT('2D SPACE',''
  ) );
#1903 = PCURVE('',#1904,#1909);
#1904 = PLANE('',#1905);
#1905 = AXIS2_PLACEMENT_3D('',#1906,#1907,#1908);
#1906 = CARTESIAN_POINT('',(-15.,-7.,1.9));
#1907 = DIRECTION('',(0.,0.,1.));
#1908 = DIRECTION('',(1.,0.,-0.));
#1909 = DEFINITIONAL_REPRESENTATION('',(#1910),#1914);
#1910 = LINE('',#1911,#1912);
#1911 = CARTESIAN_POINT('',(0.,0.));
#1912 = VECTOR('',#1913,1.);
#1913 = DIRECTION('',(0.,1.));
#1914 = ( GEOMETRIC_REPRESENTATION_CONTEXT(2) 
PARAMETRIC_REPRESENTATION_CONTEXT() REPRESENTATION_CONTEXT('2D SPACE',''
  ) );
#1915 = ADVANCED_FACE('',(#1916),#1930,.T.);
#1916 = FACE_BOUND('',#1917,.T.);
#1917 = EDGE_LOOP('',(#1918,#1948,#1971,#1994));
#1918 = ORIENTED_EDGE('',*,*,#1919,.F.);
#1919 = EDGE_CURVE('',#1920,#1922,#1924,.T.);
#1920 = VERTEX_POINT('',#1921);
#1921 = CARTESIAN_POINT('',(-12.5,-7.,1.6));
#1922 = VERTEX_POINT('',#1923);
#1923 = CARTESIAN_POINT('',(-12.5,-7.,1.9));
#1924 = SURFACE_CURVE('',#1925,(#1929,#1941),.PCURVE_S1.);
#1925 = LINE('',#1926,#1927);
#1926 = CARTESIAN_POINT('',(-12.5,-7.,1.6));
#1927 = VECTOR('',#1928,1.);
#1928 = DIRECTION('',(0.,0.,1.));
#1929 = PCURVE('',#1930,#1935);
#1930 = PLANE('',#1931);
#1931 = AXIS2_PLACEMENT_3D('',#1932,#1933,#1934);
#1932 = CARTESIAN_POINT('',(-12.5,-7.,1.6));
#1933 = DIRECTION('',(1.,0.,-0.));
#1934 = DIRECTION('',(0.,0.,1.));
#1935 = DEFINITIONAL_REPRESENTATION('',(#1936),#1940);
#1936 = LINE('',#1937,#1938);
#1937 = CARTESIAN_POINT('',(0.,0.));
#1938 = VECTOR('',#1939,1.);
#1939 = DIRECTION('',(1.,0.));
#1940 = ( GEOMETRIC_REPRESENTATION_CONTEXT(2) 
PARAMETRIC_REPRESENTATION_CONTEXT() REPRESENTATION_CONTEXT('2D SPACE',''
  ) );
#1941 = PCURVE('',#1822,#1942);
#1942 = DEFINITIONAL_REPRESENTATION('',(#1943),#1947);
#1943 = LINE('',#1944,#1945);
#1944 = CARTESIAN_POINT('',(0.,2.5));
#1945 = VECTOR('',#1946,1.);
#1946 = DIRECTION('',(1.,0.));
#1947 = ( GEOMETRIC_REPRESENTATION_CONTEXT(2) 
PARAMETRIC_REPRESENTATION_CONTEXT() REPRESENTATION_CONTEXT('2D SPACE',''
  ) );
#1948 = ORIENTED_EDGE('',*,*,#1949,.T.);
#1949 = EDGE_CURVE('',#1920,#1950,#1952,.T.);
#1950 = VERTEX_POINT('',#1951);
#1951 = CARTESIAN_POINT('',(-12.5,-5.,1.6));
#1952 = SURFACE_CURVE('',#1953,(#1957,#1964),.PCURVE_S1.);
#1953 = LINE('',#1954,#1955);
#1954 = CARTESIAN_POINT('',(-12.5,-7.,1.6));
#1955 = VECTOR('',#1956,1.);
#1956 = DIRECTION('',(-0.,1.,0.));
#1957 = PCURVE('',#1930,#1958);
#1958 = DEFINITIONAL_REPRESENTATION('',(#1959),#1963);
#1959 = LINE('',#1960,#1961);
#1960 = CARTESIAN_POINT('',(0.,0.));
#1961 = VECTOR('',#1962,1.);
#1962 = DIRECTION('',(0.,-1.));
#1963 = ( GEOMETRIC_REPRESENTATION_CONTEXT(2) 
PARAMETRIC_REPRESENTATION_CONTEXT() REPRESENTATION_CONTEXT('2D SPACE',''
  ) );
#1964 = PCURVE('',#1850,#1965);
#1965 = DEFINITIONAL_REPRESENTATION('',(#1966),#1970);
#1966 = LINE('',#1967,#1968);
#1967 = CARTESIAN_POINT('',(2.5,0.));
#1968 = VECTOR('',#1969,1.);
#1969 = DIRECTION('',(0.,1.));
#1970 = ( GEOMETRIC_REPRESENTATION_CONTEXT(2) 
PARAMETRIC_REPRESENTATION_CONTEXT() REPRESENTATION_CONTEXT('2D SPACE',''
  ) );
#1971 = ORIENTED_EDGE('',*,*,#1972,.T.);
#1972 = EDGE_CURVE('',#1950,#1973,#1975,.T.);
#1973 = VERTEX_POINT('',#1974);
#1974 = CARTESIAN_POINT('',(-12.5,-5.,1.9));
#1975 = SURFACE_CURVE('',#1976,(#1980,#1987),.PCURVE_S1.);
#1976 = LINE('',#1977,#1978);
#1977 = CARTESIAN_POINT('',(-12.5,-5.,1.6));
#1978 = VECTOR('',#1979,1.);
#1979 = DIRECTION('',(0.,0.,1.));
#1980 = PCURVE('',#1930,#1981);
#1981 = DEFINITIONAL_REPRESENTATION('',(#1982),#1986);
#1982 = LINE('',#1983,#1984);
#1983 = CARTESIAN_POINT('',(0.,-2.));
#1984 = VECTOR('',#1985,1.);
#1985 = DIRECTION('',(1.,0.));
#1986 = ( GEOMETRIC_REPRESENTATION_CONTEXT(2) 
PARAMETRIC_REPRESENTATION_CONTEXT() REPRESENTATION_CONTEXT('2D SPACE',''
  ) );
#1987 = PCURVE('',#1878,#1988);
#1988 = DEFINITIONAL_REPRESENTATION('',(#1989),#1993);
#1989 = LINE('',#1990,#1991);
#1990 = CARTESIAN_POINT('',(0.,2.5));
#1991 = VECTOR('',#1992,1.);
#1992 = DIRECTION('',(1.,0.));
#1993 = ( GEOMETRIC_REPRESENTATION_CONTEXT(2) 
PARAMETRIC_REPRESENTATION_CONTEXT() REPRESENTATION_CONTEXT('2D SPACE',''
  ) );
#1994 = ORIENTED_EDGE('',*,*,#1995,.F.);
#1995 = EDGE_CURVE('',#1922,#1973,#1996,.T.);
#1996 = SURFACE_CURVE('',#1997,(#2001,#2008),.PCURVE_S1.);
#1997 = LINE('',#1998,#1999);
#1998 = CARTESIAN_POINT('',(-12.5,-7.,1.9));
#1999 = VECTOR('',#2000,1.);
#2000 = DIRECTION('',(-0.,1.,0.));
#2001 = PCURVE('',#1930,#2002);
#2002 = DEFINITIONAL_REPRESENTATION('',(#2003),#2007);
#2003 = LINE('',#2004,#2005);
#2004 = CARTESIAN_POINT('',(0.3,0.));
#2005 = VECTOR('',#2006,1.);
#2006 = DIRECTION('',(0.,-1.));
#2007 = ( GEOMETRIC_REPRESENTATION_CONTEXT(2) 
PARAMETRIC_REPRESENTATION_CONTEXT() REPRESENTATION_CONTEXT('2D SPACE',''
  ) );
#2008 = PCURVE('',#1904,#2009);
#2009 = DEFINITIONAL_REPRESENTATION('',(#2010),#2014);
#2010 = LINE('',#2011,#2012);
#2011 = CARTESIAN_POINT('',(2.5,0.));
#2012 = VECTOR('',#2013,1.);
#2013 = DIRECTION('',(0.,1.));
#2014 = ( GEOMETRIC_REPRESENTATION_CONTEXT(2) 
PARAMETRIC_REPRESENTATION_CONTEXT() REPRESENTATION_CONTEXT('2D SPACE',''
  ) );
#2015 = ADVANCED_FACE('',(#2016),#1822,.F.);
#2016 = FACE_BOUND('',#2017,.F.);
#2017 = EDGE_LOOP('',(#2018,#2039,#2040,#2061));
#2018 = ORIENTED_EDGE('',*,*,#2019,.F.);
#2019 = EDGE_CURVE('',#1800,#1920,#2020,.T.);
#2020 = SURFACE_CURVE('',#2021,(#2025,#2032),.PCURVE_S1.);
#2021 = LINE('',#2022,#2023);
#2022 = CARTESIAN_POINT('',(-15.,-7.,1.6));
#2023 = VECTOR('',#2024,1.);
#2024 = DIRECTION('',(1.,0.,-0.));
#2025 = PCURVE('',#1822,#2026);
#2026 = DEFINITIONAL_REPRESENTATION('',(#2027),#2031);
#2027 = LINE('',#2028,#2029);
#2028 = CARTESIAN_POINT('',(0.,0.));
#2029 = VECTOR('',#2030,1.);
#2030 = DIRECTION('',(0.,1.));
#2031 = ( GEOMETRIC_REPRESENTATION_CONTEXT(2) 
PARAMETRIC_REPRESENTATION_CONTEXT() REPRESENTATION_CONTEXT('2D SPACE',''
  ) );
#2032 = PCURVE('',#1850,#2033);
#2033 = DEFINITIONAL_REPRESENTATION('',(#2034),#2038);
#2034 = LINE('',#2035,#2036);
#2035 = CARTESIAN_POINT('',(0.,0.));
#2036 = VECTOR('',#2037,1.);
#2037 = DIRECTION('',(1.,0.));
#2038 = ( GEOMETRIC_REPRESENTATION_CONTEXT(2) 
PARAMETRIC_REPRESENTATION_CONTEXT() REPRESENTATION_CONTEXT('2D SPACE',''
  ) );
#2039 = ORIENTED_EDGE('',*,*,#1799,.T.);
#2040 = ORIENTED_EDGE('',*,*,#2041,.T.);
#2041 = EDGE_CURVE('',#1802,#1922,#2042,.T.);
#2042 = SURFACE_CURVE('',#2043,(#2047,#2054),.PCURVE_S1.);
#2043 = LINE('',#2044,#2045);
#2044 = CARTESIAN_POINT('',(-15.,-7.,1.9));
#2045 = VECTOR('',#2046,1.);
#2046 = DIRECTION('',(1.,0.,-0.));
#2047 = PCURVE('',#1822,#2048);
#2048 = DEFINITIONAL_REPRESENTATION('',(#2049),#2053);
#2049 = LINE('',#2050,#2051);
#2050 = CARTESIAN_POINT('',(0.3,0.));
#2051 = VECTOR('',#2052,1.);
#2052 = DIRECTION('',(0.,1.));
#2053 = ( GEOMETRIC_REPRESENTATION_CONTEXT(2) 
PARAMETRIC_REPRESENTATION_CONTEXT() REPRESENTATION_CONTEXT('2D SPACE',''
  ) );
#2054 = PCURVE('',#1904,#2055);
#2055 = DEFINITIONAL_REPRESENTATION('',(#2056),#2060);
#2056 = LINE('',#2057,#2058);
#2057 = CARTESIAN_POINT('',(0.,0.));
#2058 = VECTOR('',#2059,1.);
#2059 = DIRECTION('',(1.,0.));
#2060 = ( GEOMETRIC_REPRESENTATION_CONTEXT(2) 
PARAMETRIC_REPRESENTATION_CONTEXT() REPRESENTATION_CONTEXT('2D SPACE',''
  ) );
#2061 = ORIENTED_EDGE('',*,*,#1919,.F.);
#2062 = ADVANCED_FACE('',(#2063),#1878,.T.);
#2063 = FACE_BOUND('',#2064,.T.);
#2064 = EDGE_LOOP('',(#2065,#2086,#2087,#2108));
#2065 = ORIENTED_EDGE('',*,*,#2066,.F.);
#2066 = EDGE_CURVE('',#1835,#1950,#2067,.T.);
#2067 = SURFACE_CURVE('',#2068,(#2072,#2079),.PCURVE_S1.);
#2068 = LINE('',#2069,#2070);
#2069 = CARTESIAN_POINT('',(-15.,-5.,1.6));
#2070 = VECTOR('',#2071,1.);
#2071 = DIRECTION('',(1.,0.,-0.));
#2072 = PCURVE('',#1878,#2073);
#2073 = DEFINITIONAL_REPRESENTATION('',(#2074),#2078);
#2074 = LINE('',#2075,#2076);
#2075 = CARTESIAN_POINT('',(0.,0.));
#2076 = VECTOR('',#2077,1.);
#2077 = DIRECTION('',(0.,1.));
#2078 = ( GEOMETRIC_REPRESENTATION_CONTEXT(2) 
PARAMETRIC_REPRESENTATION_CONTEXT() REPRESENTATION_CONTEXT('2D SPACE',''
  ) );
#2079 = PCURVE('',#1850,#2080);
#2080 = DEFINITIONAL_REPRESENTATION('',(#2081),#2085);
#2081 = LINE('',#2082,#2083);
#2082 = CARTESIAN_POINT('',(0.,2.));
#2083 = VECTOR('',#2084,1.);
#2084 = DIRECTION('',(1.,0.));
#2085 = ( GEOMETRIC_REPRESENTATION_CONTEXT(2) 
PARAMETRIC_REPRESENTATION_CONTEXT() REPRESENTATION_CONTEXT('2D SPACE',''
  ) );
#2086 = ORIENTED_EDGE('',*,*,#1862,.T.);
#2087 = ORIENTED_EDGE('',*,*,#2088,.T.);
#2088 = EDGE_CURVE('',#1863,#1973,#2089,.T.);
#2089 = SURFACE_CURVE('',#2090,(#2094,#2101),.PCURVE_S1.);
#2090 = LINE('',#2091,#2092);
#2091 = CARTESIAN_POINT('',(-15.,-5.,1.9));
#2092 = VECTOR('',#2093,1.);
#2093 = DIRECTION('',(1.,0.,-0.));
#2094 = PCURVE('',#1878,#2095);
#2095 = DEFINITIONAL_REPRESENTATION('',(#2096),#2100);
#2096 = LINE('',#2097,#2098);
#2097 = CARTESIAN_POINT('',(0.3,0.));
#2098 = VECTOR('',#2099,1.);
#2099 = DIRECTION('',(0.,1.));
#2100 = ( GEOMETRIC_REPRESENTATION_CONTEXT(2) 
PARAMETRIC_REPRESENTATION_CONTEXT() REPRESENTATION_CONTEXT('2D SPACE',''
  ) );
#2101 = PCURVE('',#1904,#2102);
#2102 = DEFINITIONAL_REPRESENTATION('',(#2103),#2107);
#2103 = LINE('',#2104,#2105);
#2104 = CARTESIAN_POINT('',(0.,2.));
#2105 = VECTOR('',#2106,1.);
#2106 = DIRECTION('',(1.,0.));
#2107 = ( GEOMETRIC_REPRESENTATION_CONTEXT(2) 
PARAMETRIC_REPRESENTATION_CONTEXT() REPRESENTATION_CONTEXT('2D SPACE',''
  ) );
#2108 = ORIENTED_EDGE('',*,*,#1972,.F.);
#2109 = ADVANCED_FACE('',(#2110),#1850,.F.);
#2110 = FACE_BOUND('',#2111,.F.);
#2111 = EDGE_LOOP('',(#2112,#2113,#2114,#2115));
#2112 = ORIENTED_EDGE('',*,*,#1834,.F.);
#2113 = ORIENTED_EDGE('',*,*,#2019,.T.);
#2114 = ORIENTED_EDGE('',*,*,#1949,.T.);
#2115 = ORIENTED_EDGE('',*,*,#2066,.F.);
#2116 = ADVANCED_FACE('',(#2117),#1904,.T.);
#2117 = FACE_BOUND('',#2118,.T.);
#2118 = EDGE_LOOP('',(#2119,#2120,#2121,#2122));
#2119 = ORIENTED_EDGE('',*,*,#1890,.F.);
#2120 = ORIENTED_EDGE('',*,*,#2041,.T.);
#2121 = ORIENTED_EDGE('',*,*,#1995,.T.);
#2122 = ORIENTED_EDGE('',*,*,#2088,.F.);
#2123 = MANIFOLD_SOLID_BREP('',#2124);
#2124 = CLOSED_SHELL('',(#2125,#2245,#2345,#2392,#2439,#2446));
#2125 = ADVANCED_FACE('',(#2126),#2140,.F.);
#2126 = FACE_BOUND('',#2127,.F.);
#2127 = EDGE_LOOP('',(#2128,#2163,#2191,#2219));
#2128 = ORIENTED_EDGE('',*,*,#2129,.F.);
#2129 = EDGE_CURVE('',#2130,#2132,#2134,.T.);
#2130 = VERTEX_POINT('',#2131);
#2131 = CARTESIAN_POINT('',(-15.,-10.,1.6));
#2132 = VERTEX_POINT('',#2133);
#2133 = CARTESIAN_POINT('',(-15.,-10.,1.9));
#2134 = SURFACE_CURVE('',#2135,(#2139,#2151),.PCURVE_S1.);
#2135 = LINE('',#2136,#2137);
#2136 = CARTESIAN_POINT('',(-15.,-10.,1.6));
#2137 = VECTOR('',#2138,1.);
#2138 = DIRECTION('',(0.,0.,1.));
#2139 = PCURVE('',#2140,#2145);
#2140 = PLANE('',#2141);
#2141 = AXIS2_PLACEMENT_3D('',#2142,#2143,#2144);
#2142 = CARTESIAN_POINT('',(-15.,-10.,1.6));
#2143 = DIRECTION('',(1.,0.,-0.));
#2144 = DIRECTION('',(0.,0.,1.));
#2145 = DEFINITIONAL_REPRESENTATION('',(#2146),#2150);
#2146 = LINE('',#2147,#2148);
#2147 = CARTESIAN_POINT('',(0.,0.));
#2148 = VECTOR('',#2149,1.);
#2149 = DIRECTION('',(1.,0.));
#2150 = ( GEOMETRIC_REPRESENTATION_CONTEXT(2) 
PARAMETRIC_REPRESENTATION_CONTEXT() REPRESENTATION_CONTEXT('2D SPACE',''
  ) );
#2151 = PCURVE('',#2152,#2157);
#2152 = PLANE('',#2153);
#2153 = AXIS2_PLACEMENT_3D('',#2154,#2155,#2156);
#2154 = CARTESIAN_POINT('',(-15.,-10.,1.6));
#2155 = DIRECTION('',(-0.,1.,0.));
#2156 = DIRECTION('',(0.,0.,1.));
#2157 = DEFINITIONAL_REPRESENTATION('',(#2158),#2162);
#2158 = LINE('',#2159,#2160);
#2159 = CARTESIAN_POINT('',(0.,0.));
#2160 = VECTOR('',#2161,1.);
#2161 = DIRECTION('',(1.,0.));
#2162 = ( GEOMETRIC_REPRESENTATION_CONTEXT(2) 
PARAMETRIC_REPRESENTATION_CONTEXT() REPRESENTATION_CONTEXT('2D SPACE',''
  ) );
#2163 = ORIENTED_EDGE('',*,*,#2164,.T.);
#2164 = EDGE_CURVE('',#2130,#2165,#2167,.T.);
#2165 = VERTEX_POINT('',#2166);
#2166 = CARTESIAN_POINT('',(-15.,-8.,1.6));
#2167 = SURFACE_CURVE('',#2168,(#2172,#2179),.PCURVE_S1.);
#2168 = LINE('',#2169,#2170);
#2169 = CARTESIAN_POINT('',(-15.,-10.,1.6));
#2170 = VECTOR('',#2171,1.);
#2171 = DIRECTION('',(-0.,1.,0.));
#2172 = PCURVE('',#2140,#2173);
#2173 = DEFINITIONAL_REPRESENTATION('',(#2174),#2178);
#2174 = LINE('',#2175,#2176);
#2175 = CARTESIAN_POINT('',(0.,0.));
#2176 = VECTOR('',#2177,1.);
#2177 = DIRECTION('',(0.,-1.));
#2178 = ( GEOMETRIC_REPRESENTATION_CONTEXT(2) 
PARAMETRIC_REPRESENTATION_CONTEXT() REPRESENTATION_CONTEXT('2D SPACE',''
  ) );
#2179 = PCURVE('',#2180,#2185);
#2180 = PLANE('',#2181);
#2181 = AXIS2_PLACEMENT_3D('',#2182,#2183,#2184);
#2182 = CARTESIAN_POINT('',(-15.,-10.,1.6));
#2183 = DIRECTION('',(0.,0.,1.));
#2184 = DIRECTION('',(1.,0.,-0.));
#2185 = DEFINITIONAL_REPRESENTATION('',(#2186),#2190);
#2186 = LINE('',#2187,#2188);
#2187 = CARTESIAN_POINT('',(0.,0.));
#2188 = VECTOR('',#2189,1.);
#2189 = DIRECTION('',(0.,1.));
#2190 = ( GEOMETRIC_REPRESENTATION_CONTEXT(2) 
PARAMETRIC_REPRESENTATION_CONTEXT() REPRESENTATION_CONTEXT('2D SPACE',''
  ) );
#2191 = ORIENTED_EDGE('',*,*,#2192,.T.);
#2192 = EDGE_CURVE('',#2165,#2193,#2195,.T.);
#2193 = VERTEX_POINT('',#2194);
#2194 = CARTESIAN_POINT('',(-15.,-8.,1.9));
#2195 = SURFACE_CURVE('',#2196,(#2200,#2207),.PCURVE_S1.);
#2196 = LINE('',#2197,#2198);
#2197 = CARTESIAN_POINT('',(-15.,-8.,1.6));
#2198 = VECTOR('',#2199,1.);
#2199 = DIRECTION('',(0.,0.,1.));
#2200 = PCURVE('',#2140,#2201);
#2201 = DEFINITIONAL_REPRESENTATION('',(#2202),#2206);
#2202 = LINE('',#2203,#2204);
#2203 = CARTESIAN_POINT('',(0.,-2.));
#2204 = VECTOR('',#2205,1.);
#2205 = DIRECTION('',(1.,0.));
#2206 = ( GEOMETRIC_REPRESENTATION_CONTEXT(2) 
PARAMETRIC_REPRESENTATION_CONTEXT() REPRESENTATION_CONTEXT('2D SPACE',''
  ) );
#2207 = PCURVE('',#2208,#2213);
#2208 = PLANE('',#2209);
#2209 = AXIS2_PLACEMENT_3D('',#2210,#2211,#2212);
#2210 = CARTESIAN_POINT('',(-15.,-8.,1.6));
#2211 = DIRECTION('',(-0.,1.,0.));
#2212 = DIRECTION('',(0.,0.,1.));
#2213 = DEFINITIONAL_REPRESENTATION('',(#2214),#2218);
#2214 = LINE('',#2215,#2216);
#2215 = CARTESIAN_POINT('',(0.,0.));
#2216 = VECTOR('',#2217,1.);
#2217 = DIRECTION('',(1.,0.));
#2218 = ( GEOMETRIC_REPRESENTATION_CONTEXT(2) 
PARAMETRIC_REPRESENTATION_CONTEXT() REPRESENTATION_CONTEXT('2D SPACE',''
  ) );
#2219 = ORIENTED_EDGE('',*,*,#2220,.F.);
#2220 = EDGE_CURVE('',#2132,#2193,#2221,.T.);
#2221 = SURFACE_CURVE('',#2222,(#2226,#2233),.PCURVE_S1.);
#2222 = LINE('',#2223,#2224);
#2223 = CARTESIAN_POINT('',(-15.,-10.,1.9));
#2224 = VECTOR('',#2225,1.);
#2225 = DIRECTION('',(-0.,1.,0.));
#2226 = PCURVE('',#2140,#2227);
#2227 = DEFINITIONAL_REPRESENTATION('',(#2228),#2232);
#2228 = LINE('',#2229,#2230);
#2229 = CARTESIAN_POINT('',(0.3,0.));
#2230 = VECTOR('',#2231,1.);
#2231 = DIRECTION('',(0.,-1.));
#2232 = ( GEOMETRIC_REPRESENTATION_CONTEXT(2) 
PARAMETRIC_REPRESENTATION_CONTEXT() REPRESENTATION_CONTEXT('2D SPACE',''
  ) );
#2233 = PCURVE('',#2234,#2239);
#2234 = PLANE('',#2235);
#2235 = AXIS2_PLACEMENT_3D('',#2236,#2237,#2238);
#2236 = CARTESIAN_POINT('',(-15.,-10.,1.9));
#2237 = DIRECTION('',(0.,0.,1.));
#2238 = DIRECTION('',(1.,0.,-0.));
#2239 = DEFINITIONAL_REPRESENTATION('',(#2240),#2244);
#2240 = LINE('',#2241,#2242);
#2241 = CARTESIAN_POINT('',(0.,0.));
#2242 = VECTOR('',#2243,1.);
#2243 = DIRECTION('',(0.,1.));
#2244 = ( GEOMETRIC_REPRESENTATION_CONTEXT(2) 
PARAMETRIC_REPRESENTATION_CONTEXT() REPRESENTATION_CONTEXT('2D SPACE',''
  ) );
#2245 = ADVANCED_FACE('',(#2246),#2260,.T.);
#2246 = FACE_BOUND('',#2247,.T.);
#2247 = EDGE_LOOP('',(#2248,#2278,#2301,#2324));
#2248 = ORIENTED_EDGE('',*,*,#2249,.F.);
#2249 = EDGE_CURVE('',#2250,#2252,#2254,.T.);
#2250 = VERTEX_POINT('',#2251);
#2251 = CARTESIAN_POINT('',(-12.5,-10.,1.6));
#2252 = VERTEX_POINT('',#2253);
#2253 = CARTESIAN_POINT('',(-12.5,-10.,1.9));
#2254 = SURFACE_CURVE('',#2255,(#2259,#2271),.PCURVE_S1.);
#2255 = LINE('',#2256,#2257);
#2256 = CARTESIAN_POINT('',(-12.5,-10.,1.6));
#2257 = VECTOR('',#2258,1.);
#2258 = DIRECTION('',(0.,0.,1.));
#2259 = PCURVE('',#2260,#2265);
#2260 = PLANE('',#2261);
#2261 = AXIS2_PLACEMENT_3D('',#2262,#2263,#2264);
#2262 = CARTESIAN_POINT('',(-12.5,-10.,1.6));
#2263 = DIRECTION('',(1.,0.,-0.));
#2264 = DIRECTION('',(0.,0.,1.));
#2265 = DEFINITIONAL_REPRESENTATION('',(#2266),#2270);
#2266 = LINE('',#2267,#2268);
#2267 = CARTESIAN_POINT('',(0.,0.));
#2268 = VECTOR('',#2269,1.);
#2269 = DIRECTION('',(1.,0.));
#2270 = ( GEOMETRIC_REPRESENTATION_CONTEXT(2) 
PARAMETRIC_REPRESENTATION_CONTEXT() REPRESENTATION_CONTEXT('2D SPACE',''
  ) );
#2271 = PCURVE('',#2152,#2272);
#2272 = DEFINITIONAL_REPRESENTATION('',(#2273),#2277);
#2273 = LINE('',#2274,#2275);
#2274 = CARTESIAN_POINT('',(0.,2.5));
#2275 = VECTOR('',#2276,1.);
#2276 = DIRECTION('',(1.,0.));
#2277 = ( GEOMETRIC_REPRESENTATION_CONTEXT(2) 
PARAMETRIC_REPRESENTATION_CONTEXT() REPRESENTATION_CONTEXT('2D SPACE',''
  ) );
#2278 = ORIENTED_EDGE('',*,*,#2279,.T.);
#2279 = EDGE_CURVE('',#2250,#2280,#2282,.T.);
#2280 = VERTEX_POINT('',#2281);
#2281 = CARTESIAN_POINT('',(-12.5,-8.,1.6));
#2282 = SURFACE_CURVE('',#2283,(#2287,#2294),.PCURVE_S1.);
#2283 = LINE('',#2284,#2285);
#2284 = CARTESIAN_POINT('',(-12.5,-10.,1.6));
#2285 = VECTOR('',#2286,1.);
#2286 = DIRECTION('',(-0.,1.,0.));
#2287 = PCURVE('',#2260,#2288);
#2288 = DEFINITIONAL_REPRESENTATION('',(#2289),#2293);
#2289 = LINE('',#2290,#2291);
#2290 = CARTESIAN_POINT('',(0.,0.));
#2291 = VECTOR('',#2292,1.);
#2292 = DIRECTION('',(0.,-1.));
#2293 = ( GEOMETRIC_REPRESENTATION_CONTEXT(2) 
PARAMETRIC_REPRESENTATION_CONTEXT() REPRESENTATION_CONTEXT('2D SPACE',''
  ) );
#2294 = PCURVE('',#2180,#2295);
#2295 = DEFINITIONAL_REPRESENTATION('',(#2296),#2300);
#2296 = LINE('',#2297,#2298);
#2297 = CARTESIAN_POINT('',(2.5,0.));
#2298 = VECTOR('',#2299,1.);
#2299 = DIRECTION('',(0.,1.));
#2300 = ( GEOMETRIC_REPRESENTATION_CONTEXT(2) 
PARAMETRIC_REPRESENTATION_CONTEXT() REPRESENTATION_CONTEXT('2D SPACE',''
  ) );
#2301 = ORIENTED_EDGE('',*,*,#2302,.T.);
#2302 = EDGE_CURVE('',#2280,#2303,#2305,.T.);
#2303 = VERTEX_POINT('',#2304);
#2304 = CARTESIAN_POINT('',(-12.5,-8.,1.9));
#2305 = SURFACE_CURVE('',#2306,(#2310,#2317),.PCURVE_S1.);
#2306 = LINE('',#2307,#2308);
#2307 = CARTESIAN_POINT('',(-12.5,-8.,1.6));
#2308 = VECTOR('',#2309,1.);
#2309 = DIRECTION('',(0.,0.,1.));
#2310 = PCURVE('',#2260,#2311);
#2311 = DEFINITIONAL_REPRESENTATION('',(#2312),#2316);
#2312 = LINE('',#2313,#2314);
#2313 = CARTESIAN_POINT('',(0.,-2.));
#2314 = VECTOR('',#2315,1.);
#2315 = DIRECTION('',(1.,0.));
#2316 = ( GEOMETRIC_REPRESENTATION_CONTEXT(2) 
PARAMETRIC_REPRESENTATION_CONTEXT() REPRESENTATION_CONTEXT('2D SPACE',''
  ) );
#2317 = PCURVE('',#2208,#2318);
#2318 = DEFINITIONAL_REPRESENTATION('',(#2319),#2323);
#2319 = LINE('',#2320,#2321);
#2320 = CARTESIAN_POINT('',(0.,2.5));
#2321 = VECTOR('',#2322,1.);
#2322 = DIRECTION('',(1.,0.));
#2323 = ( GEOMETRIC_REPRESENTATION_CONTEXT(2) 
PARAMETRIC_REPRESENTATION_CONTEXT() REPRESENTATION_CONTEXT('2D SPACE',''
  ) );
#2324 = ORIENTED_EDGE('',*,*,#2325,.F.);
#2325 = EDGE_CURVE('',#2252,#2303,#2326,.T.);
#2326 = SURFACE_CURVE('',#2327,(#2331,#2338),.PCURVE_S1.);
#2327 = LINE('',#2328,#2329);
#2328 = CARTESIAN_POINT('',(-12.5,-10.,1.9));
#2329 = VECTOR('',#2330,1.);
#2330 = DIRECTION('',(-0.,1.,0.));
#2331 = PCURVE('',#2260,#2332);
#2332 = DEFINITIONAL_REPRESENTATION('',(#2333),#2337);
#2333 = LINE('',#2334,#2335);
#2334 = CARTESIAN_POINT('',(0.3,0.));
#2335 = VECTOR('',#2336,1.);
#2336 = DIRECTION('',(0.,-1.));
#2337 = ( GEOMETRIC_REPRESENTATION_CONTEXT(2) 
PARAMETRIC_REPRESENTATION_CONTEXT() REPRESENTATION_CONTEXT('2D SPACE',''
  ) );
#2338 = PCURVE('',#2234,#2339);
#2339 = DEFINITIONAL_REPRESENTATION('',(#2340),#2344);
#2340 = LINE('',#2341,#2342);
#2341 = CARTESIAN_POINT('',(2.5,0.));
#2342 = VECTOR('',#2343,1.);
#2343 = DIRECTION('',(0.,1.));
#2344 = ( GEOMETRIC_REPRESENTATION_CONTEXT(2) 
PARAMETRIC_REPRESENTATION_CONTEXT() REPRESENTATION_CONTEXT('2D SPACE',''
  ) );
#2345 = ADVANCED_FACE('',(#2346),#2152,.F.);
#2346 = FACE_BOUND('',#2347,.F.);
#2347 = EDGE_LOOP('',(#2348,#2369,#2370,#2391));
#2348 = ORIENTED_EDGE('',*,*,#2349,.F.);
#2349 = EDGE_CURVE('',#2130,#2250,#2350,.T.);
#2350 = SURFACE_CURVE('',#2351,(#2355,#2362),.PCURVE_S1.);
#2351 = LINE('',#2352,#2353);
#2352 = CARTESIAN_POINT('',(-15.,-10.,1.6));
#2353 = VECTOR('',#2354,1.);
#2354 = DIRECTION('',(1.,0.,-0.));
#2355 = PCURVE('',#2152,#2356);
#2356 = DEFINITIONAL_REPRESENTATION('',(#2357),#2361);
#2357 = LINE('',#2358,#2359);
#2358 = CARTESIAN_POINT('',(0.,0.));
#2359 = VECTOR('',#2360,1.);
#2360 = DIRECTION('',(0.,1.));
#2361 = ( GEOMETRIC_REPRESENTATION_CONTEXT(2) 
PARAMETRIC_REPRESENTATION_CONTEXT() REPRESENTATION_CONTEXT('2D SPACE',''
  ) );
#2362 = PCURVE('',#2180,#2363);
#2363 = DEFINITIONAL_REPRESENTATION('',(#2364),#2368);
#2364 = LINE('',#2365,#2366);
#2365 = CARTESIAN_POINT('',(0.,0.));
#2366 = VECTOR('',#2367,1.);
#2367 = DIRECTION('',(1.,0.));
#2368 = ( GEOMETRIC_REPRESENTATION_CONTEXT(2) 
PARAMETRIC_REPRESENTATION_CONTEXT() REPRESENTATION_CONTEXT('2D SPACE',''
  ) );
#2369 = ORIENTED_EDGE('',*,*,#2129,.T.);
#2370 = ORIENTED_EDGE('',*,*,#2371,.T.);
#2371 = EDGE_CURVE('',#2132,#2252,#2372,.T.);
#2372 = SURFACE_CURVE('',#2373,(#2377,#2384),.PCURVE_S1.);
#2373 = LINE('',#2374,#2375);
#2374 = CARTESIAN_POINT('',(-15.,-10.,1.9));
#2375 = VECTOR('',#2376,1.);
#2376 = DIRECTION('',(1.,0.,-0.));
#2377 = PCURVE('',#2152,#2378);
#2378 = DEFINITIONAL_REPRESENTATION('',(#2379),#2383);
#2379 = LINE('',#2380,#2381);
#2380 = CARTESIAN_POINT('',(0.3,0.));
#2381 = VECTOR('',#2382,1.);
#2382 = DIRECTION('',(0.,1.));
#2383 = ( GEOMETRIC_REPRESENTATION_CONTEXT(2) 
PARAMETRIC_REPRESENTATION_CONTEXT() REPRESENTATION_CONTEXT('2D SPACE',''
  ) );
#2384 = PCURVE('',#2234,#2385);
#2385 = DEFINITIONAL_REPRESENTATION('',(#2386),#2390);
#2386 = LINE('',#2387,#2388);
#2387 = CARTESIAN_POINT('',(0.,0.));
#2388 = VECTOR('',#2389,1.);
#2389 = DIRECTION('',(1.,0.));
#2390 = ( GEOMETRIC_REPRESENTATION_CONTEXT(2) 
PARAMETRIC_REPRESENTATION_CONTEXT() REPRESENTATION_CONTEXT('2D SPACE',''
  ) );
#2391 = ORIENTED_EDGE('',*,*,#2249,.F.);
#2392 = ADVANCED_FACE('',(#2393),#2208,.T.);
#2393 = FACE_BOUND('',#2394,.T.);
#2394 = EDGE_LOOP('',(#2395,#2416,#2417,#2438));
#2395 = ORIENTED_EDGE('',*,*,#2396,.F.);
#2396 = EDGE_CURVE('',#2165,#2280,#2397,.T.);
#2397 = SURFACE_CURVE('',#2398,(#2402,#2409),.PCURVE_S1.);
#2398 = LINE('',#2399,#2400);
#2399 = CARTESIAN_POINT('',(-15.,-8.,1.6));
#2400 = VECTOR('',#2401,1.);
#2401 = DIRECTION('',(1.,0.,-0.));
#2402 = PCURVE('',#2208,#2403);
#2403 = DEFINITIONAL_REPRESENTATION('',(#2404),#2408);
#2404 = LINE('',#2405,#2406);
#2405 = CARTESIAN_POINT('',(0.,0.));
#2406 = VECTOR('',#2407,1.);
#2407 = DIRECTION('',(0.,1.));
#2408 = ( GEOMETRIC_REPRESENTATION_CONTEXT(2) 
PARAMETRIC_REPRESENTATION_CONTEXT() REPRESENTATION_CONTEXT('2D SPACE',''
  ) );
#2409 = PCURVE('',#2180,#2410);
#2410 = DEFINITIONAL_REPRESENTATION('',(#2411),#2415);
#2411 = LINE('',#2412,#2413);
#2412 = CARTESIAN_POINT('',(0.,2.));
#2413 = VECTOR('',#2414,1.);
#2414 = DIRECTION('',(1.,0.));
#2415 = ( GEOMETRIC_REPRESENTATION_CONTEXT(2) 
PARAMETRIC_REPRESENTATION_CONTEXT() REPRESENTATION_CONTEXT('2D SPACE',''
  ) );
#2416 = ORIENTED_EDGE('',*,*,#2192,.T.);
#2417 = ORIENTED_EDGE('',*,*,#2418,.T.);
#2418 = EDGE_CURVE('',#2193,#2303,#2419,.T.);
#2419 = SURFACE_CURVE('',#2420,(#2424,#2431),.PCURVE_S1.);
#2420 = LINE('',#2421,#2422);
#2421 = CARTESIAN_POINT('',(-15.,-8.,1.9));
#2422 = VECTOR('',#2423,1.);
#2423 = DIRECTION('',(1.,0.,-0.));
#2424 = PCURVE('',#2208,#2425);
#2425 = DEFINITIONAL_REPRESENTATION('',(#2426),#2430);
#2426 = LINE('',#2427,#2428);
#2427 = CARTESIAN_POINT('',(0.3,0.));
#2428 = VECTOR('',#2429,1.);
#2429 = DIRECTION('',(0.,1.));
#2430 = ( GEOMETRIC_REPRESENTATION_CONTEXT(2) 
PARAMETRIC_REPRESENTATION_CONTEXT() REPRESENTATION_CONTEXT('2D SPACE',''
  ) );
#2431 = PCURVE('',#2234,#2432);
#2432 = DEFINITIONAL_REPRESENTATION('',(#2433),#2437);
#2433 = LINE('',#2434,#2435);
#2434 = CARTESIAN_POINT('',(0.,2.));
#2435 = VECTOR('',#2436,1.);
#2436 = DIRECTION('',(1.,0.));
#2437 = ( GEOMETRIC_REPRESENTATION_CONTEXT(2) 
PARAMETRIC_REPRESENTATION_CONTEXT() REPRESENTATION_CONTEXT('2D SPACE',''
  ) );
#2438 = ORIENTED_EDGE('',*,*,#2302,.F.);
#2439 = ADVANCED_FACE('',(#2440),#2180,.F.);
#2440 = FACE_BOUND('',#2441,.F.);
#2441 = EDGE_LOOP('',(#2442,#2443,#2444,#2445));
#2442 = ORIENTED_EDGE('',*,*,#2164,.F.);
#2443 = ORIENTED_EDGE('',*,*,#2349,.T.);
#2444 = ORIENTED_EDGE('',*,*,#2279,.T.);
#2445 = ORIENTED_EDGE('',*,*,#2396,.F.);
#2446 = ADVANCED_FACE('',(#2447),#2234,.T.);
#2447 = FACE_BOUND('',#2448,.T.);
#2448 = EDGE_LOOP('',(#2449,#2450,#2451,#2452));
#2449 = ORIENTED_EDGE('',*,*,#2220,.F.);
#2450 = ORIENTED_EDGE('',*,*,#2371,.T.);
#2451 = ORIENTED_EDGE('',*,*,#2325,.T.);
#2452 = ORIENTED_EDGE('',*,*,#2418,.F.);
#2453 = ( GEOMETRIC_REPRESENTATION_CONTEXT(3) 
GLOBAL_UNCERTAINTY_ASSIGNED_CONTEXT((#2457)) 
GLOBAL_UNIT_ASSIGNED_CONTEXT((#2454,#2455,#2456)) REPRESENTATION_CONTEXT
('Context #1','3D Context with UNIT and UNCERTAINTY') );
#2454 = ( LENGTH_UNIT() NAMED_UNIT(*) SI_UNIT(.MILLI.,.METRE.) );
#2455 = ( NAMED_UNIT(*) PLANE_ANGLE_UNIT() SI_UNIT($,.RADIAN.) );
#2456 = ( NAMED_UNIT(*) SI_UNIT($,.STERADIAN.) SOLID_ANGLE_UNIT() );
#2457 = UNCERTAINTY_MEASURE_WITH_UNIT(LENGTH_MEASURE(1.E-07),#2454,
  'distance_accuracy_value','confusion accuracy');
#2458 = CONTEXT_DEPENDENT_SHAPE_REPRESENTATION(#2459,#2461);
#2459 = ( REPRESENTATION_RELATIONSHIP('','',#1462,#10) 
REPRESENTATION_RELATIONSHIP_WITH_TRANSFORMATION(#2460) 
SHAPE_REPRESENTATION_RELATIONSHIP() );
#2460 = ITEM_DEFINED_TRANSFORMATION('','',#11,#23);
#2461 = PRODUCT_DEFINITION_SHAPE('Placement','Placement of an item',
  #2462);
#2462 = NEXT_ASSEMBLY_USAGE_OCCURRENCE('21','motor_1_pads','',#5,#1457,$
  );
#2463 = PRODUCT_RELATED_PRODUCT_CATEGORY('part',$,(#1459));
#2464 = SHAPE_DEFINITION_REPRESENTATION(#2465,#2471);
#2465 = PRODUCT_DEFINITION_SHAPE('','',#2466);
#2466 = PRODUCT_DEFINITION('design','',#2467,#2470);
#2467 = PRODUCT_DEFINITION_FORMATION('','',#2468);
#2468 = PRODUCT('motor_2_pads','motor_2_pads','',(#2469));
#2469 = PRODUCT_CONTEXT('',#2,'mechanical');
#2470 = PRODUCT_DEFINITION_CONTEXT('part definition',#2,'design');
#2471 = SHAPE_REPRESENTATION('',(#11,#2472,#2802,#3132),#3462);
#2472 = MANIFOLD_SOLID_BREP('',#2473);
#2473 = CLOSED_SHELL('',(#2474,#2594,#2694,#2741,#2788,#2795));
#2474 = ADVANCED_FACE('',(#2475),#2489,.F.);
#2475 = FACE_BOUND('',#2476,.F.);
#2476 = EDGE_LOOP('',(#2477,#2512,#2540,#2568));
#2477 = ORIENTED_EDGE('',*,*,#2478,.F.);
#2478 = EDGE_CURVE('',#2479,#2481,#2483,.T.);
#2479 = VERTEX_POINT('',#2480);
#2480 = CARTESIAN_POINT('',(-15.,8.,1.6));
#2481 = VERTEX_POINT('',#2482);
#2482 = CARTESIAN_POINT('',(-15.,8.,1.9));
#2483 = SURFACE_CURVE('',#2484,(#2488,#2500),.PCURVE_S1.);
#2484 = LINE('',#2485,#2486);
#2485 = CARTESIAN_POINT('',(-15.,8.,1.6));
#2486 = VECTOR('',#2487,1.);
#2487 = DIRECTION('',(0.,0.,1.));
#2488 = PCURVE('',#2489,#2494);
#2489 = PLANE('',#2490);
#2490 = AXIS2_PLACEMENT_3D('',#2491,#2492,#2493);
#2491 = CARTESIAN_POINT('',(-15.,8.,1.6));
#2492 = DIRECTION('',(1.,0.,-0.));
#2493 = DIRECTION('',(0.,0.,1.));
#2494 = DEFINITIONAL_REPRESENTATION('',(#2495),#2499);
#2495 = LINE('',#2496,#2497);
#2496 = CARTESIAN_POINT('',(0.,0.));
#2497 = VECTOR('',#2498,1.);
#2498 = DIRECTION('',(1.,0.));
#2499 = ( GEOMETRIC_REPRESENTATION_CONTEXT(2) 
PARAMETRIC_REPRESENTATION_CONTEXT() REPRESENTATION_CONTEXT('2D SPACE',''
  ) );
#2500 = PCURVE('',#2501,#2506);
#2501 = PLANE('',#2502);
#2502 = AXIS2_PLACEMENT_3D('',#2503,#2504,#2505);
#2503 = CARTESIAN_POINT('',(-15.,8.,1.6));
#2504 = DIRECTION('',(-0.,1.,0.));
#2505 = DIRECTION('',(0.,0.,1.));
#2506 = DEFINITIONAL_REPRESENTATION('',(#2507),#2511);
#2507 = LINE('',#2508,#2509);
#2508 = CARTESIAN_POINT('',(0.,0.));
#2509 = VECTOR('',#2510,1.);
#2510 = DIRECTION('',(1.,0.));
#2511 = ( GEOMETRIC_REPRESENTATION_CONTEXT(2) 
PARAMETRIC_REPRESENTATION_CONTEXT() REPRESENTATION_CONTEXT('2D SPACE',''
  ) );
#2512 = ORIENTED_EDGE('',*,*,#2513,.T.);
#2513 = EDGE_CURVE('',#2479,#2514,#2516,.T.);
#2514 = VERTEX_POINT('',#2515);
#2515 = CARTESIAN_POINT('',(-15.,10.,1.6));
#2516 = SURFACE_CURVE('',#2517,(#2521,#2528),.PCURVE_S1.);
#2517 = LINE('',#2518,#2519);
#2518 = CARTESIAN_POINT('',(-15.,8.,1.6));
#2519 = VECTOR('',#2520,1.);
#2520 = DIRECTION('',(-0.,1.,0.));
#2521 = PCURVE('',#2489,#2522);
#2522 = DEFINITIONAL_REPRESENTATION('',(#2523),#2527);
#2523 = LINE('',#2524,#2525);
#2524 = CARTESIAN_POINT('',(0.,0.));
#2525 = VECTOR('',#2526,1.);
#2526 = DIRECTION('',(0.,-1.));
#2527 = ( GEOMETRIC_REPRESENTATION_CONTEXT(2) 
PARAMETRIC_REPRESENTATION_CONTEXT() REPRESENTATION_CONTEXT('2D SPACE',''
  ) );
#2528 = PCURVE('',#2529,#2534);
#2529 = PLANE('',#2530);
#2530 = AXIS2_PLACEMENT_3D('',#2531,#2532,#2533);
#2531 = CARTESIAN_POINT('',(-15.,8.,1.6));
#2532 = DIRECTION('',(0.,0.,1.));
#2533 = DIRECTION('',(1.,0.,-0.));
#2534 = DEFINITIONAL_REPRESENTATION('',(#2535),#2539);
#2535 = LINE('',#2536,#2537);
#2536 = CARTESIAN_POINT('',(0.,0.));
#2537 = VECTOR('',#2538,1.);
#2538 = DIRECTION('',(0.,1.));
#2539 = ( GEOMETRIC_REPRESENTATION_CONTEXT(2) 
PARAMETRIC_REPRESENTATION_CONTEXT() REPRESENTATION_CONTEXT('2D SPACE',''
  ) );
#2540 = ORIENTED_EDGE('',*,*,#2541,.T.);
#2541 = EDGE_CURVE('',#2514,#2542,#2544,.T.);
#2542 = VERTEX_POINT('',#2543);
#2543 = CARTESIAN_POINT('',(-15.,10.,1.9));
#2544 = SURFACE_CURVE('',#2545,(#2549,#2556),.PCURVE_S1.);
#2545 = LINE('',#2546,#2547);
#2546 = CARTESIAN_POINT('',(-15.,10.,1.6));
#2547 = VECTOR('',#2548,1.);
#2548 = DIRECTION('',(0.,0.,1.));
#2549 = PCURVE('',#2489,#2550);
#2550 = DEFINITIONAL_REPRESENTATION('',(#2551),#2555);
#2551 = LINE('',#2552,#2553);
#2552 = CARTESIAN_POINT('',(0.,-2.));
#2553 = VECTOR('',#2554,1.);
#2554 = DIRECTION('',(1.,0.));
#2555 = ( GEOMETRIC_REPRESENTATION_CONTEXT(2) 
PARAMETRIC_REPRESENTATION_CONTEXT() REPRESENTATION_CONTEXT('2D SPACE',''
  ) );
#2556 = PCURVE('',#2557,#2562);
#2557 = PLANE('',#2558);
#2558 = AXIS2_PLACEMENT_3D('',#2559,#2560,#2561);
#2559 = CARTESIAN_POINT('',(-15.,10.,1.6));
#2560 = DIRECTION('',(-0.,1.,0.));
#2561 = DIRECTION('',(0.,0.,1.));
#2562 = DEFINITIONAL_REPRESENTATION('',(#2563),#2567);
#2563 = LINE('',#2564,#2565);
#2564 = CARTESIAN_POINT('',(0.,0.));
#2565 = VECTOR('',#2566,1.);
#2566 = DIRECTION('',(1.,0.));
#2567 = ( GEOMETRIC_REPRESENTATION_CONTEXT(2) 
PARAMETRIC_REPRESENTATION_CONTEXT() REPRESENTATION_CONTEXT('2D SPACE',''
  ) );
#2568 = ORIENTED_EDGE('',*,*,#2569,.F.);
#2569 = EDGE_CURVE('',#2481,#2542,#2570,.T.);
#2570 = SURFACE_CURVE('',#2571,(#2575,#2582),.PCURVE_S1.);
#2571 = LINE('',#2572,#2573);
#2572 = CARTESIAN_POINT('',(-15.,8.,1.9));
#2573 = VECTOR('',#2574,1.);
#2574 = DIRECTION('',(-0.,1.,0.));
#2575 = PCURVE('',#2489,#2576);
#2576 = DEFINITIONAL_REPRESENTATION('',(#2577),#2581);
#2577 = LINE('',#2578,#2579);
#2578 = CARTESIAN_POINT('',(0.3,0.));
#2579 = VECTOR('',#2580,1.);
#2580 = DIRECTION('',(0.,-1.));
#2581 = ( GEOMETRIC_REPRESENTATION_CONTEXT(2) 
PARAMETRIC_REPRESENTATION_CONTEXT() REPRESENTATION_CONTEXT('2D SPACE',''
  ) );
#2582 = PCURVE('',#2583,#2588);
#2583 = PLANE('',#2584);
#2584 = AXIS2_PLACEMENT_3D('',#2585,#2586,#2587);
#2585 = CARTESIAN_POINT('',(-15.,8.,1.9));
#2586 = DIRECTION('',(0.,0.,1.));
#2587 = DIRECTION('',(1.,0.,-0.));
#2588 = DEFINITIONAL_REPRESENTATION('',(#2589),#2593);
#2589 = LINE('',#2590,#2591);
#2590 = CARTESIAN_POINT('',(0.,0.));
#2591 = VECTOR('',#2592,1.);
#2592 = DIRECTION('',(0.,1.));
#2593 = ( GEOMETRIC_REPRESENTATION_CONTEXT(2) 
PARAMETRIC_REPRESENTATION_CONTEXT() REPRESENTATION_CONTEXT('2D SPACE',''
  ) );
#2594 = ADVANCED_FACE('',(#2595),#2609,.T.);
#2595 = FACE_BOUND('',#2596,.T.);
#2596 = EDGE_LOOP('',(#2597,#2627,#2650,#2673));
#2597 = ORIENTED_EDGE('',*,*,#2598,.F.);
#2598 = EDGE_CURVE('',#2599,#2601,#2603,.T.);
#2599 = VERTEX_POINT('',#2600);
#2600 = CARTESIAN_POINT('',(-12.5,8.,1.6));
#2601 = VERTEX_POINT('',#2602);
#2602 = CARTESIAN_POINT('',(-12.5,8.,1.9));
#2603 = SURFACE_CURVE('',#2604,(#2608,#2620),.PCURVE_S1.);
#2604 = LINE('',#2605,#2606);
#2605 = CARTESIAN_POINT('',(-12.5,8.,1.6));
#2606 = VECTOR('',#2607,1.);
#2607 = DIRECTION('',(0.,0.,1.));
#2608 = PCURVE('',#2609,#2614);
#2609 = PLANE('',#2610);
#2610 = AXIS2_PLACEMENT_3D('',#2611,#2612,#2613);
#2611 = CARTESIAN_POINT('',(-12.5,8.,1.6));
#2612 = DIRECTION('',(1.,0.,-0.));
#2613 = DIRECTION('',(0.,0.,1.));
#2614 = DEFINITIONAL_REPRESENTATION('',(#2615),#2619);
#2615 = LINE('',#2616,#2617);
#2616 = CARTESIAN_POINT('',(0.,0.));
#2617 = VECTOR('',#2618,1.);
#2618 = DIRECTION('',(1.,0.));
#2619 = ( GEOMETRIC_REPRESENTATION_CONTEXT(2) 
PARAMETRIC_REPRESENTATION_CONTEXT() REPRESENTATION_CONTEXT('2D SPACE',''
  ) );
#2620 = PCURVE('',#2501,#2621);
#2621 = DEFINITIONAL_REPRESENTATION('',(#2622),#2626);
#2622 = LINE('',#2623,#2624);
#2623 = CARTESIAN_POINT('',(0.,2.5));
#2624 = VECTOR('',#2625,1.);
#2625 = DIRECTION('',(1.,0.));
#2626 = ( GEOMETRIC_REPRESENTATION_CONTEXT(2) 
PARAMETRIC_REPRESENTATION_CONTEXT() REPRESENTATION_CONTEXT('2D SPACE',''
  ) );
#2627 = ORIENTED_EDGE('',*,*,#2628,.T.);
#2628 = EDGE_CURVE('',#2599,#2629,#2631,.T.);
#2629 = VERTEX_POINT('',#2630);
#2630 = CARTESIAN_POINT('',(-12.5,10.,1.6));
#2631 = SURFACE_CURVE('',#2632,(#2636,#2643),.PCURVE_S1.);
#2632 = LINE('',#2633,#2634);
#2633 = CARTESIAN_POINT('',(-12.5,8.,1.6));
#2634 = VECTOR('',#2635,1.);
#2635 = DIRECTION('',(-0.,1.,0.));
#2636 = PCURVE('',#2609,#2637);
#2637 = DEFINITIONAL_REPRESENTATION('',(#2638),#2642);
#2638 = LINE('',#2639,#2640);
#2639 = CARTESIAN_POINT('',(0.,0.));
#2640 = VECTOR('',#2641,1.);
#2641 = DIRECTION('',(0.,-1.));
#2642 = ( GEOMETRIC_REPRESENTATION_CONTEXT(2) 
PARAMETRIC_REPRESENTATION_CONTEXT() REPRESENTATION_CONTEXT('2D SPACE',''
  ) );
#2643 = PCURVE('',#2529,#2644);
#2644 = DEFINITIONAL_REPRESENTATION('',(#2645),#2649);
#2645 = LINE('',#2646,#2647);
#2646 = CARTESIAN_POINT('',(2.5,0.));
#2647 = VECTOR('',#2648,1.);
#2648 = DIRECTION('',(0.,1.));
#2649 = ( GEOMETRIC_REPRESENTATION_CONTEXT(2) 
PARAMETRIC_REPRESENTATION_CONTEXT() REPRESENTATION_CONTEXT('2D SPACE',''
  ) );
#2650 = ORIENTED_EDGE('',*,*,#2651,.T.);
#2651 = EDGE_CURVE('',#2629,#2652,#2654,.T.);
#2652 = VERTEX_POINT('',#2653);
#2653 = CARTESIAN_POINT('',(-12.5,10.,1.9));
#2654 = SURFACE_CURVE('',#2655,(#2659,#2666),.PCURVE_S1.);
#2655 = LINE('',#2656,#2657);
#2656 = CARTESIAN_POINT('',(-12.5,10.,1.6));
#2657 = VECTOR('',#2658,1.);
#2658 = DIRECTION('',(0.,0.,1.));
#2659 = PCURVE('',#2609,#2660);
#2660 = DEFINITIONAL_REPRESENTATION('',(#2661),#2665);
#2661 = LINE('',#2662,#2663);
#2662 = CARTESIAN_POINT('',(0.,-2.));
#2663 = VECTOR('',#2664,1.);
#2664 = DIRECTION('',(1.,0.));
#2665 = ( GEOMETRIC_REPRESENTATION_CONTEXT(2) 
PARAMETRIC_REPRESENTATION_CONTEXT() REPRESENTATION_CONTEXT('2D SPACE',''
  ) );
#2666 = PCURVE('',#2557,#2667);
#2667 = DEFINITIONAL_REPRESENTATION('',(#2668),#2672);
#2668 = LINE('',#2669,#2670);
#2669 = CARTESIAN_POINT('',(0.,2.5));
#2670 = VECTOR('',#2671,1.);
#2671 = DIRECTION('',(1.,0.));
#2672 = ( GEOMETRIC_REPRESENTATION_CONTEXT(2) 
PARAMETRIC_REPRESENTATION_CONTEXT() REPRESENTATION_CONTEXT('2D SPACE',''
  ) );
#2673 = ORIENTED_EDGE('',*,*,#2674,.F.);
#2674 = EDGE_CURVE('',#2601,#2652,#2675,.T.);
#2675 = SURFACE_CURVE('',#2676,(#2680,#2687),.PCURVE_S1.);
#2676 = LINE('',#2677,#2678);
#2677 = CARTESIAN_POINT('',(-12.5,8.,1.9));
#2678 = VECTOR('',#2679,1.);
#2679 = DIRECTION('',(-0.,1.,0.));
#2680 = PCURVE('',#2609,#2681);
#2681 = DEFINITIONAL_REPRESENTATION('',(#2682),#2686);
#2682 = LINE('',#2683,#2684);
#2683 = CARTESIAN_POINT('',(0.3,0.));
#2684 = VECTOR('',#2685,1.);
#2685 = DIRECTION('',(0.,-1.));
#2686 = ( GEOMETRIC_REPRESENTATION_CONTEXT(2) 
PARAMETRIC_REPRESENTATION_CONTEXT() REPRESENTATION_CONTEXT('2D SPACE',''
  ) );
#2687 = PCURVE('',#2583,#2688);
#2688 = DEFINITIONAL_REPRESENTATION('',(#2689),#2693);
#2689 = LINE('',#2690,#2691);
#2690 = CARTESIAN_POINT('',(2.5,0.));
#2691 = VECTOR('',#2692,1.);
#2692 = DIRECTION('',(0.,1.));
#2693 = ( GEOMETRIC_REPRESENTATION_CONTEXT(2) 
PARAMETRIC_REPRESENTATION_CONTEXT() REPRESENTATION_CONTEXT('2D SPACE',''
  ) );
#2694 = ADVANCED_FACE('',(#2695),#2501,.F.);
#2695 = FACE_BOUND('',#2696,.F.);
#2696 = EDGE_LOOP('',(#2697,#2718,#2719,#2740));
#2697 = ORIENTED_EDGE('',*,*,#2698,.F.);
#2698 = EDGE_CURVE('',#2479,#2599,#2699,.T.);
#2699 = SURFACE_CURVE('',#2700,(#2704,#2711),.PCURVE_S1.);
#2700 = LINE('',#2701,#2702);
#2701 = CARTESIAN_POINT('',(-15.,8.,1.6));
#2702 = VECTOR('',#2703,1.);
#2703 = DIRECTION('',(1.,0.,-0.));
#2704 = PCURVE('',#2501,#2705);
#2705 = DEFINITIONAL_REPRESENTATION('',(#2706),#2710);
#2706 = LINE('',#2707,#2708);
#2707 = CARTESIAN_POINT('',(0.,0.));
#2708 = VECTOR('',#2709,1.);
#2709 = DIRECTION('',(0.,1.));
#2710 = ( GEOMETRIC_REPRESENTATION_CONTEXT(2) 
PARAMETRIC_REPRESENTATION_CONTEXT() REPRESENTATION_CONTEXT('2D SPACE',''
  ) );
#2711 = PCURVE('',#2529,#2712);
#2712 = DEFINITIONAL_REPRESENTATION('',(#2713),#2717);
#2713 = LINE('',#2714,#2715);
#2714 = CARTESIAN_POINT('',(0.,0.));
#2715 = VECTOR('',#2716,1.);
#2716 = DIRECTION('',(1.,0.));
#2717 = ( GEOMETRIC_REPRESENTATION_CONTEXT(2) 
PARAMETRIC_REPRESENTATION_CONTEXT() REPRESENTATION_CONTEXT('2D SPACE',''
  ) );
#2718 = ORIENTED_EDGE('',*,*,#2478,.T.);
#2719 = ORIENTED_EDGE('',*,*,#2720,.T.);
#2720 = EDGE_CURVE('',#2481,#2601,#2721,.T.);
#2721 = SURFACE_CURVE('',#2722,(#2726,#2733),.PCURVE_S1.);
#2722 = LINE('',#2723,#2724);
#2723 = CARTESIAN_POINT('',(-15.,8.,1.9));
#2724 = VECTOR('',#2725,1.);
#2725 = DIRECTION('',(1.,0.,-0.));
#2726 = PCURVE('',#2501,#2727);
#2727 = DEFINITIONAL_REPRESENTATION('',(#2728),#2732);
#2728 = LINE('',#2729,#2730);
#2729 = CARTESIAN_POINT('',(0.3,0.));
#2730 = VECTOR('',#2731,1.);
#2731 = DIRECTION('',(0.,1.));
#2732 = ( GEOMETRIC_REPRESENTATION_CONTEXT(2) 
PARAMETRIC_REPRESENTATION_CONTEXT() REPRESENTATION_CONTEXT('2D SPACE',''
  ) );
#2733 = PCURVE('',#2583,#2734);
#2734 = DEFINITIONAL_REPRESENTATION('',(#2735),#2739);
#2735 = LINE('',#2736,#2737);
#2736 = CARTESIAN_POINT('',(0.,0.));
#2737 = VECTOR('',#2738,1.);
#2738 = DIRECTION('',(1.,0.));
#2739 = ( GEOMETRIC_REPRESENTATION_CONTEXT(2) 
PARAMETRIC_REPRESENTATION_CONTEXT() REPRESENTATION_CONTEXT('2D SPACE',''
  ) );
#2740 = ORIENTED_EDGE('',*,*,#2598,.F.);
#2741 = ADVANCED_FACE('',(#2742),#2557,.T.);
#2742 = FACE_BOUND('',#2743,.T.);
#2743 = EDGE_LOOP('',(#2744,#2765,#2766,#2787));
#2744 = ORIENTED_EDGE('',*,*,#2745,.F.);
#2745 = EDGE_CURVE('',#2514,#2629,#2746,.T.);
#2746 = SURFACE_CURVE('',#2747,(#2751,#2758),.PCURVE_S1.);
#2747 = LINE('',#2748,#2749);
#2748 = CARTESIAN_POINT('',(-15.,10.,1.6));
#2749 = VECTOR('',#2750,1.);
#2750 = DIRECTION('',(1.,0.,-0.));
#2751 = PCURVE('',#2557,#2752);
#2752 = DEFINITIONAL_REPRESENTATION('',(#2753),#2757);
#2753 = LINE('',#2754,#2755);
#2754 = CARTESIAN_POINT('',(0.,0.));
#2755 = VECTOR('',#2756,1.);
#2756 = DIRECTION('',(0.,1.));
#2757 = ( GEOMETRIC_REPRESENTATION_CONTEXT(2) 
PARAMETRIC_REPRESENTATION_CONTEXT() REPRESENTATION_CONTEXT('2D SPACE',''
  ) );
#2758 = PCURVE('',#2529,#2759);
#2759 = DEFINITIONAL_REPRESENTATION('',(#2760),#2764);
#2760 = LINE('',#2761,#2762);
#2761 = CARTESIAN_POINT('',(0.,2.));
#2762 = VECTOR('',#2763,1.);
#2763 = DIRECTION('',(1.,0.));
#2764 = ( GEOMETRIC_REPRESENTATION_CONTEXT(2) 
PARAMETRIC_REPRESENTATION_CONTEXT() REPRESENTATION_CONTEXT('2D SPACE',''
  ) );
#2765 = ORIENTED_EDGE('',*,*,#2541,.T.);
#2766 = ORIENTED_EDGE('',*,*,#2767,.T.);
#2767 = EDGE_CURVE('',#2542,#2652,#2768,.T.);
#2768 = SURFACE_CURVE('',#2769,(#2773,#2780),.PCURVE_S1.);
#2769 = LINE('',#2770,#2771);
#2770 = CARTESIAN_POINT('',(-15.,10.,1.9));
#2771 = VECTOR('',#2772,1.);
#2772 = DIRECTION('',(1.,0.,-0.));
#2773 = PCURVE('',#2557,#2774);
#2774 = DEFINITIONAL_REPRESENTATION('',(#2775),#2779);
#2775 = LINE('',#2776,#2777);
#2776 = CARTESIAN_POINT('',(0.3,0.));
#2777 = VECTOR('',#2778,1.);
#2778 = DIRECTION('',(0.,1.));
#2779 = ( GEOMETRIC_REPRESENTATION_CONTEXT(2) 
PARAMETRIC_REPRESENTATION_CONTEXT() REPRESENTATION_CONTEXT('2D SPACE',''
  ) );
#2780 = PCURVE('',#2583,#2781);
#2781 = DEFINITIONAL_REPRESENTATION('',(#2782),#2786);
#2782 = LINE('',#2783,#2784);
#2783 = CARTESIAN_POINT('',(0.,2.));
#2784 = VECTOR('',#2785,1.);
#2785 = DIRECTION('',(1.,0.));
#2786 = ( GEOMETRIC_REPRESENTATION_CONTEXT(2) 
PARAMETRIC_REPRESENTATION_CONTEXT() REPRESENTATION_CONTEXT('2D SPACE',''
  ) );
#2787 = ORIENTED_EDGE('',*,*,#2651,.F.);
#2788 = ADVANCED_FACE('',(#2789),#2529,.F.);
#2789 = FACE_BOUND('',#2790,.F.);
#2790 = EDGE_LOOP('',(#2791,#2792,#2793,#2794));
#2791 = ORIENTED_EDGE('',*,*,#2513,.F.);
#2792 = ORIENTED_EDGE('',*,*,#2698,.T.);
#2793 = ORIENTED_EDGE('',*,*,#2628,.T.);
#2794 = ORIENTED_EDGE('',*,*,#2745,.F.);
#2795 = ADVANCED_FACE('',(#2796),#2583,.T.);
#2796 = FACE_BOUND('',#2797,.T.);
#2797 = EDGE_LOOP('',(#2798,#2799,#2800,#2801));
#2798 = ORIENTED_EDGE('',*,*,#2569,.F.);
#2799 = ORIENTED_EDGE('',*,*,#2720,.T.);
#2800 = ORIENTED_EDGE('',*,*,#2674,.T.);
#2801 = ORIENTED_EDGE('',*,*,#2767,.F.);
#2802 = MANIFOLD_SOLID_BREP('',#2803);
#2803 = CLOSED_SHELL('',(#2804,#2924,#3024,#3071,#3118,#3125));
#2804 = ADVANCED_FACE('',(#2805),#2819,.F.);
#2805 = FACE_BOUND('',#2806,.F.);
#2806 = EDGE_LOOP('',(#2807,#2842,#2870,#2898));
#2807 = ORIENTED_EDGE('',*,*,#2808,.F.);
#2808 = EDGE_CURVE('',#2809,#2811,#2813,.T.);
#2809 = VERTEX_POINT('',#2810);
#2810 = CARTESIAN_POINT('',(-15.,5.,1.6));
#2811 = VERTEX_POINT('',#2812);
#2812 = CARTESIAN_POINT('',(-15.,5.,1.9));
#2813 = SURFACE_CURVE('',#2814,(#2818,#2830),.PCURVE_S1.);
#2814 = LINE('',#2815,#2816);
#2815 = CARTESIAN_POINT('',(-15.,5.,1.6));
#2816 = VECTOR('',#2817,1.);
#2817 = DIRECTION('',(0.,0.,1.));
#2818 = PCURVE('',#2819,#2824);
#2819 = PLANE('',#2820);
#2820 = AXIS2_PLACEMENT_3D('',#2821,#2822,#2823);
#2821 = CARTESIAN_POINT('',(-15.,5.,1.6));
#2822 = DIRECTION('',(1.,0.,-0.));
#2823 = DIRECTION('',(0.,0.,1.));
#2824 = DEFINITIONAL_REPRESENTATION('',(#2825),#2829);
#2825 = LINE('',#2826,#2827);
#2826 = CARTESIAN_POINT('',(0.,0.));
#2827 = VECTOR('',#2828,1.);
#2828 = DIRECTION('',(1.,0.));
#2829 = ( GEOMETRIC_REPRESENTATION_CONTEXT(2) 
PARAMETRIC_REPRESENTATION_CONTEXT() REPRESENTATION_CONTEXT('2D SPACE',''
  ) );
#2830 = PCURVE('',#2831,#2836);
#2831 = PLANE('',#2832);
#2832 = AXIS2_PLACEMENT_3D('',#2833,#2834,#2835);
#2833 = CARTESIAN_POINT('',(-15.,5.,1.6));
#2834 = DIRECTION('',(-0.,1.,0.));
#2835 = DIRECTION('',(0.,0.,1.));
#2836 = DEFINITIONAL_REPRESENTATION('',(#2837),#2841);
#2837 = LINE('',#2838,#2839);
#2838 = CARTESIAN_POINT('',(0.,0.));
#2839 = VECTOR('',#2840,1.);
#2840 = DIRECTION('',(1.,0.));
#2841 = ( GEOMETRIC_REPRESENTATION_CONTEXT(2) 
PARAMETRIC_REPRESENTATION_CONTEXT() REPRESENTATION_CONTEXT('2D SPACE',''
  ) );
#2842 = ORIENTED_EDGE('',*,*,#2843,.T.);
#2843 = EDGE_CURVE('',#2809,#2844,#2846,.T.);
#2844 = VERTEX_POINT('',#2845);
#2845 = CARTESIAN_POINT('',(-15.,7.,1.6));
#2846 = SURFACE_CURVE('',#2847,(#2851,#2858),.PCURVE_S1.);
#2847 = LINE('',#2848,#2849);
#2848 = CARTESIAN_POINT('',(-15.,5.,1.6));
#2849 = VECTOR('',#2850,1.);
#2850 = DIRECTION('',(-0.,1.,0.));
#2851 = PCURVE('',#2819,#2852);
#2852 = DEFINITIONAL_REPRESENTATION('',(#2853),#2857);
#2853 = LINE('',#2854,#2855);
#2854 = CARTESIAN_POINT('',(0.,0.));
#2855 = VECTOR('',#2856,1.);
#2856 = DIRECTION('',(0.,-1.));
#2857 = ( GEOMETRIC_REPRESENTATION_CONTEXT(2) 
PARAMETRIC_REPRESENTATION_CONTEXT() REPRESENTATION_CONTEXT('2D SPACE',''
  ) );
#2858 = PCURVE('',#2859,#2864);
#2859 = PLANE('',#2860);
#2860 = AXIS2_PLACEMENT_3D('',#2861,#2862,#2863);
#2861 = CARTESIAN_POINT('',(-15.,5.,1.6));
#2862 = DIRECTION('',(0.,0.,1.));
#2863 = DIRECTION('',(1.,0.,-0.));
#2864 = DEFINITIONAL_REPRESENTATION('',(#2865),#2869);
#2865 = LINE('',#2866,#2867);
#2866 = CARTESIAN_POINT('',(0.,0.));
#2867 = VECTOR('',#2868,1.);
#2868 = DIRECTION('',(0.,1.));
#2869 = ( GEOMETRIC_REPRESENTATION_CONTEXT(2) 
PARAMETRIC_REPRESENTATION_CONTEXT() REPRESENTATION_CONTEXT('2D SPACE',''
  ) );
#2870 = ORIENTED_EDGE('',*,*,#2871,.T.);
#2871 = EDGE_CURVE('',#2844,#2872,#2874,.T.);
#2872 = VERTEX_POINT('',#2873);
#2873 = CARTESIAN_POINT('',(-15.,7.,1.9));
#2874 = SURFACE_CURVE('',#2875,(#2879,#2886),.PCURVE_S1.);
#2875 = LINE('',#2876,#2877);
#2876 = CARTESIAN_POINT('',(-15.,7.,1.6));
#2877 = VECTOR('',#2878,1.);
#2878 = DIRECTION('',(0.,0.,1.));
#2879 = PCURVE('',#2819,#2880);
#2880 = DEFINITIONAL_REPRESENTATION('',(#2881),#2885);
#2881 = LINE('',#2882,#2883);
#2882 = CARTESIAN_POINT('',(0.,-2.));
#2883 = VECTOR('',#2884,1.);
#2884 = DIRECTION('',(1.,0.));
#2885 = ( GEOMETRIC_REPRESENTATION_CONTEXT(2) 
PARAMETRIC_REPRESENTATION_CONTEXT() REPRESENTATION_CONTEXT('2D SPACE',''
  ) );
#2886 = PCURVE('',#2887,#2892);
#2887 = PLANE('',#2888);
#2888 = AXIS2_PLACEMENT_3D('',#2889,#2890,#2891);
#2889 = CARTESIAN_POINT('',(-15.,7.,1.6));
#2890 = DIRECTION('',(-0.,1.,0.));
#2891 = DIRECTION('',(0.,0.,1.));
#2892 = DEFINITIONAL_REPRESENTATION('',(#2893),#2897);
#2893 = LINE('',#2894,#2895);
#2894 = CARTESIAN_POINT('',(0.,0.));
#2895 = VECTOR('',#2896,1.);
#2896 = DIRECTION('',(1.,0.));
#2897 = ( GEOMETRIC_REPRESENTATION_CONTEXT(2) 
PARAMETRIC_REPRESENTATION_CONTEXT() REPRESENTATION_CONTEXT('2D SPACE',''
  ) );
#2898 = ORIENTED_EDGE('',*,*,#2899,.F.);
#2899 = EDGE_CURVE('',#2811,#2872,#2900,.T.);
#2900 = SURFACE_CURVE('',#2901,(#2905,#2912),.PCURVE_S1.);
#2901 = LINE('',#2902,#2903);
#2902 = CARTESIAN_POINT('',(-15.,5.,1.9));
#2903 = VECTOR('',#2904,1.);
#2904 = DIRECTION('',(-0.,1.,0.));
#2905 = PCURVE('',#2819,#2906);
#2906 = DEFINITIONAL_REPRESENTATION('',(#2907),#2911);
#2907 = LINE('',#2908,#2909);
#2908 = CARTESIAN_POINT('',(0.3,0.));
#2909 = VECTOR('',#2910,1.);
#2910 = DIRECTION('',(0.,-1.));
#2911 = ( GEOMETRIC_REPRESENTATION_CONTEXT(2) 
PARAMETRIC_REPRESENTATION_CONTEXT() REPRESENTATION_CONTEXT('2D SPACE',''
  ) );
#2912 = PCURVE('',#2913,#2918);
#2913 = PLANE('',#2914);
#2914 = AXIS2_PLACEMENT_3D('',#2915,#2916,#2917);
#2915 = CARTESIAN_POINT('',(-15.,5.,1.9));
#2916 = DIRECTION('',(0.,0.,1.));
#2917 = DIRECTION('',(1.,0.,-0.));
#2918 = DEFINITIONAL_REPRESENTATION('',(#2919),#2923);
#2919 = LINE('',#2920,#2921);
#2920 = CARTESIAN_POINT('',(0.,0.));
#2921 = VECTOR('',#2922,1.);
#2922 = DIRECTION('',(0.,1.));
#2923 = ( GEOMETRIC_REPRESENTATION_CONTEXT(2) 
PARAMETRIC_REPRESENTATION_CONTEXT() REPRESENTATION_CONTEXT('2D SPACE',''
  ) );
#2924 = ADVANCED_FACE('',(#2925),#2939,.T.);
#2925 = FACE_BOUND('',#2926,.T.);
#2926 = EDGE_LOOP('',(#2927,#2957,#2980,#3003));
#2927 = ORIENTED_EDGE('',*,*,#2928,.F.);
#2928 = EDGE_CURVE('',#2929,#2931,#2933,.T.);
#2929 = VERTEX_POINT('',#2930);
#2930 = CARTESIAN_POINT('',(-12.5,5.,1.6));
#2931 = VERTEX_POINT('',#2932);
#2932 = CARTESIAN_POINT('',(-12.5,5.,1.9));
#2933 = SURFACE_CURVE('',#2934,(#2938,#2950),.PCURVE_S1.);
#2934 = LINE('',#2935,#2936);
#2935 = CARTESIAN_POINT('',(-12.5,5.,1.6));
#2936 = VECTOR('',#2937,1.);
#2937 = DIRECTION('',(0.,0.,1.));
#2938 = PCURVE('',#2939,#2944);
#2939 = PLANE('',#2940);
#2940 = AXIS2_PLACEMENT_3D('',#2941,#2942,#2943);
#2941 = CARTESIAN_POINT('',(-12.5,5.,1.6));
#2942 = DIRECTION('',(1.,0.,-0.));
#2943 = DIRECTION('',(0.,0.,1.));
#2944 = DEFINITIONAL_REPRESENTATION('',(#2945),#2949);
#2945 = LINE('',#2946,#2947);
#2946 = CARTESIAN_POINT('',(0.,0.));
#2947 = VECTOR('',#2948,1.);
#2948 = DIRECTION('',(1.,0.));
#2949 = ( GEOMETRIC_REPRESENTATION_CONTEXT(2) 
PARAMETRIC_REPRESENTATION_CONTEXT() REPRESENTATION_CONTEXT('2D SPACE',''
  ) );
#2950 = PCURVE('',#2831,#2951);
#2951 = DEFINITIONAL_REPRESENTATION('',(#2952),#2956);
#2952 = LINE('',#2953,#2954);
#2953 = CARTESIAN_POINT('',(0.,2.5));
#2954 = VECTOR('',#2955,1.);
#2955 = DIRECTION('',(1.,0.));
#2956 = ( GEOMETRIC_REPRESENTATION_CONTEXT(2) 
PARAMETRIC_REPRESENTATION_CONTEXT() REPRESENTATION_CONTEXT('2D SPACE',''
  ) );
#2957 = ORIENTED_EDGE('',*,*,#2958,.T.);
#2958 = EDGE_CURVE('',#2929,#2959,#2961,.T.);
#2959 = VERTEX_POINT('',#2960);
#2960 = CARTESIAN_POINT('',(-12.5,7.,1.6));
#2961 = SURFACE_CURVE('',#2962,(#2966,#2973),.PCURVE_S1.);
#2962 = LINE('',#2963,#2964);
#2963 = CARTESIAN_POINT('',(-12.5,5.,1.6));
#2964 = VECTOR('',#2965,1.);
#2965 = DIRECTION('',(-0.,1.,0.));
#2966 = PCURVE('',#2939,#2967);
#2967 = DEFINITIONAL_REPRESENTATION('',(#2968),#2972);
#2968 = LINE('',#2969,#2970);
#2969 = CARTESIAN_POINT('',(0.,0.));
#2970 = VECTOR('',#2971,1.);
#2971 = DIRECTION('',(0.,-1.));
#2972 = ( GEOMETRIC_REPRESENTATION_CONTEXT(2) 
PARAMETRIC_REPRESENTATION_CONTEXT() REPRESENTATION_CONTEXT('2D SPACE',''
  ) );
#2973 = PCURVE('',#2859,#2974);
#2974 = DEFINITIONAL_REPRESENTATION('',(#2975),#2979);
#2975 = LINE('',#2976,#2977);
#2976 = CARTESIAN_POINT('',(2.5,0.));
#2977 = VECTOR('',#2978,1.);
#2978 = DIRECTION('',(0.,1.));
#2979 = ( GEOMETRIC_REPRESENTATION_CONTEXT(2) 
PARAMETRIC_REPRESENTATION_CONTEXT() REPRESENTATION_CONTEXT('2D SPACE',''
  ) );
#2980 = ORIENTED_EDGE('',*,*,#2981,.T.);
#2981 = EDGE_CURVE('',#2959,#2982,#2984,.T.);
#2982 = VERTEX_POINT('',#2983);
#2983 = CARTESIAN_POINT('',(-12.5,7.,1.9));
#2984 = SURFACE_CURVE('',#2985,(#2989,#2996),.PCURVE_S1.);
#2985 = LINE('',#2986,#2987);
#2986 = CARTESIAN_POINT('',(-12.5,7.,1.6));
#2987 = VECTOR('',#2988,1.);
#2988 = DIRECTION('',(0.,0.,1.));
#2989 = PCURVE('',#2939,#2990);
#2990 = DEFINITIONAL_REPRESENTATION('',(#2991),#2995);
#2991 = LINE('',#2992,#2993);
#2992 = CARTESIAN_POINT('',(0.,-2.));
#2993 = VECTOR('',#2994,1.);
#2994 = DIRECTION('',(1.,0.));
#2995 = ( GEOMETRIC_REPRESENTATION_CONTEXT(2) 
PARAMETRIC_REPRESENTATION_CONTEXT() REPRESENTATION_CONTEXT('2D SPACE',''
  ) );
#2996 = PCURVE('',#2887,#2997);
#2997 = DEFINITIONAL_REPRESENTATION('',(#2998),#3002);
#2998 = LINE('',#2999,#3000);
#2999 = CARTESIAN_POINT('',(0.,2.5));
#3000 = VECTOR('',#3001,1.);
#3001 = DIRECTION('',(1.,0.));
#3002 = ( GEOMETRIC_REPRESENTATION_CONTEXT(2) 
PARAMETRIC_REPRESENTATION_CONTEXT() REPRESENTATION_CONTEXT('2D SPACE',''
  ) );
#3003 = ORIENTED_EDGE('',*,*,#3004,.F.);
#3004 = EDGE_CURVE('',#2931,#2982,#3005,.T.);
#3005 = SURFACE_CURVE('',#3006,(#3010,#3017),.PCURVE_S1.);
#3006 = LINE('',#3007,#3008);
#3007 = CARTESIAN_POINT('',(-12.5,5.,1.9));
#3008 = VECTOR('',#3009,1.);
#3009 = DIRECTION('',(-0.,1.,0.));
#3010 = PCURVE('',#2939,#3011);
#3011 = DEFINITIONAL_REPRESENTATION('',(#3012),#3016);
#3012 = LINE('',#3013,#3014);
#3013 = CARTESIAN_POINT('',(0.3,0.));
#3014 = VECTOR('',#3015,1.);
#3015 = DIRECTION('',(0.,-1.));
#3016 = ( GEOMETRIC_REPRESENTATION_CONTEXT(2) 
PARAMETRIC_REPRESENTATION_CONTEXT() REPRESENTATION_CONTEXT('2D SPACE',''
  ) );
#3017 = PCURVE('',#2913,#3018);
#3018 = DEFINITIONAL_REPRESENTATION('',(#3019),#3023);
#3019 = LINE('',#3020,#3021);
#3020 = CARTESIAN_POINT('',(2.5,0.));
#3021 = VECTOR('',#3022,1.);
#3022 = DIRECTION('',(0.,1.));
#3023 = ( GEOMETRIC_REPRESENTATION_CONTEXT(2) 
PARAMETRIC_REPRESENTATION_CONTEXT() REPRESENTATION_CONTEXT('2D SPACE',''
  ) );
#3024 = ADVANCED_FACE('',(#3025),#2831,.F.);
#3025 = FACE_BOUND('',#3026,.F.);
#3026 = EDGE_LOOP('',(#3027,#3048,#3049,#3070));
#3027 = ORIENTED_EDGE('',*,*,#3028,.F.);
#3028 = EDGE_CURVE('',#2809,#2929,#3029,.T.);
#3029 = SURFACE_CURVE('',#3030,(#3034,#3041),.PCURVE_S1.);
#3030 = LINE('',#3031,#3032);
#3031 = CARTESIAN_POINT('',(-15.,5.,1.6));
#3032 = VECTOR('',#3033,1.);
#3033 = DIRECTION('',(1.,0.,-0.));
#3034 = PCURVE('',#2831,#3035);
#3035 = DEFINITIONAL_REPRESENTATION('',(#3036),#3040);
#3036 = LINE('',#3037,#3038);
#3037 = CARTESIAN_POINT('',(0.,0.));
#3038 = VECTOR('',#3039,1.);
#3039 = DIRECTION('',(0.,1.));
#3040 = ( GEOMETRIC_REPRESENTATION_CONTEXT(2) 
PARAMETRIC_REPRESENTATION_CONTEXT() REPRESENTATION_CONTEXT('2D SPACE',''
  ) );
#3041 = PCURVE('',#2859,#3042);
#3042 = DEFINITIONAL_REPRESENTATION('',(#3043),#3047);
#3043 = LINE('',#3044,#3045);
#3044 = CARTESIAN_POINT('',(0.,0.));
#3045 = VECTOR('',#3046,1.);
#3046 = DIRECTION('',(1.,0.));
#3047 = ( GEOMETRIC_REPRESENTATION_CONTEXT(2) 
PARAMETRIC_REPRESENTATION_CONTEXT() REPRESENTATION_CONTEXT('2D SPACE',''
  ) );
#3048 = ORIENTED_EDGE('',*,*,#2808,.T.);
#3049 = ORIENTED_EDGE('',*,*,#3050,.T.);
#3050 = EDGE_CURVE('',#2811,#2931,#3051,.T.);
#3051 = SURFACE_CURVE('',#3052,(#3056,#3063),.PCURVE_S1.);
#3052 = LINE('',#3053,#3054);
#3053 = CARTESIAN_POINT('',(-15.,5.,1.9));
#3054 = VECTOR('',#3055,1.);
#3055 = DIRECTION('',(1.,0.,-0.));
#3056 = PCURVE('',#2831,#3057);
#3057 = DEFINITIONAL_REPRESENTATION('',(#3058),#3062);
#3058 = LINE('',#3059,#3060);
#3059 = CARTESIAN_POINT('',(0.3,0.));
#3060 = VECTOR('',#3061,1.);
#3061 = DIRECTION('',(0.,1.));
#3062 = ( GEOMETRIC_REPRESENTATION_CONTEXT(2) 
PARAMETRIC_REPRESENTATION_CONTEXT() REPRESENTATION_CONTEXT('2D SPACE',''
  ) );
#3063 = PCURVE('',#2913,#3064);
#3064 = DEFINITIONAL_REPRESENTATION('',(#3065),#3069);
#3065 = LINE('',#3066,#3067);
#3066 = CARTESIAN_POINT('',(0.,0.));
#3067 = VECTOR('',#3068,1.);
#3068 = DIRECTION('',(1.,0.));
#3069 = ( GEOMETRIC_REPRESENTATION_CONTEXT(2) 
PARAMETRIC_REPRESENTATION_CONTEXT() REPRESENTATION_CONTEXT('2D SPACE',''
  ) );
#3070 = ORIENTED_EDGE('',*,*,#2928,.F.);
#3071 = ADVANCED_FACE('',(#3072),#2887,.T.);
#3072 = FACE_BOUND('',#3073,.T.);
#3073 = EDGE_LOOP('',(#3074,#3095,#3096,#3117));
#3074 = ORIENTED_EDGE('',*,*,#3075,.F.);
#3075 = EDGE_CURVE('',#2844,#2959,#3076,.T.);
#3076 = SURFACE_CURVE('',#3077,(#3081,#3088),.PCURVE_S1.);
#3077 = LINE('',#3078,#3079);
#3078 = CARTESIAN_POINT('',(-15.,7.,1.6));
#3079 = VECTOR('',#3080,1.);
#3080 = DIRECTION('',(1.,0.,-0.));
#3081 = PCURVE('',#2887,#3082);
#3082 = DEFINITIONAL_REPRESENTATION('',(#3083),#3087);
#3083 = LINE('',#3084,#3085);
#3084 = CARTESIAN_POINT('',(0.,0.));
#3085 = VECTOR('',#3086,1.);
#3086 = DIRECTION('',(0.,1.));
#3087 = ( GEOMETRIC_REPRESENTATION_CONTEXT(2) 
PARAMETRIC_REPRESENTATION_CONTEXT() REPRESENTATION_CONTEXT('2D SPACE',''
  ) );
#3088 = PCURVE('',#2859,#3089);
#3089 = DEFINITIONAL_REPRESENTATION('',(#3090),#3094);
#3090 = LINE('',#3091,#3092);
#3091 = CARTESIAN_POINT('',(0.,2.));
#3092 = VECTOR('',#3093,1.);
#3093 = DIRECTION('',(1.,0.));
#3094 = ( GEOMETRIC_REPRESENTATION_CONTEXT(2) 
PARAMETRIC_REPRESENTATION_CONTEXT() REPRESENTATION_CONTEXT('2D SPACE',''
  ) );
#3095 = ORIENTED_EDGE('',*,*,#2871,.T.);
#3096 = ORIENTED_EDGE('',*,*,#3097,.T.);
#3097 = EDGE_CURVE('',#2872,#2982,#3098,.T.);
#3098 = SURFACE_CURVE('',#3099,(#3103,#3110),.PCURVE_S1.);
#3099 = LINE('',#3100,#3101);
#3100 = CARTESIAN_POINT('',(-15.,7.,1.9));
#3101 = VECTOR('',#3102,1.);
#3102 = DIRECTION('',(1.,0.,-0.));
#3103 = PCURVE('',#2887,#3104);
#3104 = DEFINITIONAL_REPRESENTATION('',(#3105),#3109);
#3105 = LINE('',#3106,#3107);
#3106 = CARTESIAN_POINT('',(0.3,0.));
#3107 = VECTOR('',#3108,1.);
#3108 = DIRECTION('',(0.,1.));
#3109 = ( GEOMETRIC_REPRESENTATION_CONTEXT(2) 
PARAMETRIC_REPRESENTATION_CONTEXT() REPRESENTATION_CONTEXT('2D SPACE',''
  ) );
#3110 = PCURVE('',#2913,#3111);
#3111 = DEFINITIONAL_REPRESENTATION('',(#3112),#3116);
#3112 = LINE('',#3113,#3114);
#3113 = CARTESIAN_POINT('',(0.,2.));
#3114 = VECTOR('',#3115,1.);
#3115 = DIRECTION('',(1.,0.));
#3116 = ( GEOMETRIC_REPRESENTATION_CONTEXT(2) 
PARAMETRIC_REPRESENTATION_CONTEXT() REPRESENTATION_CONTEXT('2D SPACE',''
  ) );
#3117 = ORIENTED_EDGE('',*,*,#2981,.F.);
#3118 = ADVANCED_FACE('',(#3119),#2859,.F.);
#3119 = FACE_BOUND('',#3120,.F.);
#3120 = EDGE_LOOP('',(#3121,#3122,#3123,#3124));
#3121 = ORIENTED_EDGE('',*,*,#2843,.F.);
#3122 = ORIENTED_EDGE('',*,*,#3028,.T.);
#3123 = ORIENTED_EDGE('',*,*,#2958,.T.);
#3124 = ORIENTED_EDGE('',*,*,#3075,.F.);
#3125 = ADVANCED_FACE('',(#3126),#2913,.T.);
#3126 = FACE_BOUND('',#3127,.T.);
#3127 = EDGE_LOOP('',(#3128,#3129,#3130,#3131));
#3128 = ORIENTED_EDGE('',*,*,#2899,.F.);
#3129 = ORIENTED_EDGE('',*,*,#3050,.T.);
#3130 = ORIENTED_EDGE('',*,*,#3004,.T.);
#3131 = ORIENTED_EDGE('',*,*,#3097,.F.);
#3132 = MANIFOLD_SOLID_BREP('',#3133);
#3133 = CLOSED_SHELL('',(#3134,#3254,#3354,#3401,#3448,#3455));
#3134 = ADVANCED_FACE('',(#3135),#3149,.F.);
#3135 = FACE_BOUND('',#3136,.F.);
#3136 = EDGE_LOOP('',(#3137,#3172,#3200,#3228));
#3137 = ORIENTED_EDGE('',*,*,#3138,.F.);
#3138 = EDGE_CURVE('',#3139,#3141,#3143,.T.);
#3139 = VERTEX_POINT('',#3140);
#3140 = CARTESIAN_POINT('',(-15.,2.,1.6));
#3141 = VERTEX_POINT('',#3142);
#3142 = CARTESIAN_POINT('',(-15.,2.,1.9));
#3143 = SURFACE_CURVE('',#3144,(#3148,#3160),.PCURVE_S1.);
#3144 = LINE('',#3145,#3146);
#3145 = CARTESIAN_POINT('',(-15.,2.,1.6));
#3146 = VECTOR('',#3147,1.);
#3147 = DIRECTION('',(0.,0.,1.));
#3148 = PCURVE('',#3149,#3154);
#3149 = PLANE('',#3150);
#3150 = AXIS2_PLACEMENT_3D('',#3151,#3152,#3153);
#3151 = CARTESIAN_POINT('',(-15.,2.,1.6));
#3152 = DIRECTION('',(1.,0.,-0.));
#3153 = DIRECTION('',(0.,0.,1.));
#3154 = DEFINITIONAL_REPRESENTATION('',(#3155),#3159);
#3155 = LINE('',#3156,#3157);
#3156 = CARTESIAN_POINT('',(0.,0.));
#3157 = VECTOR('',#3158,1.);
#3158 = DIRECTION('',(1.,0.));
#3159 = ( GEOMETRIC_REPRESENTATION_CONTEXT(2) 
PARAMETRIC_REPRESENTATION_CONTEXT() REPRESENTATION_CONTEXT('2D SPACE',''
  ) );
#3160 = PCURVE('',#3161,#3166);
#3161 = PLANE('',#3162);
#3162 = AXIS2_PLACEMENT_3D('',#3163,#3164,#3165);
#3163 = CARTESIAN_POINT('',(-15.,2.,1.6));
#3164 = DIRECTION('',(-0.,1.,0.));
#3165 = DIRECTION('',(0.,0.,1.));
#3166 = DEFINITIONAL_REPRESENTATION('',(#3167),#3171);
#3167 = LINE('',#3168,#3169);
#3168 = CARTESIAN_POINT('',(0.,0.));
#3169 = VECTOR('',#3170,1.);
#3170 = DIRECTION('',(1.,0.));
#3171 = ( GEOMETRIC_REPRESENTATION_CONTEXT(2) 
PARAMETRIC_REPRESENTATION_CONTEXT() REPRESENTATION_CONTEXT('2D SPACE',''
  ) );
#3172 = ORIENTED_EDGE('',*,*,#3173,.T.);
#3173 = EDGE_CURVE('',#3139,#3174,#3176,.T.);
#3174 = VERTEX_POINT('',#3175);
#3175 = CARTESIAN_POINT('',(-15.,4.,1.6));
#3176 = SURFACE_CURVE('',#3177,(#3181,#3188),.PCURVE_S1.);
#3177 = LINE('',#3178,#3179);
#3178 = CARTESIAN_POINT('',(-15.,2.,1.6));
#3179 = VECTOR('',#3180,1.);
#3180 = DIRECTION('',(-0.,1.,0.));
#3181 = PCURVE('',#3149,#3182);
#3182 = DEFINITIONAL_REPRESENTATION('',(#3183),#3187);
#3183 = LINE('',#3184,#3185);
#3184 = CARTESIAN_POINT('',(0.,0.));
#3185 = VECTOR('',#3186,1.);
#3186 = DIRECTION('',(0.,-1.));
#3187 = ( GEOMETRIC_REPRESENTATION_CONTEXT(2) 
PARAMETRIC_REPRESENTATION_CONTEXT() REPRESENTATION_CONTEXT('2D SPACE',''
  ) );
#3188 = PCURVE('',#3189,#3194);
#3189 = PLANE('',#3190);
#3190 = AXIS2_PLACEMENT_3D('',#3191,#3192,#3193);
#3191 = CARTESIAN_POINT('',(-15.,2.,1.6));
#3192 = DIRECTION('',(0.,0.,1.));
#3193 = DIRECTION('',(1.,0.,-0.));
#3194 = DEFINITIONAL_REPRESENTATION('',(#3195),#3199);
#3195 = LINE('',#3196,#3197);
#3196 = CARTESIAN_POINT('',(0.,0.));
#3197 = VECTOR('',#3198,1.);
#3198 = DIRECTION('',(0.,1.));
#3199 = ( GEOMETRIC_REPRESENTATION_CONTEXT(2) 
PARAMETRIC_REPRESENTATION_CONTEXT() REPRESENTATION_CONTEXT('2D SPACE',''
  ) );
#3200 = ORIENTED_EDGE('',*,*,#3201,.T.);
#3201 = EDGE_CURVE('',#3174,#3202,#3204,.T.);
#3202 = VERTEX_POINT('',#3203);
#3203 = CARTESIAN_POINT('',(-15.,4.,1.9));
#3204 = SURFACE_CURVE('',#3205,(#3209,#3216),.PCURVE_S1.);
#3205 = LINE('',#3206,#3207);
#3206 = CARTESIAN_POINT('',(-15.,4.,1.6));
#3207 = VECTOR('',#3208,1.);
#3208 = DIRECTION('',(0.,0.,1.));
#3209 = PCURVE('',#3149,#3210);
#3210 = DEFINITIONAL_REPRESENTATION('',(#3211),#3215);
#3211 = LINE('',#3212,#3213);
#3212 = CARTESIAN_POINT('',(0.,-2.));
#3213 = VECTOR('',#3214,1.);
#3214 = DIRECTION('',(1.,0.));
#3215 = ( GEOMETRIC_REPRESENTATION_CONTEXT(2) 
PARAMETRIC_REPRESENTATION_CONTEXT() REPRESENTATION_CONTEXT('2D SPACE',''
  ) );
#3216 = PCURVE('',#3217,#3222);
#3217 = PLANE('',#3218);
#3218 = AXIS2_PLACEMENT_3D('',#3219,#3220,#3221);
#3219 = CARTESIAN_POINT('',(-15.,4.,1.6));
#3220 = DIRECTION('',(-0.,1.,0.));
#3221 = DIRECTION('',(0.,0.,1.));
#3222 = DEFINITIONAL_REPRESENTATION('',(#3223),#3227);
#3223 = LINE('',#3224,#3225);
#3224 = CARTESIAN_POINT('',(0.,0.));
#3225 = VECTOR('',#3226,1.);
#3226 = DIRECTION('',(1.,0.));
#3227 = ( GEOMETRIC_REPRESENTATION_CONTEXT(2) 
PARAMETRIC_REPRESENTATION_CONTEXT() REPRESENTATION_CONTEXT('2D SPACE',''
  ) );
#3228 = ORIENTED_EDGE('',*,*,#3229,.F.);
#3229 = EDGE_CURVE('',#3141,#3202,#3230,.T.);
#3230 = SURFACE_CURVE('',#3231,(#3235,#3242),.PCURVE_S1.);
#3231 = LINE('',#3232,#3233);
#3232 = CARTESIAN_POINT('',(-15.,2.,1.9));
#3233 = VECTOR('',#3234,1.);
#3234 = DIRECTION('',(-0.,1.,0.));
#3235 = PCURVE('',#3149,#3236);
#3236 = DEFINITIONAL_REPRESENTATION('',(#3237),#3241);
#3237 = LINE('',#3238,#3239);
#3238 = CARTESIAN_POINT('',(0.3,0.));
#3239 = VECTOR('',#3240,1.);
#3240 = DIRECTION('',(0.,-1.));
#3241 = ( GEOMETRIC_REPRESENTATION_CONTEXT(2) 
PARAMETRIC_REPRESENTATION_CONTEXT() REPRESENTATION_CONTEXT('2D SPACE',''
  ) );
#3242 = PCURVE('',#3243,#3248);
#3243 = PLANE('',#3244);
#3244 = AXIS2_PLACEMENT_3D('',#3245,#3246,#3247);
#3245 = CARTESIAN_POINT('',(-15.,2.,1.9));
#3246 = DIRECTION('',(0.,0.,1.));
#3247 = DIRECTION('',(1.,0.,-0.));
#3248 = DEFINITIONAL_REPRESENTATION('',(#3249),#3253);
#3249 = LINE('',#3250,#3251);
#3250 = CARTESIAN_POINT('',(0.,0.));
#3251 = VECTOR('',#3252,1.);
#3252 = DIRECTION('',(0.,1.));
#3253 = ( GEOMETRIC_REPRESENTATION_CONTEXT(2) 
PARAMETRIC_REPRESENTATION_CONTEXT() REPRESENTATION_CONTEXT('2D SPACE',''
  ) );
#3254 = ADVANCED_FACE('',(#3255),#3269,.T.);
#3255 = FACE_BOUND('',#3256,.T.);
#3256 = EDGE_LOOP('',(#3257,#3287,#3310,#3333));
#3257 = ORIENTED_EDGE('',*,*,#3258,.F.);
#3258 = EDGE_CURVE('',#3259,#3261,#3263,.T.);
#3259 = VERTEX_POINT('',#3260);
#3260 = CARTESIAN_POINT('',(-12.5,2.,1.6));
#3261 = VERTEX_POINT('',#3262);
#3262 = CARTESIAN_POINT('',(-12.5,2.,1.9));
#3263 = SURFACE_CURVE('',#3264,(#3268,#3280),.PCURVE_S1.);
#3264 = LINE('',#3265,#3266);
#3265 = CARTESIAN_POINT('',(-12.5,2.,1.6));
#3266 = VECTOR('',#3267,1.);
#3267 = DIRECTION('',(0.,0.,1.));
#3268 = PCURVE('',#3269,#3274);
#3269 = PLANE('',#3270);
#3270 = AXIS2_PLACEMENT_3D('',#3271,#3272,#3273);
#3271 = CARTESIAN_POINT('',(-12.5,2.,1.6));
#3272 = DIRECTION('',(1.,0.,-0.));
#3273 = DIRECTION('',(0.,0.,1.));
#3274 = DEFINITIONAL_REPRESENTATION('',(#3275),#3279);
#3275 = LINE('',#3276,#3277);
#3276 = CARTESIAN_POINT('',(0.,0.));
#3277 = VECTOR('',#3278,1.);
#3278 = DIRECTION('',(1.,0.));
#3279 = ( GEOMETRIC_REPRESENTATION_CONTEXT(2) 
PARAMETRIC_REPRESENTATION_CONTEXT() REPRESENTATION_CONTEXT('2D SPACE',''
  ) );
#3280 = PCURVE('',#3161,#3281);
#3281 = DEFINITIONAL_REPRESENTATION('',(#3282),#3286);
#3282 = LINE('',#3283,#3284);
#3283 = CARTESIAN_POINT('',(0.,2.5));
#3284 = VECTOR('',#3285,1.);
#3285 = DIRECTION('',(1.,0.));
#3286 = ( GEOMETRIC_REPRESENTATION_CONTEXT(2) 
PARAMETRIC_REPRESENTATION_CONTEXT() REPRESENTATION_CONTEXT('2D SPACE',''
  ) );
#3287 = ORIENTED_EDGE('',*,*,#3288,.T.);
#3288 = EDGE_CURVE('',#3259,#3289,#3291,.T.);
#3289 = VERTEX_POINT('',#3290);
#3290 = CARTESIAN_POINT('',(-12.5,4.,1.6));
#3291 = SURFACE_CURVE('',#3292,(#3296,#3303),.PCURVE_S1.);
#3292 = LINE('',#3293,#3294);
#3293 = CARTESIAN_POINT('',(-12.5,2.,1.6));
#3294 = VECTOR('',#3295,1.);
#3295 = DIRECTION('',(-0.,1.,0.));
#3296 = PCURVE('',#3269,#3297);
#3297 = DEFINITIONAL_REPRESENTATION('',(#3298),#3302);
#3298 = LINE('',#3299,#3300);
#3299 = CARTESIAN_POINT('',(0.,0.));
#3300 = VECTOR('',#3301,1.);
#3301 = DIRECTION('',(0.,-1.));
#3302 = ( GEOMETRIC_REPRESENTATION_CONTEXT(2) 
PARAMETRIC_REPRESENTATION_CONTEXT() REPRESENTATION_CONTEXT('2D SPACE',''
  ) );
#3303 = PCURVE('',#3189,#3304);
#3304 = DEFINITIONAL_REPRESENTATION('',(#3305),#3309);
#3305 = LINE('',#3306,#3307);
#3306 = CARTESIAN_POINT('',(2.5,0.));
#3307 = VECTOR('',#3308,1.);
#3308 = DIRECTION('',(0.,1.));
#3309 = ( GEOMETRIC_REPRESENTATION_CONTEXT(2) 
PARAMETRIC_REPRESENTATION_CONTEXT() REPRESENTATION_CONTEXT('2D SPACE',''
  ) );
#3310 = ORIENTED_EDGE('',*,*,#3311,.T.);
#3311 = EDGE_CURVE('',#3289,#3312,#3314,.T.);
#3312 = VERTEX_POINT('',#3313);
#3313 = CARTESIAN_POINT('',(-12.5,4.,1.9));
#3314 = SURFACE_CURVE('',#3315,(#3319,#3326),.PCURVE_S1.);
#3315 = LINE('',#3316,#3317);
#3316 = CARTESIAN_POINT('',(-12.5,4.,1.6));
#3317 = VECTOR('',#3318,1.);
#3318 = DIRECTION('',(0.,0.,1.));
#3319 = PCURVE('',#3269,#3320);
#3320 = DEFINITIONAL_REPRESENTATION('',(#3321),#3325);
#3321 = LINE('',#3322,#3323);
#3322 = CARTESIAN_POINT('',(0.,-2.));
#3323 = VECTOR('',#3324,1.);
#3324 = DIRECTION('',(1.,0.));
#3325 = ( GEOMETRIC_REPRESENTATION_CONTEXT(2) 
PARAMETRIC_REPRESENTATION_CONTEXT() REPRESENTATION_CONTEXT('2D SPACE',''
  ) );
#3326 = PCURVE('',#3217,#3327);
#3327 = DEFINITIONAL_REPRESENTATION('',(#3328),#3332);
#3328 = LINE('',#3329,#3330);
#3329 = CARTESIAN_POINT('',(0.,2.5));
#3330 = VECTOR('',#3331,1.);
#3331 = DIRECTION('',(1.,0.));
#3332 = ( GEOMETRIC_REPRESENTATION_CONTEXT(2) 
PARAMETRIC_REPRESENTATION_CONTEXT() REPRESENTATION_CONTEXT('2D SPACE',''
  ) );
#3333 = ORIENTED_EDGE('',*,*,#3334,.F.);
#3334 = EDGE_CURVE('',#3261,#3312,#3335,.T.);
#3335 = SURFACE_CURVE('',#3336,(#3340,#3347),.PCURVE_S1.);
#3336 = LINE('',#3337,#3338);
#3337 = CARTESIAN_POINT('',(-12.5,2.,1.9));
#3338 = VECTOR('',#3339,1.);
#3339 = DIRECTION('',(-0.,1.,0.));
#3340 = PCURVE('',#3269,#3341);
#3341 = DEFINITIONAL_REPRESENTATION('',(#3342),#3346);
#3342 = LINE('',#3343,#3344);
#3343 = CARTESIAN_POINT('',(0.3,0.));
#3344 = VECTOR('',#3345,1.);
#3345 = DIRECTION('',(0.,-1.));
#3346 = ( GEOMETRIC_REPRESENTATION_CONTEXT(2) 
PARAMETRIC_REPRESENTATION_CONTEXT() REPRESENTATION_CONTEXT('2D SPACE',''
  ) );
#3347 = PCURVE('',#3243,#3348);
#3348 = DEFINITIONAL_REPRESENTATION('',(#3349),#3353);
#3349 = LINE('',#3350,#3351);
#3350 = CARTESIAN_POINT('',(2.5,0.));
#3351 = VECTOR('',#3352,1.);
#3352 = DIRECTION('',(0.,1.));
#3353 = ( GEOMETRIC_REPRESENTATION_CONTEXT(2) 
PARAMETRIC_REPRESENTATION_CONTEXT() REPRESENTATION_CONTEXT('2D SPACE',''
  ) );
#3354 = ADVANCED_FACE('',(#3355),#3161,.F.);
#3355 = FACE_BOUND('',#3356,.F.);
#3356 = EDGE_LOOP('',(#3357,#3378,#3379,#3400));
#3357 = ORIENTED_EDGE('',*,*,#3358,.F.);
#3358 = EDGE_CURVE('',#3139,#3259,#3359,.T.);
#3359 = SURFACE_CURVE('',#3360,(#3364,#3371),.PCURVE_S1.);
#3360 = LINE('',#3361,#3362);
#3361 = CARTESIAN_POINT('',(-15.,2.,1.6));
#3362 = VECTOR('',#3363,1.);
#3363 = DIRECTION('',(1.,0.,-0.));
#3364 = PCURVE('',#3161,#3365);
#3365 = DEFINITIONAL_REPRESENTATION('',(#3366),#3370);
#3366 = LINE('',#3367,#3368);
#3367 = CARTESIAN_POINT('',(0.,0.));
#3368 = VECTOR('',#3369,1.);
#3369 = DIRECTION('',(0.,1.));
#3370 = ( GEOMETRIC_REPRESENTATION_CONTEXT(2) 
PARAMETRIC_REPRESENTATION_CONTEXT() REPRESENTATION_CONTEXT('2D SPACE',''
  ) );
#3371 = PCURVE('',#3189,#3372);
#3372 = DEFINITIONAL_REPRESENTATION('',(#3373),#3377);
#3373 = LINE('',#3374,#3375);
#3374 = CARTESIAN_POINT('',(0.,0.));
#3375 = VECTOR('',#3376,1.);
#3376 = DIRECTION('',(1.,0.));
#3377 = ( GEOMETRIC_REPRESENTATION_CONTEXT(2) 
PARAMETRIC_REPRESENTATION_CONTEXT() REPRESENTATION_CONTEXT('2D SPACE',''
  ) );
#3378 = ORIENTED_EDGE('',*,*,#3138,.T.);
#3379 = ORIENTED_EDGE('',*,*,#3380,.T.);
#3380 = EDGE_CURVE('',#3141,#3261,#3381,.T.);
#3381 = SURFACE_CURVE('',#3382,(#3386,#3393),.PCURVE_S1.);
#3382 = LINE('',#3383,#3384);
#3383 = CARTESIAN_POINT('',(-15.,2.,1.9));
#3384 = VECTOR('',#3385,1.);
#3385 = DIRECTION('',(1.,0.,-0.));
#3386 = PCURVE('',#3161,#3387);
#3387 = DEFINITIONAL_REPRESENTATION('',(#3388),#3392);
#3388 = LINE('',#3389,#3390);
#3389 = CARTESIAN_POINT('',(0.3,0.));
#3390 = VECTOR('',#3391,1.);
#3391 = DIRECTION('',(0.,1.));
#3392 = ( GEOMETRIC_REPRESENTATION_CONTEXT(2) 
PARAMETRIC_REPRESENTATION_CONTEXT() REPRESENTATION_CONTEXT('2D SPACE',''
  ) );
#3393 = PCURVE('',#3243,#3394);
#3394 = DEFINITIONAL_REPRESENTATION('',(#3395),#3399);
#3395 = LINE('',#3396,#3397);
#3396 = CARTESIAN_POINT('',(0.,0.));
#3397 = VECTOR('',#3398,1.);
#3398 = DIRECTION('',(1.,0.));
#3399 = ( GEOMETRIC_REPRESENTATION_CONTEXT(2) 
PARAMETRIC_REPRESENTATION_CONTEXT() REPRESENTATION_CONTEXT('2D SPACE',''
  ) );
#3400 = ORIENTED_EDGE('',*,*,#3258,.F.);
#3401 = ADVANCED_FACE('',(#3402),#3217,.T.);
#3402 = FACE_BOUND('',#3403,.T.);
#3403 = EDGE_LOOP('',(#3404,#3425,#3426,#3447));
#3404 = ORIENTED_EDGE('',*,*,#3405,.F.);
#3405 = EDGE_CURVE('',#3174,#3289,#3406,.T.);
#3406 = SURFACE_CURVE('',#3407,(#3411,#3418),.PCURVE_S1.);
#3407 = LINE('',#3408,#3409);
#3408 = CARTESIAN_POINT('',(-15.,4.,1.6));
#3409 = VECTOR('',#3410,1.);
#3410 = DIRECTION('',(1.,0.,-0.));
#3411 = PCURVE('',#3217,#3412);
#3412 = DEFINITIONAL_REPRESENTATION('',(#3413),#3417);
#3413 = LINE('',#3414,#3415);
#3414 = CARTESIAN_POINT('',(0.,0.));
#3415 = VECTOR('',#3416,1.);
#3416 = DIRECTION('',(0.,1.));
#3417 = ( GEOMETRIC_REPRESENTATION_CONTEXT(2) 
PARAMETRIC_REPRESENTATION_CONTEXT() REPRESENTATION_CONTEXT('2D SPACE',''
  ) );
#3418 = PCURVE('',#3189,#3419);
#3419 = DEFINITIONAL_REPRESENTATION('',(#3420),#3424);
#3420 = LINE('',#3421,#3422);
#3421 = CARTESIAN_POINT('',(0.,2.));
#3422 = VECTOR('',#3423,1.);
#3423 = DIRECTION('',(1.,0.));
#3424 = ( GEOMETRIC_REPRESENTATION_CONTEXT(2) 
PARAMETRIC_REPRESENTATION_CONTEXT() REPRESENTATION_CONTEXT('2D SPACE',''
  ) );
#3425 = ORIENTED_EDGE('',*,*,#3201,.T.);
#3426 = ORIENTED_EDGE('',*,*,#3427,.T.);
#3427 = EDGE_CURVE('',#3202,#3312,#3428,.T.);
#3428 = SURFACE_CURVE('',#3429,(#3433,#3440),.PCURVE_S1.);
#3429 = LINE('',#3430,#3431);
#3430 = CARTESIAN_POINT('',(-15.,4.,1.9));
#3431 = VECTOR('',#3432,1.);
#3432 = DIRECTION('',(1.,0.,-0.));
#3433 = PCURVE('',#3217,#3434);
#3434 = DEFINITIONAL_REPRESENTATION('',(#3435),#3439);
#3435 = LINE('',#3436,#3437);
#3436 = CARTESIAN_POINT('',(0.3,0.));
#3437 = VECTOR('',#3438,1.);
#3438 = DIRECTION('',(0.,1.));
#3439 = ( GEOMETRIC_REPRESENTATION_CONTEXT(2) 
PARAMETRIC_REPRESENTATION_CONTEXT() REPRESENTATION_CONTEXT('2D SPACE',''
  ) );
#3440 = PCURVE('',#3243,#3441);
#3441 = DEFINITIONAL_REPRESENTATION('',(#3442),#3446);
#3442 = LINE('',#3443,#3444);
#3443 = CARTESIAN_POINT('',(0.,2.));
#3444 = VECTOR('',#3445,1.);
#3445 = DIRECTION('',(1.,0.));
#3446 = ( GEOMETRIC_REPRESENTATION_CONTEXT(2) 
PARAMETRIC_REPRESENTATION_CONTEXT() REPRESENTATION_CONTEXT('2D SPACE',''
  ) );
#3447 = ORIENTED_EDGE('',*,*,#3311,.F.);
#3448 = ADVANCED_FACE('',(#3449),#3189,.F.);
#3449 = FACE_BOUND('',#3450,.F.);
#3450 = EDGE_LOOP('',(#3451,#3452,#3453,#3454));
#3451 = ORIENTED_EDGE('',*,*,#3173,.F.);
#3452 = ORIENTED_EDGE('',*,*,#3358,.T.);
#3453 = ORIENTED_EDGE('',*,*,#3288,.T.);
#3454 = ORIENTED_EDGE('',*,*,#3405,.F.);
#3455 = ADVANCED_FACE('',(#3456),#3243,.T.);
#3456 = FACE_BOUND('',#3457,.T.);
#3457 = EDGE_LOOP('',(#3458,#3459,#3460,#3461));
#3458 = ORIENTED_EDGE('',*,*,#3229,.F.);
#3459 = ORIENTED_EDGE('',*,*,#3380,.T.);
#3460 = ORIENTED_EDGE('',*,*,#3334,.T.);
#3461 = ORIENTED_EDGE('',*,*,#3427,.F.);
#3462 = ( GEOMETRIC_REPRESENTATION_CONTEXT(3) 
GLOBAL_UNCERTAINTY_ASSIGNED_CONTEXT((#3466)) 
GLOBAL_UNIT_ASSIGNED_CONTEXT((#3463,#3464,#3465)) REPRESENTATION_CONTEXT
('Context #1','3D Context with UNIT and UNCERTAINTY') );
#3463 = ( LENGTH_UNIT() NAMED_UNIT(*) SI_UNIT(.MILLI.,.METRE.) );
#3464 = ( NAMED_UNIT(*) PLANE_ANGLE_UNIT() SI_UNIT($,.RADIAN.) );
#3465 = ( NAMED_UNIT(*) SI_UNIT($,.STERADIAN.) SOLID_ANGLE_UNIT() );
#3466 = UNCERTAINTY_MEASURE_WITH_UNIT(LENGTH_MEASURE(1.E-07),#3463,
  'distance_accuracy_value','confusion accuracy');
#3467 = CONTEXT_DEPENDENT_SHAPE_REPRESENTATION(#3468,#3470);
#3468 = ( REPRESENTATION_RELATIONSHIP('','',#2471,#10) 
REPRESENTATION_RELATIONSHIP_WITH_TRANSFORMATION(#3469) 
SHAPE_REPRESENTATION_RELATIONSHIP() );
#3469 = ITEM_DEFINED_TRANSFORMATION('','',#11,#27);
#3470 = PRODUCT_DEFINITION_SHAPE('Placement','Placement of an item',
  #3471);
#3471 = NEXT_ASSEMBLY_USAGE_OCCURRENCE('22','motor_2_pads','',#5,#2466,$
  );
#3472 = PRODUCT_RELATED_PRODUCT_CATEGORY('part',$,(#2468));
#3473 = SHAPE_DEFINITION_REPRESENTATION(#3474,#3480);
#3474 = PRODUCT_DEFINITION_SHAPE('','',#3475);
#3475 = PRODUCT_DEFINITION('design','',#3476,#3479);
#3476 = PRODUCT_DEFINITION_FORMATION('','',#3477);
#3477 = PRODUCT('motor_3_pads','motor_3_pads','',(#3478));
#3478 = PRODUCT_CONTEXT('',#2,'mechanical');
#3479 = PRODUCT_DEFINITION_CONTEXT('part definition',#2,'design');
#3480 = SHAPE_REPRESENTATION('',(#11,#3481,#3811,#4141),#4471);
#3481 = MANIFOLD_SOLID_BREP('',#3482);
#3482 = CLOSED_SHELL('',(#3483,#3603,#3703,#3750,#3797,#3804));
#3483 = ADVANCED_FACE('',(#3484),#3498,.F.);
#3484 = FACE_BOUND('',#3485,.F.);
#3485 = EDGE_LOOP('',(#3486,#3521,#3549,#3577));
#3486 = ORIENTED_EDGE('',*,*,#3487,.F.);
#3487 = EDGE_CURVE('',#3488,#3490,#3492,.T.);
#3488 = VERTEX_POINT('',#3489);
#3489 = CARTESIAN_POINT('',(12.5,-4.,1.6));
#3490 = VERTEX_POINT('',#3491);
#3491 = CARTESIAN_POINT('',(12.5,-4.,1.9));
#3492 = SURFACE_CURVE('',#3493,(#3497,#3509),.PCURVE_S1.);
#3493 = LINE('',#3494,#3495);
#3494 = CARTESIAN_POINT('',(12.5,-4.,1.6));
#3495 = VECTOR('',#3496,1.);
#3496 = DIRECTION('',(0.,0.,1.));
#3497 = PCURVE('',#3498,#3503);
#3498 = PLANE('',#3499);
#3499 = AXIS2_PLACEMENT_3D('',#3500,#3501,#3502);
#3500 = CARTESIAN_POINT('',(12.5,-4.,1.6));
#3501 = DIRECTION('',(1.,0.,-0.));
#3502 = DIRECTION('',(0.,0.,1.));
#3503 = DEFINITIONAL_REPRESENTATION('',(#3504),#3508);
#3504 = LINE('',#3505,#3506);
#3505 = CARTESIAN_POINT('',(0.,0.));
#3506 = VECTOR('',#3507,1.);
#3507 = DIRECTION('',(1.,0.));
#3508 = ( GEOMETRIC_REPRESENTATION_CONTEXT(2) 
PARAMETRIC_REPRESENTATION_CONTEXT() REPRESENTATION_CONTEXT('2D SPACE',''
  ) );
#3509 = PCURVE('',#3510,#3515);
#3510 = PLANE('',#3511);
#3511 = AXIS2_PLACEMENT_3D('',#3512,#3513,#3514);
#3512 = CARTESIAN_POINT('',(12.5,-4.,1.6));
#3513 = DIRECTION('',(-0.,1.,0.));
#3514 = DIRECTION('',(0.,0.,1.));
#3515 = DEFINITIONAL_REPRESENTATION('',(#3516),#3520);
#3516 = LINE('',#3517,#3518);
#3517 = CARTESIAN_POINT('',(0.,0.));
#3518 = VECTOR('',#3519,1.);
#3519 = DIRECTION('',(1.,0.));
#3520 = ( GEOMETRIC_REPRESENTATION_CONTEXT(2) 
PARAMETRIC_REPRESENTATION_CONTEXT() REPRESENTATION_CONTEXT('2D SPACE',''
  ) );
#3521 = ORIENTED_EDGE('',*,*,#3522,.T.);
#3522 = EDGE_CURVE('',#3488,#3523,#3525,.T.);
#3523 = VERTEX_POINT('',#3524);
#3524 = CARTESIAN_POINT('',(12.5,-2.,1.6));
#3525 = SURFACE_CURVE('',#3526,(#3530,#3537),.PCURVE_S1.);
#3526 = LINE('',#3527,#3528);
#3527 = CARTESIAN_POINT('',(12.5,-4.,1.6));
#3528 = VECTOR('',#3529,1.);
#3529 = DIRECTION('',(-0.,1.,0.));
#3530 = PCURVE('',#3498,#3531);
#3531 = DEFINITIONAL_REPRESENTATION('',(#3532),#3536);
#3532 = LINE('',#3533,#3534);
#3533 = CARTESIAN_POINT('',(0.,0.));
#3534 = VECTOR('',#3535,1.);
#3535 = DIRECTION('',(0.,-1.));
#3536 = ( GEOMETRIC_REPRESENTATION_CONTEXT(2) 
PARAMETRIC_REPRESENTATION_CONTEXT() REPRESENTATION_CONTEXT('2D SPACE',''
  ) );
#3537 = PCURVE('',#3538,#3543);
#3538 = PLANE('',#3539);
#3539 = AXIS2_PLACEMENT_3D('',#3540,#3541,#3542);
#3540 = CARTESIAN_POINT('',(12.5,-4.,1.6));
#3541 = DIRECTION('',(0.,0.,1.));
#3542 = DIRECTION('',(1.,0.,-0.));
#3543 = DEFINITIONAL_REPRESENTATION('',(#3544),#3548);
#3544 = LINE('',#3545,#3546);
#3545 = CARTESIAN_POINT('',(0.,0.));
#3546 = VECTOR('',#3547,1.);
#3547 = DIRECTION('',(0.,1.));
#3548 = ( GEOMETRIC_REPRESENTATION_CONTEXT(2) 
PARAMETRIC_REPRESENTATION_CONTEXT() REPRESENTATION_CONTEXT('2D SPACE',''
  ) );
#3549 = ORIENTED_EDGE('',*,*,#3550,.T.);
#3550 = EDGE_CURVE('',#3523,#3551,#3553,.T.);
#3551 = VERTEX_POINT('',#3552);
#3552 = CARTESIAN_POINT('',(12.5,-2.,1.9));
#3553 = SURFACE_CURVE('',#3554,(#3558,#3565),.PCURVE_S1.);
#3554 = LINE('',#3555,#3556);
#3555 = CARTESIAN_POINT('',(12.5,-2.,1.6));
#3556 = VECTOR('',#3557,1.);
#3557 = DIRECTION('',(0.,0.,1.));
#3558 = PCURVE('',#3498,#3559);
#3559 = DEFINITIONAL_REPRESENTATION('',(#3560),#3564);
#3560 = LINE('',#3561,#3562);
#3561 = CARTESIAN_POINT('',(0.,-2.));
#3562 = VECTOR('',#3563,1.);
#3563 = DIRECTION('',(1.,0.));
#3564 = ( GEOMETRIC_REPRESENTATION_CONTEXT(2) 
PARAMETRIC_REPRESENTATION_CONTEXT() REPRESENTATION_CONTEXT('2D SPACE',''
  ) );
#3565 = PCURVE('',#3566,#3571);
#3566 = PLANE('',#3567);
#3567 = AXIS2_PLACEMENT_3D('',#3568,#3569,#3570);
#3568 = CARTESIAN_POINT('',(12.5,-2.,1.6));
#3569 = DIRECTION('',(-0.,1.,0.));
#3570 = DIRECTION('',(0.,0.,1.));
#3571 = DEFINITIONAL_REPRESENTATION('',(#3572),#3576);
#3572 = LINE('',#3573,#3574);
#3573 = CARTESIAN_POINT('',(0.,0.));
#3574 = VECTOR('',#3575,1.);
#3575 = DIRECTION('',(1.,0.));
#3576 = ( GEOMETRIC_REPRESENTATION_CONTEXT(2) 
PARAMETRIC_REPRESENTATION_CONTEXT() REPRESENTATION_CONTEXT('2D SPACE',''
  ) );
#3577 = ORIENTED_EDGE('',*,*,#3578,.F.);
#3578 = EDGE_CURVE('',#3490,#3551,#3579,.T.);
#3579 = SURFACE_CURVE('',#3580,(#3584,#3591),.PCURVE_S1.);
#3580 = LINE('',#3581,#3582);
#3581 = CARTESIAN_POINT('',(12.5,-4.,1.9));
#3582 = VECTOR('',#3583,1.);
#3583 = DIRECTION('',(-0.,1.,0.));
#3584 = PCURVE('',#3498,#3585);
#3585 = DEFINITIONAL_REPRESENTATION('',(#3586),#3590);
#3586 = LINE('',#3587,#3588);
#3587 = CARTESIAN_POINT('',(0.3,0.));
#3588 = VECTOR('',#3589,1.);
#3589 = DIRECTION('',(0.,-1.));
#3590 = ( GEOMETRIC_REPRESENTATION_CONTEXT(2) 
PARAMETRIC_REPRESENTATION_CONTEXT() REPRESENTATION_CONTEXT('2D SPACE',''
  ) );
#3591 = PCURVE('',#3592,#3597);
#3592 = PLANE('',#3593);
#3593 = AXIS2_PLACEMENT_3D('',#3594,#3595,#3596);
#3594 = CARTESIAN_POINT('',(12.5,-4.,1.9));
#3595 = DIRECTION('',(0.,0.,1.));
#3596 = DIRECTION('',(1.,0.,-0.));
#3597 = DEFINITIONAL_REPRESENTATION('',(#3598),#3602);
#3598 = LINE('',#3599,#3600);
#3599 = CARTESIAN_POINT('',(0.,0.));
#3600 = VECTOR('',#3601,1.);
#3601 = DIRECTION('',(0.,1.));
#3602 = ( GEOMETRIC_REPRESENTATION_CONTEXT(2) 
PARAMETRIC_REPRESENTATION_CONTEXT() REPRESENTATION_CONTEXT('2D SPACE',''
  ) );
#3603 = ADVANCED_FACE('',(#3604),#3618,.T.);
#3604 = FACE_BOUND('',#3605,.T.);
#3605 = EDGE_LOOP('',(#3606,#3636,#3659,#3682));
#3606 = ORIENTED_EDGE('',*,*,#3607,.F.);
#3607 = EDGE_CURVE('',#3608,#3610,#3612,.T.);
#3608 = VERTEX_POINT('',#3609);
#3609 = CARTESIAN_POINT('',(15.,-4.,1.6));
#3610 = VERTEX_POINT('',#3611);
#3611 = CARTESIAN_POINT('',(15.,-4.,1.9));
#3612 = SURFACE_CURVE('',#3613,(#3617,#3629),.PCURVE_S1.);
#3613 = LINE('',#3614,#3615);
#3614 = CARTESIAN_POINT('',(15.,-4.,1.6));
#3615 = VECTOR('',#3616,1.);
#3616 = DIRECTION('',(0.,0.,1.));
#3617 = PCURVE('',#3618,#3623);
#3618 = PLANE('',#3619);
#3619 = AXIS2_PLACEMENT_3D('',#3620,#3621,#3622);
#3620 = CARTESIAN_POINT('',(15.,-4.,1.6));
#3621 = DIRECTION('',(1.,0.,-0.));
#3622 = DIRECTION('',(0.,0.,1.));
#3623 = DEFINITIONAL_REPRESENTATION('',(#3624),#3628);
#3624 = LINE('',#3625,#3626);
#3625 = CARTESIAN_POINT('',(0.,0.));
#3626 = VECTOR('',#3627,1.);
#3627 = DIRECTION('',(1.,0.));
#3628 = ( GEOMETRIC_REPRESENTATION_CONTEXT(2) 
PARAMETRIC_REPRESENTATION_CONTEXT() REPRESENTATION_CONTEXT('2D SPACE',''
  ) );
#3629 = PCURVE('',#3510,#3630);
#3630 = DEFINITIONAL_REPRESENTATION('',(#3631),#3635);
#3631 = LINE('',#3632,#3633);
#3632 = CARTESIAN_POINT('',(0.,2.5));
#3633 = VECTOR('',#3634,1.);
#3634 = DIRECTION('',(1.,0.));
#3635 = ( GEOMETRIC_REPRESENTATION_CONTEXT(2) 
PARAMETRIC_REPRESENTATION_CONTEXT() REPRESENTATION_CONTEXT('2D SPACE',''
  ) );
#3636 = ORIENTED_EDGE('',*,*,#3637,.T.);
#3637 = EDGE_CURVE('',#3608,#3638,#3640,.T.);
#3638 = VERTEX_POINT('',#3639);
#3639 = CARTESIAN_POINT('',(15.,-2.,1.6));
#3640 = SURFACE_CURVE('',#3641,(#3645,#3652),.PCURVE_S1.);
#3641 = LINE('',#3642,#3643);
#3642 = CARTESIAN_POINT('',(15.,-4.,1.6));
#3643 = VECTOR('',#3644,1.);
#3644 = DIRECTION('',(-0.,1.,0.));
#3645 = PCURVE('',#3618,#3646);
#3646 = DEFINITIONAL_REPRESENTATION('',(#3647),#3651);
#3647 = LINE('',#3648,#3649);
#3648 = CARTESIAN_POINT('',(0.,0.));
#3649 = VECTOR('',#3650,1.);
#3650 = DIRECTION('',(0.,-1.));
#3651 = ( GEOMETRIC_REPRESENTATION_CONTEXT(2) 
PARAMETRIC_REPRESENTATION_CONTEXT() REPRESENTATION_CONTEXT('2D SPACE',''
  ) );
#3652 = PCURVE('',#3538,#3653);
#3653 = DEFINITIONAL_REPRESENTATION('',(#3654),#3658);
#3654 = LINE('',#3655,#3656);
#3655 = CARTESIAN_POINT('',(2.5,0.));
#3656 = VECTOR('',#3657,1.);
#3657 = DIRECTION('',(0.,1.));
#3658 = ( GEOMETRIC_REPRESENTATION_CONTEXT(2) 
PARAMETRIC_REPRESENTATION_CONTEXT() REPRESENTATION_CONTEXT('2D SPACE',''
  ) );
#3659 = ORIENTED_EDGE('',*,*,#3660,.T.);
#3660 = EDGE_CURVE('',#3638,#3661,#3663,.T.);
#3661 = VERTEX_POINT('',#3662);
#3662 = CARTESIAN_POINT('',(15.,-2.,1.9));
#3663 = SURFACE_CURVE('',#3664,(#3668,#3675),.PCURVE_S1.);
#3664 = LINE('',#3665,#3666);
#3665 = CARTESIAN_POINT('',(15.,-2.,1.6));
#3666 = VECTOR('',#3667,1.);
#3667 = DIRECTION('',(0.,0.,1.));
#3668 = PCURVE('',#3618,#3669);
#3669 = DEFINITIONAL_REPRESENTATION('',(#3670),#3674);
#3670 = LINE('',#3671,#3672);
#3671 = CARTESIAN_POINT('',(0.,-2.));
#3672 = VECTOR('',#3673,1.);
#3673 = DIRECTION('',(1.,0.));
#3674 = ( GEOMETRIC_REPRESENTATION_CONTEXT(2) 
PARAMETRIC_REPRESENTATION_CONTEXT() REPRESENTATION_CONTEXT('2D SPACE',''
  ) );
#3675 = PCURVE('',#3566,#3676);
#3676 = DEFINITIONAL_REPRESENTATION('',(#3677),#3681);
#3677 = LINE('',#3678,#3679);
#3678 = CARTESIAN_POINT('',(0.,2.5));
#3679 = VECTOR('',#3680,1.);
#3680 = DIRECTION('',(1.,0.));
#3681 = ( GEOMETRIC_REPRESENTATION_CONTEXT(2) 
PARAMETRIC_REPRESENTATION_CONTEXT() REPRESENTATION_CONTEXT('2D SPACE',''
  ) );
#3682 = ORIENTED_EDGE('',*,*,#3683,.F.);
#3683 = EDGE_CURVE('',#3610,#3661,#3684,.T.);
#3684 = SURFACE_CURVE('',#3685,(#3689,#3696),.PCURVE_S1.);
#3685 = LINE('',#3686,#3687);
#3686 = CARTESIAN_POINT('',(15.,-4.,1.9));
#3687 = VECTOR('',#3688,1.);
#3688 = DIRECTION('',(-0.,1.,0.));
#3689 = PCURVE('',#3618,#3690);
#3690 = DEFINITIONAL_REPRESENTATION('',(#3691),#3695);
#3691 = LINE('',#3692,#3693);
#3692 = CARTESIAN_POINT('',(0.3,0.));
#3693 = VECTOR('',#3694,1.);
#3694 = DIRECTION('',(0.,-1.));
#3695 = ( GEOMETRIC_REPRESENTATION_CONTEXT(2) 
PARAMETRIC_REPRESENTATION_CONTEXT() REPRESENTATION_CONTEXT('2D SPACE',''
  ) );
#3696 = PCURVE('',#3592,#3697);
#3697 = DEFINITIONAL_REPRESENTATION('',(#3698),#3702);
#3698 = LINE('',#3699,#3700);
#3699 = CARTESIAN_POINT('',(2.5,0.));
#3700 = VECTOR('',#3701,1.);
#3701 = DIRECTION('',(0.,1.));
#3702 = ( GEOMETRIC_REPRESENTATION_CONTEXT(2) 
PARAMETRIC_REPRESENTATION_CONTEXT() REPRESENTATION_CONTEXT('2D SPACE',''
  ) );
#3703 = ADVANCED_FACE('',(#3704),#3510,.F.);
#3704 = FACE_BOUND('',#3705,.F.);
#3705 = EDGE_LOOP('',(#3706,#3727,#3728,#3749));
#3706 = ORIENTED_EDGE('',*,*,#3707,.F.);
#3707 = EDGE_CURVE('',#3488,#3608,#3708,.T.);
#3708 = SURFACE_CURVE('',#3709,(#3713,#3720),.PCURVE_S1.);
#3709 = LINE('',#3710,#3711);
#3710 = CARTESIAN_POINT('',(12.5,-4.,1.6));
#3711 = VECTOR('',#3712,1.);
#3712 = DIRECTION('',(1.,0.,-0.));
#3713 = PCURVE('',#3510,#3714);
#3714 = DEFINITIONAL_REPRESENTATION('',(#3715),#3719);
#3715 = LINE('',#3716,#3717);
#3716 = CARTESIAN_POINT('',(0.,0.));
#3717 = VECTOR('',#3718,1.);
#3718 = DIRECTION('',(0.,1.));
#3719 = ( GEOMETRIC_REPRESENTATION_CONTEXT(2) 
PARAMETRIC_REPRESENTATION_CONTEXT() REPRESENTATION_CONTEXT('2D SPACE',''
  ) );
#3720 = PCURVE('',#3538,#3721);
#3721 = DEFINITIONAL_REPRESENTATION('',(#3722),#3726);
#3722 = LINE('',#3723,#3724);
#3723 = CARTESIAN_POINT('',(0.,0.));
#3724 = VECTOR('',#3725,1.);
#3725 = DIRECTION('',(1.,0.));
#3726 = ( GEOMETRIC_REPRESENTATION_CONTEXT(2) 
PARAMETRIC_REPRESENTATION_CONTEXT() REPRESENTATION_CONTEXT('2D SPACE',''
  ) );
#3727 = ORIENTED_EDGE('',*,*,#3487,.T.);
#3728 = ORIENTED_EDGE('',*,*,#3729,.T.);
#3729 = EDGE_CURVE('',#3490,#3610,#3730,.T.);
#3730 = SURFACE_CURVE('',#3731,(#3735,#3742),.PCURVE_S1.);
#3731 = LINE('',#3732,#3733);
#3732 = CARTESIAN_POINT('',(12.5,-4.,1.9));
#3733 = VECTOR('',#3734,1.);
#3734 = DIRECTION('',(1.,0.,-0.));
#3735 = PCURVE('',#3510,#3736);
#3736 = DEFINITIONAL_REPRESENTATION('',(#3737),#3741);
#3737 = LINE('',#3738,#3739);
#3738 = CARTESIAN_POINT('',(0.3,0.));
#3739 = VECTOR('',#3740,1.);
#3740 = DIRECTION('',(0.,1.));
#3741 = ( GEOMETRIC_REPRESENTATION_CONTEXT(2) 
PARAMETRIC_REPRESENTATION_CONTEXT() REPRESENTATION_CONTEXT('2D SPACE',''
  ) );
#3742 = PCURVE('',#3592,#3743);
#3743 = DEFINITIONAL_REPRESENTATION('',(#3744),#3748);
#3744 = LINE('',#3745,#3746);
#3745 = CARTESIAN_POINT('',(0.,0.));
#3746 = VECTOR('',#3747,1.);
#3747 = DIRECTION('',(1.,0.));
#3748 = ( GEOMETRIC_REPRESENTATION_CONTEXT(2) 
PARAMETRIC_REPRESENTATION_CONTEXT() REPRESENTATION_CONTEXT('2D SPACE',''
  ) );
#3749 = ORIENTED_EDGE('',*,*,#3607,.F.);
#3750 = ADVANCED_FACE('',(#3751),#3566,.T.);
#3751 = FACE_BOUND('',#3752,.T.);
#3752 = EDGE_LOOP('',(#3753,#3774,#3775,#3796));
#3753 = ORIENTED_EDGE('',*,*,#3754,.F.);
#3754 = EDGE_CURVE('',#3523,#3638,#3755,.T.);
#3755 = SURFACE_CURVE('',#3756,(#3760,#3767),.PCURVE_S1.);
#3756 = LINE('',#3757,#3758);
#3757 = CARTESIAN_POINT('',(12.5,-2.,1.6));
#3758 = VECTOR('',#3759,1.);
#3759 = DIRECTION('',(1.,0.,-0.));
#3760 = PCURVE('',#3566,#3761);
#3761 = DEFINITIONAL_REPRESENTATION('',(#3762),#3766);
#3762 = LINE('',#3763,#3764);
#3763 = CARTESIAN_POINT('',(0.,0.));
#3764 = VECTOR('',#3765,1.);
#3765 = DIRECTION('',(0.,1.));
#3766 = ( GEOMETRIC_REPRESENTATION_CONTEXT(2) 
PARAMETRIC_REPRESENTATION_CONTEXT() REPRESENTATION_CONTEXT('2D SPACE',''
  ) );
#3767 = PCURVE('',#3538,#3768);
#3768 = DEFINITIONAL_REPRESENTATION('',(#3769),#3773);
#3769 = LINE('',#3770,#3771);
#3770 = CARTESIAN_POINT('',(0.,2.));
#3771 = VECTOR('',#3772,1.);
#3772 = DIRECTION('',(1.,0.));
#3773 = ( GEOMETRIC_REPRESENTATION_CONTEXT(2) 
PARAMETRIC_REPRESENTATION_CONTEXT() REPRESENTATION_CONTEXT('2D SPACE',''
  ) );
#3774 = ORIENTED_EDGE('',*,*,#3550,.T.);
#3775 = ORIENTED_EDGE('',*,*,#3776,.T.);
#3776 = EDGE_CURVE('',#3551,#3661,#3777,.T.);
#3777 = SURFACE_CURVE('',#3778,(#3782,#3789),.PCURVE_S1.);
#3778 = LINE('',#3779,#3780);
#3779 = CARTESIAN_POINT('',(12.5,-2.,1.9));
#3780 = VECTOR('',#3781,1.);
#3781 = DIRECTION('',(1.,0.,-0.));
#3782 = PCURVE('',#3566,#3783);
#3783 = DEFINITIONAL_REPRESENTATION('',(#3784),#3788);
#3784 = LINE('',#3785,#3786);
#3785 = CARTESIAN_POINT('',(0.3,0.));
#3786 = VECTOR('',#3787,1.);
#3787 = DIRECTION('',(0.,1.));
#3788 = ( GEOMETRIC_REPRESENTATION_CONTEXT(2) 
PARAMETRIC_REPRESENTATION_CONTEXT() REPRESENTATION_CONTEXT('2D SPACE',''
  ) );
#3789 = PCURVE('',#3592,#3790);
#3790 = DEFINITIONAL_REPRESENTATION('',(#3791),#3795);
#3791 = LINE('',#3792,#3793);
#3792 = CARTESIAN_POINT('',(0.,2.));
#3793 = VECTOR('',#3794,1.);
#3794 = DIRECTION('',(1.,0.));
#3795 = ( GEOMETRIC_REPRESENTATION_CONTEXT(2) 
PARAMETRIC_REPRESENTATION_CONTEXT() REPRESENTATION_CONTEXT('2D SPACE',''
  ) );
#3796 = ORIENTED_EDGE('',*,*,#3660,.F.);
#3797 = ADVANCED_FACE('',(#3798),#3538,.F.);
#3798 = FACE_BOUND('',#3799,.F.);
#3799 = EDGE_LOOP('',(#3800,#3801,#3802,#3803));
#3800 = ORIENTED_EDGE('',*,*,#3522,.F.);
#3801 = ORIENTED_EDGE('',*,*,#3707,.T.);
#3802 = ORIENTED_EDGE('',*,*,#3637,.T.);
#3803 = ORIENTED_EDGE('',*,*,#3754,.F.);
#3804 = ADVANCED_FACE('',(#3805),#3592,.T.);
#3805 = FACE_BOUND('',#3806,.T.);
#3806 = EDGE_LOOP('',(#3807,#3808,#3809,#3810));
#3807 = ORIENTED_EDGE('',*,*,#3578,.F.);
#3808 = ORIENTED_EDGE('',*,*,#3729,.T.);
#3809 = ORIENTED_EDGE('',*,*,#3683,.T.);
#3810 = ORIENTED_EDGE('',*,*,#3776,.F.);
#3811 = MANIFOLD_SOLID_BREP('',#3812);
#3812 = CLOSED_SHELL('',(#3813,#3933,#4033,#4080,#4127,#4134));
#3813 = ADVANCED_FACE('',(#3814),#3828,.F.);
#3814 = FACE_BOUND('',#3815,.F.);
#3815 = EDGE_LOOP('',(#3816,#3851,#3879,#3907));
#3816 = ORIENTED_EDGE('',*,*,#3817,.F.);
#3817 = EDGE_CURVE('',#3818,#3820,#3822,.T.);
#3818 = VERTEX_POINT('',#3819);
#3819 = CARTESIAN_POINT('',(12.5,-7.,1.6));
#3820 = VERTEX_POINT('',#3821);
#3821 = CARTESIAN_POINT('',(12.5,-7.,1.9));
#3822 = SURFACE_CURVE('',#3823,(#3827,#3839),.PCURVE_S1.);
#3823 = LINE('',#3824,#3825);
#3824 = CARTESIAN_POINT('',(12.5,-7.,1.6));
#3825 = VECTOR('',#3826,1.);
#3826 = DIRECTION('',(0.,0.,1.));
#3827 = PCURVE('',#3828,#3833);
#3828 = PLANE('',#3829);
#3829 = AXIS2_PLACEMENT_3D('',#3830,#3831,#3832);
#3830 = CARTESIAN_POINT('',(12.5,-7.,1.6));
#3831 = DIRECTION('',(1.,0.,-0.));
#3832 = DIRECTION('',(0.,0.,1.));
#3833 = DEFINITIONAL_REPRESENTATION('',(#3834),#3838);
#3834 = LINE('',#3835,#3836);
#3835 = CARTESIAN_POINT('',(0.,0.));
#3836 = VECTOR('',#3837,1.);
#3837 = DIRECTION('',(1.,0.));
#3838 = ( GEOMETRIC_REPRESENTATION_CONTEXT(2) 
PARAMETRIC_REPRESENTATION_CONTEXT() REPRESENTATION_CONTEXT('2D SPACE',''
  ) );
#3839 = PCURVE('',#3840,#3845);
#3840 = PLANE('',#3841);
#3841 = AXIS2_PLACEMENT_3D('',#3842,#3843,#3844);
#3842 = CARTESIAN_POINT('',(12.5,-7.,1.6));
#3843 = DIRECTION('',(-0.,1.,0.));
#3844 = DIRECTION('',(0.,0.,1.));
#3845 = DEFINITIONAL_REPRESENTATION('',(#3846),#3850);
#3846 = LINE('',#3847,#3848);
#3847 = CARTESIAN_POINT('',(0.,0.));
#3848 = VECTOR('',#3849,1.);
#3849 = DIRECTION('',(1.,0.));
#3850 = ( GEOMETRIC_REPRESENTATION_CONTEXT(2) 
PARAMETRIC_REPRESENTATION_CONTEXT() REPRESENTATION_CONTEXT('2D SPACE',''
  ) );
#3851 = ORIENTED_EDGE('',*,*,#3852,.T.);
#3852 = EDGE_CURVE('',#3818,#3853,#3855,.T.);
#3853 = VERTEX_POINT('',#3854);
#3854 = CARTESIAN_POINT('',(12.5,-5.,1.6));
#3855 = SURFACE_CURVE('',#3856,(#3860,#3867),.PCURVE_S1.);
#3856 = LINE('',#3857,#3858);
#3857 = CARTESIAN_POINT('',(12.5,-7.,1.6));
#3858 = VECTOR('',#3859,1.);
#3859 = DIRECTION('',(-0.,1.,0.));
#3860 = PCURVE('',#3828,#3861);
#3861 = DEFINITIONAL_REPRESENTATION('',(#3862),#3866);
#3862 = LINE('',#3863,#3864);
#3863 = CARTESIAN_POINT('',(0.,0.));
#3864 = VECTOR('',#3865,1.);
#3865 = DIRECTION('',(0.,-1.));
#3866 = ( GEOMETRIC_REPRESENTATION_CONTEXT(2) 
PARAMETRIC_REPRESENTATION_CONTEXT() REPRESENTATION_CONTEXT('2D SPACE',''
  ) );
#3867 = PCURVE('',#3868,#3873);
#3868 = PLANE('',#3869);
#3869 = AXIS2_PLACEMENT_3D('',#3870,#3871,#3872);
#3870 = CARTESIAN_POINT('',(12.5,-7.,1.6));
#3871 = DIRECTION('',(0.,0.,1.));
#3872 = DIRECTION('',(1.,0.,-0.));
#3873 = DEFINITIONAL_REPRESENTATION('',(#3874),#3878);
#3874 = LINE('',#3875,#3876);
#3875 = CARTESIAN_POINT('',(0.,0.));
#3876 = VECTOR('',#3877,1.);
#3877 = DIRECTION('',(0.,1.));
#3878 = ( GEOMETRIC_REPRESENTATION_CONTEXT(2) 
PARAMETRIC_REPRESENTATION_CONTEXT() REPRESENTATION_CONTEXT('2D SPACE',''
  ) );
#3879 = ORIENTED_EDGE('',*,*,#3880,.T.);
#3880 = EDGE_CURVE('',#3853,#3881,#3883,.T.);
#3881 = VERTEX_POINT('',#3882);
#3882 = CARTESIAN_POINT('',(12.5,-5.,1.9));
#3883 = SURFACE_CURVE('',#3884,(#3888,#3895),.PCURVE_S1.);
#3884 = LINE('',#3885,#3886);
#3885 = CARTESIAN_POINT('',(12.5,-5.,1.6));
#3886 = VECTOR('',#3887,1.);
#3887 = DIRECTION('',(0.,0.,1.));
#3888 = PCURVE('',#3828,#3889);
#3889 = DEFINITIONAL_REPRESENTATION('',(#3890),#3894);
#3890 = LINE('',#3891,#3892);
#3891 = CARTESIAN_POINT('',(0.,-2.));
#3892 = VECTOR('',#3893,1.);
#3893 = DIRECTION('',(1.,0.));
#3894 = ( GEOMETRIC_REPRESENTATION_CONTEXT(2) 
PARAMETRIC_REPRESENTATION_CONTEXT() REPRESENTATION_CONTEXT('2D SPACE',''
  ) );
#3895 = PCURVE('',#3896,#3901);
#3896 = PLANE('',#3897);
#3897 = AXIS2_PLACEMENT_3D('',#3898,#3899,#3900);
#3898 = CARTESIAN_POINT('',(12.5,-5.,1.6));
#3899 = DIRECTION('',(-0.,1.,0.));
#3900 = DIRECTION('',(0.,0.,1.));
#3901 = DEFINITIONAL_REPRESENTATION('',(#3902),#3906);
#3902 = LINE('',#3903,#3904);
#3903 = CARTESIAN_POINT('',(0.,0.));
#3904 = VECTOR('',#3905,1.);
#3905 = DIRECTION('',(1.,0.));
#3906 = ( GEOMETRIC_REPRESENTATION_CONTEXT(2) 
PARAMETRIC_REPRESENTATION_CONTEXT() REPRESENTATION_CONTEXT('2D SPACE',''
  ) );
#3907 = ORIENTED_EDGE('',*,*,#3908,.F.);
#3908 = EDGE_CURVE('',#3820,#3881,#3909,.T.);
#3909 = SURFACE_CURVE('',#3910,(#3914,#3921),.PCURVE_S1.);
#3910 = LINE('',#3911,#3912);
#3911 = CARTESIAN_POINT('',(12.5,-7.,1.9));
#3912 = VECTOR('',#3913,1.);
#3913 = DIRECTION('',(-0.,1.,0.));
#3914 = PCURVE('',#3828,#3915);
#3915 = DEFINITIONAL_REPRESENTATION('',(#3916),#3920);
#3916 = LINE('',#3917,#3918);
#3917 = CARTESIAN_POINT('',(0.3,0.));
#3918 = VECTOR('',#3919,1.);
#3919 = DIRECTION('',(0.,-1.));
#3920 = ( GEOMETRIC_REPRESENTATION_CONTEXT(2) 
PARAMETRIC_REPRESENTATION_CONTEXT() REPRESENTATION_CONTEXT('2D SPACE',''
  ) );
#3921 = PCURVE('',#3922,#3927);
#3922 = PLANE('',#3923);
#3923 = AXIS2_PLACEMENT_3D('',#3924,#3925,#3926);
#3924 = CARTESIAN_POINT('',(12.5,-7.,1.9));
#3925 = DIRECTION('',(0.,0.,1.));
#3926 = DIRECTION('',(1.,0.,-0.));
#3927 = DEFINITIONAL_REPRESENTATION('',(#3928),#3932);
#3928 = LINE('',#3929,#3930);
#3929 = CARTESIAN_POINT('',(0.,0.));
#3930 = VECTOR('',#3931,1.);
#3931 = DIRECTION('',(0.,1.));
#3932 = ( GEOMETRIC_REPRESENTATION_CONTEXT(2) 
PARAMETRIC_REPRESENTATION_CONTEXT() REPRESENTATION_CONTEXT('2D SPACE',''
  ) );
#3933 = ADVANCED_FACE('',(#3934),#3948,.T.);
#3934 = FACE_BOUND('',#3935,.T.);
#3935 = EDGE_LOOP('',(#3936,#3966,#3989,#4012));
#3936 = ORIENTED_EDGE('',*,*,#3937,.F.);
#3937 = EDGE_CURVE('',#3938,#3940,#3942,.T.);
#3938 = VERTEX_POINT('',#3939);
#3939 = CARTESIAN_POINT('',(15.,-7.,1.6));
#3940 = VERTEX_POINT('',#3941);
#3941 = CARTESIAN_POINT('',(15.,-7.,1.9));
#3942 = SURFACE_CURVE('',#3943,(#3947,#3959),.PCURVE_S1.);
#3943 = LINE('',#3944,#3945);
#3944 = CARTESIAN_POINT('',(15.,-7.,1.6));
#3945 = VECTOR('',#3946,1.);
#3946 = DIRECTION('',(0.,0.,1.));
#3947 = PCURVE('',#3948,#3953);
#3948 = PLANE('',#3949);
#3949 = AXIS2_PLACEMENT_3D('',#3950,#3951,#3952);
#3950 = CARTESIAN_POINT('',(15.,-7.,1.6));
#3951 = DIRECTION('',(1.,0.,-0.));
#3952 = DIRECTION('',(0.,0.,1.));
#3953 = DEFINITIONAL_REPRESENTATION('',(#3954),#3958);
#3954 = LINE('',#3955,#3956);
#3955 = CARTESIAN_POINT('',(0.,0.));
#3956 = VECTOR('',#3957,1.);
#3957 = DIRECTION('',(1.,0.));
#3958 = ( GEOMETRIC_REPRESENTATION_CONTEXT(2) 
PARAMETRIC_REPRESENTATION_CONTEXT() REPRESENTATION_CONTEXT('2D SPACE',''
  ) );
#3959 = PCURVE('',#3840,#3960);
#3960 = DEFINITIONAL_REPRESENTATION('',(#3961),#3965);
#3961 = LINE('',#3962,#3963);
#3962 = CARTESIAN_POINT('',(0.,2.5));
#3963 = VECTOR('',#3964,1.);
#3964 = DIRECTION('',(1.,0.));
#3965 = ( GEOMETRIC_REPRESENTATION_CONTEXT(2) 
PARAMETRIC_REPRESENTATION_CONTEXT() REPRESENTATION_CONTEXT('2D SPACE',''
  ) );
#3966 = ORIENTED_EDGE('',*,*,#3967,.T.);
#3967 = EDGE_CURVE('',#3938,#3968,#3970,.T.);
#3968 = VERTEX_POINT('',#3969);
#3969 = CARTESIAN_POINT('',(15.,-5.,1.6));
#3970 = SURFACE_CURVE('',#3971,(#3975,#3982),.PCURVE_S1.);
#3971 = LINE('',#3972,#3973);
#3972 = CARTESIAN_POINT('',(15.,-7.,1.6));
#3973 = VECTOR('',#3974,1.);
#3974 = DIRECTION('',(-0.,1.,0.));
#3975 = PCURVE('',#3948,#3976);
#3976 = DEFINITIONAL_REPRESENTATION('',(#3977),#3981);
#3977 = LINE('',#3978,#3979);
#3978 = CARTESIAN_POINT('',(0.,0.));
#3979 = VECTOR('',#3980,1.);
#3980 = DIRECTION('',(0.,-1.));
#3981 = ( GEOMETRIC_REPRESENTATION_CONTEXT(2) 
PARAMETRIC_REPRESENTATION_CONTEXT() REPRESENTATION_CONTEXT('2D SPACE',''
  ) );
#3982 = PCURVE('',#3868,#3983);
#3983 = DEFINITIONAL_REPRESENTATION('',(#3984),#3988);
#3984 = LINE('',#3985,#3986);
#3985 = CARTESIAN_POINT('',(2.5,0.));
#3986 = VECTOR('',#3987,1.);
#3987 = DIRECTION('',(0.,1.));
#3988 = ( GEOMETRIC_REPRESENTATION_CONTEXT(2) 
PARAMETRIC_REPRESENTATION_CONTEXT() REPRESENTATION_CONTEXT('2D SPACE',''
  ) );
#3989 = ORIENTED_EDGE('',*,*,#3990,.T.);
#3990 = EDGE_CURVE('',#3968,#3991,#3993,.T.);
#3991 = VERTEX_POINT('',#3992);
#3992 = CARTESIAN_POINT('',(15.,-5.,1.9));
#3993 = SURFACE_CURVE('',#3994,(#3998,#4005),.PCURVE_S1.);
#3994 = LINE('',#3995,#3996);
#3995 = CARTESIAN_POINT('',(15.,-5.,1.6));
#3996 = VECTOR('',#3997,1.);
#3997 = DIRECTION('',(0.,0.,1.));
#3998 = PCURVE('',#3948,#3999);
#3999 = DEFINITIONAL_REPRESENTATION('',(#4000),#4004);
#4000 = LINE('',#4001,#4002);
#4001 = CARTESIAN_POINT('',(0.,-2.));
#4002 = VECTOR('',#4003,1.);
#4003 = DIRECTION('',(1.,0.));
#4004 = ( GEOMETRIC_REPRESENTATION_CONTEXT(2) 
PARAMETRIC_REPRESENTATION_CONTEXT() REPRESENTATION_CONTEXT('2D SPACE',''
  ) );
#4005 = PCURVE('',#3896,#4006);
#4006 = DEFINITIONAL_REPRESENTATION('',(#4007),#4011);
#4007 = LINE('',#4008,#4009);
#4008 = CARTESIAN_POINT('',(0.,2.5));
#4009 = VECTOR('',#4010,1.);
#4010 = DIRECTION('',(1.,0.));
#4011 = ( GEOMETRIC_REPRESENTATION_CONTEXT(2) 
PARAMETRIC_REPRESENTATION_CONTEXT() REPRESENTATION_CONTEXT('2D SPACE',''
  ) );
#4012 = ORIENTED_EDGE('',*,*,#4013,.F.);
#4013 = EDGE_CURVE('',#3940,#3991,#4014,.T.);
#4014 = SURFACE_CURVE('',#4015,(#4019,#4026),.PCURVE_S1.);
#4015 = LINE('',#4016,#4017);
#4016 = CARTESIAN_POINT('',(15.,-7.,1.9));
#4017 = VECTOR('',#4018,1.);
#4018 = DIRECTION('',(-0.,1.,0.));
#4019 = PCURVE('',#3948,#4020);
#4020 = DEFINITIONAL_REPRESENTATION('',(#4021),#4025);
#4021 = LINE('',#4022,#4023);
#4022 = CARTESIAN_POINT('',(0.3,0.));
#4023 = VECTOR('',#4024,1.);
#4024 = DIRECTION('',(0.,-1.));
#4025 = ( GEOMETRIC_REPRESENTATION_CONTEXT(2) 
PARAMETRIC_REPRESENTATION_CONTEXT() REPRESENTATION_CONTEXT('2D SPACE',''
  ) );
#4026 = PCURVE('',#3922,#4027);
#4027 = DEFINITIONAL_REPRESENTATION('',(#4028),#4032);
#4028 = LINE('',#4029,#4030);
#4029 = CARTESIAN_POINT('',(2.5,0.));
#4030 = VECTOR('',#4031,1.);
#4031 = DIRECTION('',(0.,1.));
#4032 = ( GEOMETRIC_REPRESENTATION_CONTEXT(2) 
PARAMETRIC_REPRESENTATION_CONTEXT() REPRESENTATION_CONTEXT('2D SPACE',''
  ) );
#4033 = ADVANCED_FACE('',(#4034),#3840,.F.);
#4034 = FACE_BOUND('',#4035,.F.);
#4035 = EDGE_LOOP('',(#4036,#4057,#4058,#4079));
#4036 = ORIENTED_EDGE('',*,*,#4037,.F.);
#4037 = EDGE_CURVE('',#3818,#3938,#4038,.T.);
#4038 = SURFACE_CURVE('',#4039,(#4043,#4050),.PCURVE_S1.);
#4039 = LINE('',#4040,#4041);
#4040 = CARTESIAN_POINT('',(12.5,-7.,1.6));
#4041 = VECTOR('',#4042,1.);
#4042 = DIRECTION('',(1.,0.,-0.));
#4043 = PCURVE('',#3840,#4044);
#4044 = DEFINITIONAL_REPRESENTATION('',(#4045),#4049);
#4045 = LINE('',#4046,#4047);
#4046 = CARTESIAN_POINT('',(0.,0.));
#4047 = VECTOR('',#4048,1.);
#4048 = DIRECTION('',(0.,1.));
#4049 = ( GEOMETRIC_REPRESENTATION_CONTEXT(2) 
PARAMETRIC_REPRESENTATION_CONTEXT() REPRESENTATION_CONTEXT('2D SPACE',''
  ) );
#4050 = PCURVE('',#3868,#4051);
#4051 = DEFINITIONAL_REPRESENTATION('',(#4052),#4056);
#4052 = LINE('',#4053,#4054);
#4053 = CARTESIAN_POINT('',(0.,0.));
#4054 = VECTOR('',#4055,1.);
#4055 = DIRECTION('',(1.,0.));
#4056 = ( GEOMETRIC_REPRESENTATION_CONTEXT(2) 
PARAMETRIC_REPRESENTATION_CONTEXT() REPRESENTATION_CONTEXT('2D SPACE',''
  ) );
#4057 = ORIENTED_EDGE('',*,*,#3817,.T.);
#4058 = ORIENTED_EDGE('',*,*,#4059,.T.);
#4059 = EDGE_CURVE('',#3820,#3940,#4060,.T.);
#4060 = SURFACE_CURVE('',#4061,(#4065,#4072),.PCURVE_S1.);
#4061 = LINE('',#4062,#4063);
#4062 = CARTESIAN_POINT('',(12.5,-7.,1.9));
#4063 = VECTOR('',#4064,1.);
#4064 = DIRECTION('',(1.,0.,-0.));
#4065 = PCURVE('',#3840,#4066);
#4066 = DEFINITIONAL_REPRESENTATION('',(#4067),#4071);
#4067 = LINE('',#4068,#4069);
#4068 = CARTESIAN_POINT('',(0.3,0.));
#4069 = VECTOR('',#4070,1.);
#4070 = DIRECTION('',(0.,1.));
#4071 = ( GEOMETRIC_REPRESENTATION_CONTEXT(2) 
PARAMETRIC_REPRESENTATION_CONTEXT() REPRESENTATION_CONTEXT('2D SPACE',''
  ) );
#4072 = PCURVE('',#3922,#4073);
#4073 = DEFINITIONAL_REPRESENTATION('',(#4074),#4078);
#4074 = LINE('',#4075,#4076);
#4075 = CARTESIAN_POINT('',(0.,0.));
#4076 = VECTOR('',#4077,1.);
#4077 = DIRECTION('',(1.,0.));
#4078 = ( GEOMETRIC_REPRESENTATION_CONTEXT(2) 
PARAMETRIC_REPRESENTATION_CONTEXT() REPRESENTATION_CONTEXT('2D SPACE',''
  ) );
#4079 = ORIENTED_EDGE('',*,*,#3937,.F.);
#4080 = ADVANCED_FACE('',(#4081),#3896,.T.);
#4081 = FACE_BOUND('',#4082,.T.);
#4082 = EDGE_LOOP('',(#4083,#4104,#4105,#4126));
#4083 = ORIENTED_EDGE('',*,*,#4084,.F.);
#4084 = EDGE_CURVE('',#3853,#3968,#4085,.T.);
#4085 = SURFACE_CURVE('',#4086,(#4090,#4097),.PCURVE_S1.);
#4086 = LINE('',#4087,#4088);
#4087 = CARTESIAN_POINT('',(12.5,-5.,1.6));
#4088 = VECTOR('',#4089,1.);
#4089 = DIRECTION('',(1.,0.,-0.));
#4090 = PCURVE('',#3896,#4091);
#4091 = DEFINITIONAL_REPRESENTATION('',(#4092),#4096);
#4092 = LINE('',#4093,#4094);
#4093 = CARTESIAN_POINT('',(0.,0.));
#4094 = VECTOR('',#4095,1.);
#4095 = DIRECTION('',(0.,1.));
#4096 = ( GEOMETRIC_REPRESENTATION_CONTEXT(2) 
PARAMETRIC_REPRESENTATION_CONTEXT() REPRESENTATION_CONTEXT('2D SPACE',''
  ) );
#4097 = PCURVE('',#3868,#4098);
#4098 = DEFINITIONAL_REPRESENTATION('',(#4099),#4103);
#4099 = LINE('',#4100,#4101);
#4100 = CARTESIAN_POINT('',(0.,2.));
#4101 = VECTOR('',#4102,1.);
#4102 = DIRECTION('',(1.,0.));
#4103 = ( GEOMETRIC_REPRESENTATION_CONTEXT(2) 
PARAMETRIC_REPRESENTATION_CONTEXT() REPRESENTATION_CONTEXT('2D SPACE',''
  ) );
#4104 = ORIENTED_EDGE('',*,*,#3880,.T.);
#4105 = ORIENTED_EDGE('',*,*,#4106,.T.);
#4106 = EDGE_CURVE('',#3881,#3991,#4107,.T.);
#4107 = SURFACE_CURVE('',#4108,(#4112,#4119),.PCURVE_S1.);
#4108 = LINE('',#4109,#4110);
#4109 = CARTESIAN_POINT('',(12.5,-5.,1.9));
#4110 = VECTOR('',#4111,1.);
#4111 = DIRECTION('',(1.,0.,-0.));
#4112 = PCURVE('',#3896,#4113);
#4113 = DEFINITIONAL_REPRESENTATION('',(#4114),#4118);
#4114 = LINE('',#4115,#4116);
#4115 = CARTESIAN_POINT('',(0.3,0.));
#4116 = VECTOR('',#4117,1.);
#4117 = DIRECTION('',(0.,1.));
#4118 = ( GEOMETRIC_REPRESENTATION_CONTEXT(2) 
PARAMETRIC_REPRESENTATION_CONTEXT() REPRESENTATION_CONTEXT('2D SPACE',''
  ) );
#4119 = PCURVE('',#3922,#4120);
#4120 = DEFINITIONAL_REPRESENTATION('',(#4121),#4125);
#4121 = LINE('',#4122,#4123);
#4122 = CARTESIAN_POINT('',(0.,2.));
#4123 = VECTOR('',#4124,1.);
#4124 = DIRECTION('',(1.,0.));
#4125 = ( GEOMETRIC_REPRESENTATION_CONTEXT(2) 
PARAMETRIC_REPRESENTATION_CONTEXT() REPRESENTATION_CONTEXT('2D SPACE',''
  ) );
#4126 = ORIENTED_EDGE('',*,*,#3990,.F.);
#4127 = ADVANCED_FACE('',(#4128),#3868,.F.);
#4128 = FACE_BOUND('',#4129,.F.);
#4129 = EDGE_LOOP('',(#4130,#4131,#4132,#4133));
#4130 = ORIENTED_EDGE('',*,*,#3852,.F.);
#4131 = ORIENTED_EDGE('',*,*,#4037,.T.);
#4132 = ORIENTED_EDGE('',*,*,#3967,.T.);
#4133 = ORIENTED_EDGE('',*,*,#4084,.F.);
#4134 = ADVANCED_FACE('',(#4135),#3922,.T.);
#4135 = FACE_BOUND('',#4136,.T.);
#4136 = EDGE_LOOP('',(#4137,#4138,#4139,#4140));
#4137 = ORIENTED_EDGE('',*,*,#3908,.F.);
#4138 = ORIENTED_EDGE('',*,*,#4059,.T.);
#4139 = ORIENTED_EDGE('',*,*,#4013,.T.);
#4140 = ORIENTED_EDGE('',*,*,#4106,.F.);
#4141 = MANIFOLD_SOLID_BREP('',#4142);
#4142 = CLOSED_SHELL('',(#4143,#4263,#4363,#4410,#4457,#4464));
#4143 = ADVANCED_FACE('',(#4144),#4158,.F.);
#4144 = FACE_BOUND('',#4145,.F.);
#4145 = EDGE_LOOP('',(#4146,#4181,#4209,#4237));
#4146 = ORIENTED_EDGE('',*,*,#4147,.F.);
#4147 = EDGE_CURVE('',#4148,#4150,#4152,.T.);
#4148 = VERTEX_POINT('',#4149);
#4149 = CARTESIAN_POINT('',(12.5,-10.,1.6));
#4150 = VERTEX_POINT('',#4151);
#4151 = CARTESIAN_POINT('',(12.5,-10.,1.9));
#4152 = SURFACE_CURVE('',#4153,(#4157,#4169),.PCURVE_S1.);
#4153 = LINE('',#4154,#4155);
#4154 = CARTESIAN_POINT('',(12.5,-10.,1.6));
#4155 = VECTOR('',#4156,1.);
#4156 = DIRECTION('',(0.,0.,1.));
#4157 = PCURVE('',#4158,#4163);
#4158 = PLANE('',#4159);
#4159 = AXIS2_PLACEMENT_3D('',#4160,#4161,#4162);
#4160 = CARTESIAN_POINT('',(12.5,-10.,1.6));
#4161 = DIRECTION('',(1.,0.,-0.));
#4162 = DIRECTION('',(0.,0.,1.));
#4163 = DEFINITIONAL_REPRESENTATION('',(#4164),#4168);
#4164 = LINE('',#4165,#4166);
#4165 = CARTESIAN_POINT('',(0.,0.));
#4166 = VECTOR('',#4167,1.);
#4167 = DIRECTION('',(1.,0.));
#4168 = ( GEOMETRIC_REPRESENTATION_CONTEXT(2) 
PARAMETRIC_REPRESENTATION_CONTEXT() REPRESENTATION_CONTEXT('2D SPACE',''
  ) );
#4169 = PCURVE('',#4170,#4175);
#4170 = PLANE('',#4171);
#4171 = AXIS2_PLACEMENT_3D('',#4172,#4173,#4174);
#4172 = CARTESIAN_POINT('',(12.5,-10.,1.6));
#4173 = DIRECTION('',(-0.,1.,0.));
#4174 = DIRECTION('',(0.,0.,1.));
#4175 = DEFINITIONAL_REPRESENTATION('',(#4176),#4180);
#4176 = LINE('',#4177,#4178);
#4177 = CARTESIAN_POINT('',(0.,0.));
#4178 = VECTOR('',#4179,1.);
#4179 = DIRECTION('',(1.,0.));
#4180 = ( GEOMETRIC_REPRESENTATION_CONTEXT(2) 
PARAMETRIC_REPRESENTATION_CONTEXT() REPRESENTATION_CONTEXT('2D SPACE',''
  ) );
#4181 = ORIENTED_EDGE('',*,*,#4182,.T.);
#4182 = EDGE_CURVE('',#4148,#4183,#4185,.T.);
#4183 = VERTEX_POINT('',#4184);
#4184 = CARTESIAN_POINT('',(12.5,-8.,1.6));
#4185 = SURFACE_CURVE('',#4186,(#4190,#4197),.PCURVE_S1.);
#4186 = LINE('',#4187,#4188);
#4187 = CARTESIAN_POINT('',(12.5,-10.,1.6));
#4188 = VECTOR('',#4189,1.);
#4189 = DIRECTION('',(-0.,1.,0.));
#4190 = PCURVE('',#4158,#4191);
#4191 = DEFINITIONAL_REPRESENTATION('',(#4192),#4196);
#4192 = LINE('',#4193,#4194);
#4193 = CARTESIAN_POINT('',(0.,0.));
#4194 = VECTOR('',#4195,1.);
#4195 = DIRECTION('',(0.,-1.));
#4196 = ( GEOMETRIC_REPRESENTATION_CONTEXT(2) 
PARAMETRIC_REPRESENTATION_CONTEXT() REPRESENTATION_CONTEXT('2D SPACE',''
  ) );
#4197 = PCURVE('',#4198,#4203);
#4198 = PLANE('',#4199);
#4199 = AXIS2_PLACEMENT_3D('',#4200,#4201,#4202);
#4200 = CARTESIAN_POINT('',(12.5,-10.,1.6));
#4201 = DIRECTION('',(0.,0.,1.));
#4202 = DIRECTION('',(1.,0.,-0.));
#4203 = DEFINITIONAL_REPRESENTATION('',(#4204),#4208);
#4204 = LINE('',#4205,#4206);
#4205 = CARTESIAN_POINT('',(0.,0.));
#4206 = VECTOR('',#4207,1.);
#4207 = DIRECTION('',(0.,1.));
#4208 = ( GEOMETRIC_REPRESENTATION_CONTEXT(2) 
PARAMETRIC_REPRESENTATION_CONTEXT() REPRESENTATION_CONTEXT('2D SPACE',''
  ) );
#4209 = ORIENTED_EDGE('',*,*,#4210,.T.);
#4210 = EDGE_CURVE('',#4183,#4211,#4213,.T.);
#4211 = VERTEX_POINT('',#4212);
#4212 = CARTESIAN_POINT('',(12.5,-8.,1.9));
#4213 = SURFACE_CURVE('',#4214,(#4218,#4225),.PCURVE_S1.);
#4214 = LINE('',#4215,#4216);
#4215 = CARTESIAN_POINT('',(12.5,-8.,1.6));
#4216 = VECTOR('',#4217,1.);
#4217 = DIRECTION('',(0.,0.,1.));
#4218 = PCURVE('',#4158,#4219);
#4219 = DEFINITIONAL_REPRESENTATION('',(#4220),#4224);
#4220 = LINE('',#4221,#4222);
#4221 = CARTESIAN_POINT('',(0.,-2.));
#4222 = VECTOR('',#4223,1.);
#4223 = DIRECTION('',(1.,0.));
#4224 = ( GEOMETRIC_REPRESENTATION_CONTEXT(2) 
PARAMETRIC_REPRESENTATION_CONTEXT() REPRESENTATION_CONTEXT('2D SPACE',''
  ) );
#4225 = PCURVE('',#4226,#4231);
#4226 = PLANE('',#4227);
#4227 = AXIS2_PLACEMENT_3D('',#4228,#4229,#4230);
#4228 = CARTESIAN_POINT('',(12.5,-8.,1.6));
#4229 = DIRECTION('',(-0.,1.,0.));
#4230 = DIRECTION('',(0.,0.,1.));
#4231 = DEFINITIONAL_REPRESENTATION('',(#4232),#4236);
#4232 = LINE('',#4233,#4234);
#4233 = CARTESIAN_POINT('',(0.,0.));
#4234 = VECTOR('',#4235,1.);
#4235 = DIRECTION('',(1.,0.));
#4236 = ( GEOMETRIC_REPRESENTATION_CONTEXT(2) 
PARAMETRIC_REPRESENTATION_CONTEXT() REPRESENTATION_CONTEXT('2D SPACE',''
  ) );
#4237 = ORIENTED_EDGE('',*,*,#4238,.F.);
#4238 = EDGE_CURVE('',#4150,#4211,#4239,.T.);
#4239 = SURFACE_CURVE('',#4240,(#4244,#4251),.PCURVE_S1.);
#4240 = LINE('',#4241,#4242);
#4241 = CARTESIAN_POINT('',(12.5,-10.,1.9));
#4242 = VECTOR('',#4243,1.);
#4243 = DIRECTION('',(-0.,1.,0.));
#4244 = PCURVE('',#4158,#4245);
#4245 = DEFINITIONAL_REPRESENTATION('',(#4246),#4250);
#4246 = LINE('',#4247,#4248);
#4247 = CARTESIAN_POINT('',(0.3,0.));
#4248 = VECTOR('',#4249,1.);
#4249 = DIRECTION('',(0.,-1.));
#4250 = ( GEOMETRIC_REPRESENTATION_CONTEXT(2) 
PARAMETRIC_REPRESENTATION_CONTEXT() REPRESENTATION_CONTEXT('2D SPACE',''
  ) );
#4251 = PCURVE('',#4252,#4257);
#4252 = PLANE('',#4253);
#4253 = AXIS2_PLACEMENT_3D('',#4254,#4255,#4256);
#4254 = CARTESIAN_POINT('',(12.5,-10.,1.9));
#4255 = DIRECTION('',(0.,0.,1.));
#4256 = DIRECTION('',(1.,0.,-0.));
#4257 = DEFINITIONAL_REPRESENTATION('',(#4258),#4262);
#4258 = LINE('',#4259,#4260);
#4259 = CARTESIAN_POINT('',(0.,0.));
#4260 = VECTOR('',#4261,1.);
#4261 = DIRECTION('',(0.,1.));
#4262 = ( GEOMETRIC_REPRESENTATION_CONTEXT(2) 
PARAMETRIC_REPRESENTATION_CONTEXT() REPRESENTATION_CONTEXT('2D SPACE',''
  ) );
#4263 = ADVANCED_FACE('',(#4264),#4278,.T.);
#4264 = FACE_BOUND('',#4265,.T.);
#4265 = EDGE_LOOP('',(#4266,#4296,#4319,#4342));
#4266 = ORIENTED_EDGE('',*,*,#4267,.F.);
#4267 = EDGE_CURVE('',#4268,#4270,#4272,.T.);
#4268 = VERTEX_POINT('',#4269);
#4269 = CARTESIAN_POINT('',(15.,-10.,1.6));
#4270 = VERTEX_POINT('',#4271);
#4271 = CARTESIAN_POINT('',(15.,-10.,1.9));
#4272 = SURFACE_CURVE('',#4273,(#4277,#4289),.PCURVE_S1.);
#4273 = LINE('',#4274,#4275);
#4274 = CARTESIAN_POINT('',(15.,-10.,1.6));
#4275 = VECTOR('',#4276,1.);
#4276 = DIRECTION('',(0.,0.,1.));
#4277 = PCURVE('',#4278,#4283);
#4278 = PLANE('',#4279);
#4279 = AXIS2_PLACEMENT_3D('',#4280,#4281,#4282);
#4280 = CARTESIAN_POINT('',(15.,-10.,1.6));
#4281 = DIRECTION('',(1.,0.,-0.));
#4282 = DIRECTION('',(0.,0.,1.));
#4283 = DEFINITIONAL_REPRESENTATION('',(#4284),#4288);
#4284 = LINE('',#4285,#4286);
#4285 = CARTESIAN_POINT('',(0.,0.));
#4286 = VECTOR('',#4287,1.);
#4287 = DIRECTION('',(1.,0.));
#4288 = ( GEOMETRIC_REPRESENTATION_CONTEXT(2) 
PARAMETRIC_REPRESENTATION_CONTEXT() REPRESENTATION_CONTEXT('2D SPACE',''
  ) );
#4289 = PCURVE('',#4170,#4290);
#4290 = DEFINITIONAL_REPRESENTATION('',(#4291),#4295);
#4291 = LINE('',#4292,#4293);
#4292 = CARTESIAN_POINT('',(0.,2.5));
#4293 = VECTOR('',#4294,1.);
#4294 = DIRECTION('',(1.,0.));
#4295 = ( GEOMETRIC_REPRESENTATION_CONTEXT(2) 
PARAMETRIC_REPRESENTATION_CONTEXT() REPRESENTATION_CONTEXT('2D SPACE',''
  ) );
#4296 = ORIENTED_EDGE('',*,*,#4297,.T.);
#4297 = EDGE_CURVE('',#4268,#4298,#4300,.T.);
#4298 = VERTEX_POINT('',#4299);
#4299 = CARTESIAN_POINT('',(15.,-8.,1.6));
#4300 = SURFACE_CURVE('',#4301,(#4305,#4312),.PCURVE_S1.);
#4301 = LINE('',#4302,#4303);
#4302 = CARTESIAN_POINT('',(15.,-10.,1.6));
#4303 = VECTOR('',#4304,1.);
#4304 = DIRECTION('',(-0.,1.,0.));
#4305 = PCURVE('',#4278,#4306);
#4306 = DEFINITIONAL_REPRESENTATION('',(#4307),#4311);
#4307 = LINE('',#4308,#4309);
#4308 = CARTESIAN_POINT('',(0.,0.));
#4309 = VECTOR('',#4310,1.);
#4310 = DIRECTION('',(0.,-1.));
#4311 = ( GEOMETRIC_REPRESENTATION_CONTEXT(2) 
PARAMETRIC_REPRESENTATION_CONTEXT() REPRESENTATION_CONTEXT('2D SPACE',''
  ) );
#4312 = PCURVE('',#4198,#4313);
#4313 = DEFINITIONAL_REPRESENTATION('',(#4314),#4318);
#4314 = LINE('',#4315,#4316);
#4315 = CARTESIAN_POINT('',(2.5,0.));
#4316 = VECTOR('',#4317,1.);
#4317 = DIRECTION('',(0.,1.));
#4318 = ( GEOMETRIC_REPRESENTATION_CONTEXT(2) 
PARAMETRIC_REPRESENTATION_CONTEXT() REPRESENTATION_CONTEXT('2D SPACE',''
  ) );
#4319 = ORIENTED_EDGE('',*,*,#4320,.T.);
#4320 = EDGE_CURVE('',#4298,#4321,#4323,.T.);
#4321 = VERTEX_POINT('',#4322);
#4322 = CARTESIAN_POINT('',(15.,-8.,1.9));
#4323 = SURFACE_CURVE('',#4324,(#4328,#4335),.PCURVE_S1.);
#4324 = LINE('',#4325,#4326);
#4325 = CARTESIAN_POINT('',(15.,-8.,1.6));
#4326 = VECTOR('',#4327,1.);
#4327 = DIRECTION('',(0.,0.,1.));
#4328 = PCURVE('',#4278,#4329);
#4329 = DEFINITIONAL_REPRESENTATION('',(#4330),#4334);
#4330 = LINE('',#4331,#4332);
#4331 = CARTESIAN_POINT('',(0.,-2.));
#4332 = VECTOR('',#4333,1.);
#4333 = DIRECTION('',(1.,0.));
#4334 = ( GEOMETRIC_REPRESENTATION_CONTEXT(2) 
PARAMETRIC_REPRESENTATION_CONTEXT() REPRESENTATION_CONTEXT('2D SPACE',''
  ) );
#4335 = PCURVE('',#4226,#4336);
#4336 = DEFINITIONAL_REPRESENTATION('',(#4337),#4341);
#4337 = LINE('',#4338,#4339);
#4338 = CARTESIAN_POINT('',(0.,2.5));
#4339 = VECTOR('',#4340,1.);
#4340 = DIRECTION('',(1.,0.));
#4341 = ( GEOMETRIC_REPRESENTATION_CONTEXT(2) 
PARAMETRIC_REPRESENTATION_CONTEXT() REPRESENTATION_CONTEXT('2D SPACE',''
  ) );
#4342 = ORIENTED_EDGE('',*,*,#4343,.F.);
#4343 = EDGE_CURVE('',#4270,#4321,#4344,.T.);
#4344 = SURFACE_CURVE('',#4345,(#4349,#4356),.PCURVE_S1.);
#4345 = LINE('',#4346,#4347);
#4346 = CARTESIAN_POINT('',(15.,-10.,1.9));
#4347 = VECTOR('',#4348,1.);
#4348 = DIRECTION('',(-0.,1.,0.));
#4349 = PCURVE('',#4278,#4350);
#4350 = DEFINITIONAL_REPRESENTATION('',(#4351),#4355);
#4351 = LINE('',#4352,#4353);
#4352 = CARTESIAN_POINT('',(0.3,0.));
#4353 = VECTOR('',#4354,1.);
#4354 = DIRECTION('',(0.,-1.));
#4355 = ( GEOMETRIC_REPRESENTATION_CONTEXT(2) 
PARAMETRIC_REPRESENTATION_CONTEXT() REPRESENTATION_CONTEXT('2D SPACE',''
  ) );
#4356 = PCURVE('',#4252,#4357);
#4357 = DEFINITIONAL_REPRESENTATION('',(#4358),#4362);
#4358 = LINE('',#4359,#4360);
#4359 = CARTESIAN_POINT('',(2.5,0.));
#4360 = VECTOR('',#4361,1.);
#4361 = DIRECTION('',(0.,1.));
#4362 = ( GEOMETRIC_REPRESENTATION_CONTEXT(2) 
PARAMETRIC_REPRESENTATION_CONTEXT() REPRESENTATION_CONTEXT('2D SPACE',''
  ) );
#4363 = ADVANCED_FACE('',(#4364),#4170,.F.);
#4364 = FACE_BOUND('',#4365,.F.);
#4365 = EDGE_LOOP('',(#4366,#4387,#4388,#4409));
#4366 = ORIENTED_EDGE('',*,*,#4367,.F.);
#4367 = EDGE_CURVE('',#4148,#4268,#4368,.T.);
#4368 = SURFACE_CURVE('',#4369,(#4373,#4380),.PCURVE_S1.);
#4369 = LINE('',#4370,#4371);
#4370 = CARTESIAN_POINT('',(12.5,-10.,1.6));
#4371 = VECTOR('',#4372,1.);
#4372 = DIRECTION('',(1.,0.,-0.));
#4373 = PCURVE('',#4170,#4374);
#4374 = DEFINITIONAL_REPRESENTATION('',(#4375),#4379);
#4375 = LINE('',#4376,#4377);
#4376 = CARTESIAN_POINT('',(0.,0.));
#4377 = VECTOR('',#4378,1.);
#4378 = DIRECTION('',(0.,1.));
#4379 = ( GEOMETRIC_REPRESENTATION_CONTEXT(2) 
PARAMETRIC_REPRESENTATION_CONTEXT() REPRESENTATION_CONTEXT('2D SPACE',''
  ) );
#4380 = PCURVE('',#4198,#4381);
#4381 = DEFINITIONAL_REPRESENTATION('',(#4382),#4386);
#4382 = LINE('',#4383,#4384);
#4383 = CARTESIAN_POINT('',(0.,0.));
#4384 = VECTOR('',#4385,1.);
#4385 = DIRECTION('',(1.,0.));
#4386 = ( GEOMETRIC_REPRESENTATION_CONTEXT(2) 
PARAMETRIC_REPRESENTATION_CONTEXT() REPRESENTATION_CONTEXT('2D SPACE',''
  ) );
#4387 = ORIENTED_EDGE('',*,*,#4147,.T.);
#4388 = ORIENTED_EDGE('',*,*,#4389,.T.);
#4389 = EDGE_CURVE('',#4150,#4270,#4390,.T.);
#4390 = SURFACE_CURVE('',#4391,(#4395,#4402),.PCURVE_S1.);
#4391 = LINE('',#4392,#4393);
#4392 = CARTESIAN_POINT('',(12.5,-10.,1.9));
#4393 = VECTOR('',#4394,1.);
#4394 = DIRECTION('',(1.,0.,-0.));
#4395 = PCURVE('',#4170,#4396);
#4396 = DEFINITIONAL_REPRESENTATION('',(#4397),#4401);
#4397 = LINE('',#4398,#4399);
#4398 = CARTESIAN_POINT('',(0.3,0.));
#4399 = VECTOR('',#4400,1.);
#4400 = DIRECTION('',(0.,1.));
#4401 = ( GEOMETRIC_REPRESENTATION_CONTEXT(2) 
PARAMETRIC_REPRESENTATION_CONTEXT() REPRESENTATION_CONTEXT('2D SPACE',''
  ) );
#4402 = PCURVE('',#4252,#4403);
#4403 = DEFINITIONAL_REPRESENTATION('',(#4404),#4408);
#4404 = LINE('',#4405,#4406);
#4405 = CARTESIAN_POINT('',(0.,0.));
#4406 = VECTOR('',#4407,1.);
#4407 = DIRECTION('',(1.,0.));
#4408 = ( GEOMETRIC_REPRESENTATION_CONTEXT(2) 
PARAMETRIC_REPRESENTATION_CONTEXT() REPRESENTATION_CONTEXT('2D SPACE',''
  ) );
#4409 = ORIENTED_EDGE('',*,*,#4267,.F.);
#4410 = ADVANCED_FACE('',(#4411),#4226,.T.);
#4411 = FACE_BOUND('',#4412,.T.);
#4412 = EDGE_LOOP('',(#4413,#4434,#4435,#4456));
#4413 = ORIENTED_EDGE('',*,*,#4414,.F.);
#4414 = EDGE_CURVE('',#4183,#4298,#4415,.T.);
#4415 = SURFACE_CURVE('',#4416,(#4420,#4427),.PCURVE_S1.);
#4416 = LINE('',#4417,#4418);
#4417 = CARTESIAN_POINT('',(12.5,-8.,1.6));
#4418 = VECTOR('',#4419,1.);
#4419 = DIRECTION('',(1.,0.,-0.));
#4420 = PCURVE('',#4226,#4421);
#4421 = DEFINITIONAL_REPRESENTATION('',(#4422),#4426);
#4422 = LINE('',#4423,#4424);
#4423 = CARTESIAN_POINT('',(0.,0.));
#4424 = VECTOR('',#4425,1.);
#4425 = DIRECTION('',(0.,1.));
#4426 = ( GEOMETRIC_REPRESENTATION_CONTEXT(2) 
PARAMETRIC_REPRESENTATION_CONTEXT() REPRESENTATION_CONTEXT('2D SPACE',''
  ) );
#4427 = PCURVE('',#4198,#4428);
#4428 = DEFINITIONAL_REPRESENTATION('',(#4429),#4433);
#4429 = LINE('',#4430,#4431);
#4430 = CARTESIAN_POINT('',(0.,2.));
#4431 = VECTOR('',#4432,1.);
#4432 = DIRECTION('',(1.,0.));
#4433 = ( GEOMETRIC_REPRESENTATION_CONTEXT(2) 
PARAMETRIC_REPRESENTATION_CONTEXT() REPRESENTATION_CONTEXT('2D SPACE',''
  ) );
#4434 = ORIENTED_EDGE('',*,*,#4210,.T.);
#4435 = ORIENTED_EDGE('',*,*,#4436,.T.);
#4436 = EDGE_CURVE('',#4211,#4321,#4437,.T.);
#4437 = SURFACE_CURVE('',#4438,(#4442,#4449),.PCURVE_S1.);
#4438 = LINE('',#4439,#4440);
#4439 = CARTESIAN_POINT('',(12.5,-8.,1.9));
#4440 = VECTOR('',#4441,1.);
#4441 = DIRECTION('',(1.,0.,-0.));
#4442 = PCURVE('',#4226,#4443);
#4443 = DEFINITIONAL_REPRESENTATION('',(#4444),#4448);
#4444 = LINE('',#4445,#4446);
#4445 = CARTESIAN_POINT('',(0.3,0.));
#4446 = VECTOR('',#4447,1.);
#4447 = DIRECTION('',(0.,1.));
#4448 = ( GEOMETRIC_REPRESENTATION_CONTEXT(2) 
PARAMETRIC_REPRESENTATION_CONTEXT() REPRESENTATION_CONTEXT('2D SPACE',''
  ) );
#4449 = PCURVE('',#4252,#4450);
#4450 = DEFINITIONAL_REPRESENTATION('',(#4451),#4455);
#4451 = LINE('',#4452,#4453);
#4452 = CARTESIAN_POINT('',(0.,2.));
#4453 = VECTOR('',#4454,1.);
#4454 = DIRECTION('',(1.,0.));
#4455 = ( GEOMETRIC_REPRESENTATION_CONTEXT(2) 
PARAMETRIC_REPRESENTATION_CONTEXT() REPRESENTATION_CONTEXT('2D SPACE',''
  ) );
#4456 = ORIENTED_EDGE('',*,*,#4320,.F.);
#4457 = ADVANCED_FACE('',(#4458),#4198,.F.);
#4458 = FACE_BOUND('',#4459,.F.);
#4459 = EDGE_LOOP('',(#4460,#4461,#4462,#4463));
#4460 = ORIENTED_EDGE('',*,*,#4182,.F.);
#4461 = ORIENTED_EDGE('',*,*,#4367,.T.);
#4462 = ORIENTED_EDGE('',*,*,#4297,.T.);
#4463 = ORIENTED_EDGE('',*,*,#4414,.F.);
#4464 = ADVANCED_FACE('',(#4465),#4252,.T.);
#4465 = FACE_BOUND('',#4466,.T.);
#4466 = EDGE_LOOP('',(#4467,#4468,#4469,#4470));
#4467 = ORIENTED_EDGE('',*,*,#4238,.F.);
#4468 = ORIENTED_EDGE('',*,*,#4389,.T.);
#4469 = ORIENTED_EDGE('',*,*,#4343,.T.);
#4470 = ORIENTED_EDGE('',*,*,#4436,.F.);
#4471 = ( GEOMETRIC_REPRESENTATION_CONTEXT(3) 
GLOBAL_UNCERTAINTY_ASSIGNED_CONTEXT((#4475)) 
GLOBAL_UNIT_ASSIGNED_CONTEXT((#4472,#4473,#4474)) REPRESENTATION_CONTEXT
('Context #1','3D Context with UNIT and UNCERTAINTY') );
#4472 = ( LENGTH_UNIT() NAMED_UNIT(*) SI_UNIT(.MILLI.,.METRE.) );
#4473 = ( NAMED_UNIT(*) PLANE_ANGLE_UNIT() SI_UNIT($,.RADIAN.) );
#4474 = ( NAMED_UNIT(*) SI_UNIT($,.STERADIAN.) SOLID_ANGLE_UNIT() );
#4475 = UNCERTAINTY_MEASURE_WITH_UNIT(LENGTH_MEASURE(1.E-07),#4472,
  'distance_accuracy_value','confusion accuracy');
#4476 = CONTEXT_DEPENDENT_SHAPE_REPRESENTATION(#4477,#4479);
#4477 = ( REPRESENTATION_RELATIONSHIP('','',#3480,#10) 
REPRESENTATION_RELATIONSHIP_WITH_TRANSFORMATION(#4478) 
SHAPE_REPRESENTATION_RELATIONSHIP() );
#4478 = ITEM_DEFINED_TRANSFORMATION('','',#11,#31);
#4479 = PRODUCT_DEFINITION_SHAPE('Placement','Placement of an item',
  #4480);
#4480 = NEXT_ASSEMBLY_USAGE_OCCURRENCE('23','motor_3_pads','',#5,#3475,$
  );
#4481 = PRODUCT_RELATED_PRODUCT_CATEGORY('part',$,(#3477));
#4482 = SHAPE_DEFINITION_REPRESENTATION(#4483,#4489);
#4483 = PRODUCT_DEFINITION_SHAPE('','',#4484);
#4484 = PRODUCT_DEFINITION('design','',#4485,#4488);
#4485 = PRODUCT_DEFINITION_FORMATION('','',#4486);
#4486 = PRODUCT('motor_4_pads','motor_4_pads','',(#4487));
#4487 = PRODUCT_CONTEXT('',#2,'mechanical');
#4488 = PRODUCT_DEFINITION_CONTEXT('part definition',#2,'design');
#4489 = SHAPE_REPRESENTATION('',(#11,#4490,#4820,#5150),#5480);
#4490 = MANIFOLD_SOLID_BREP('',#4491);
#4491 = CLOSED_SHELL('',(#4492,#4612,#4712,#4759,#4806,#4813));
#4492 = ADVANCED_FACE('',(#4493),#4507,.F.);
#4493 = FACE_BOUND('',#4494,.F.);
#4494 = EDGE_LOOP('',(#4495,#4530,#4558,#4586));
#4495 = ORIENTED_EDGE('',*,*,#4496,.F.);
#4496 = EDGE_CURVE('',#4497,#4499,#4501,.T.);
#4497 = VERTEX_POINT('',#4498);
#4498 = CARTESIAN_POINT('',(12.5,8.,1.6));
#4499 = VERTEX_POINT('',#4500);
#4500 = CARTESIAN_POINT('',(12.5,8.,1.9));
#4501 = SURFACE_CURVE('',#4502,(#4506,#4518),.PCURVE_S1.);
#4502 = LINE('',#4503,#4504);
#4503 = CARTESIAN_POINT('',(12.5,8.,1.6));
#4504 = VECTOR('',#4505,1.);
#4505 = DIRECTION('',(0.,0.,1.));
#4506 = PCURVE('',#4507,#4512);
#4507 = PLANE('',#4508);
#4508 = AXIS2_PLACEMENT_3D('',#4509,#4510,#4511);
#4509 = CARTESIAN_POINT('',(12.5,8.,1.6));
#4510 = DIRECTION('',(1.,0.,-0.));
#4511 = DIRECTION('',(0.,0.,1.));
#4512 = DEFINITIONAL_REPRESENTATION('',(#4513),#4517);
#4513 = LINE('',#4514,#4515);
#4514 = CARTESIAN_POINT('',(0.,0.));
#4515 = VECTOR('',#4516,1.);
#4516 = DIRECTION('',(1.,0.));
#4517 = ( GEOMETRIC_REPRESENTATION_CONTEXT(2) 
PARAMETRIC_REPRESENTATION_CONTEXT() REPRESENTATION_CONTEXT('2D SPACE',''
  ) );
#4518 = PCURVE('',#4519,#4524);
#4519 = PLANE('',#4520);
#4520 = AXIS2_PLACEMENT_3D('',#4521,#4522,#4523);
#4521 = CARTESIAN_POINT('',(12.5,8.,1.6));
#4522 = DIRECTION('',(-0.,1.,0.));
#4523 = DIRECTION('',(0.,0.,1.));
#4524 = DEFINITIONAL_REPRESENTATION('',(#4525),#4529);
#4525 = LINE('',#4526,#4527);
#4526 = CARTESIAN_POINT('',(0.,0.));
#4527 = VECTOR('',#4528,1.);
#4528 = DIRECTION('',(1.,0.));
#4529 = ( GEOMETRIC_REPRESENTATION_CONTEXT(2) 
PARAMETRIC_REPRESENTATION_CONTEXT() REPRESENTATION_CONTEXT('2D SPACE',''
  ) );
#4530 = ORIENTED_EDGE('',*,*,#4531,.T.);
#4531 = EDGE_CURVE('',#4497,#4532,#4534,.T.);
#4532 = VERTEX_POINT('',#4533);
#4533 = CARTESIAN_POINT('',(12.5,10.,1.6));
#4534 = SURFACE_CURVE('',#4535,(#4539,#4546),.PCURVE_S1.);
#4535 = LINE('',#4536,#4537);
#4536 = CARTESIAN_POINT('',(12.5,8.,1.6));
#4537 = VECTOR('',#4538,1.);
#4538 = DIRECTION('',(-0.,1.,0.));
#4539 = PCURVE('',#4507,#4540);
#4540 = DEFINITIONAL_REPRESENTATION('',(#4541),#4545);
#4541 = LINE('',#4542,#4543);
#4542 = CARTESIAN_POINT('',(0.,0.));
#4543 = VECTOR('',#4544,1.);
#4544 = DIRECTION('',(0.,-1.));
#4545 = ( GEOMETRIC_REPRESENTATION_CONTEXT(2) 
PARAMETRIC_REPRESENTATION_CONTEXT() REPRESENTATION_CONTEXT('2D SPACE',''
  ) );
#4546 = PCURVE('',#4547,#4552);
#4547 = PLANE('',#4548);
#4548 = AXIS2_PLACEMENT_3D('',#4549,#4550,#4551);
#4549 = CARTESIAN_POINT('',(12.5,8.,1.6));
#4550 = DIRECTION('',(0.,0.,1.));
#4551 = DIRECTION('',(1.,0.,-0.));
#4552 = DEFINITIONAL_REPRESENTATION('',(#4553),#4557);
#4553 = LINE('',#4554,#4555);
#4554 = CARTESIAN_POINT('',(0.,0.));
#4555 = VECTOR('',#4556,1.);
#4556 = DIRECTION('',(0.,1.));
#4557 = ( GEOMETRIC_REPRESENTATION_CONTEXT(2) 
PARAMETRIC_REPRESENTATION_CONTEXT() REPRESENTATION_CONTEXT('2D SPACE',''
  ) );
#4558 = ORIENTED_EDGE('',*,*,#4559,.T.);
#4559 = EDGE_CURVE('',#4532,#4560,#4562,.T.);
#4560 = VERTEX_POINT('',#4561);
#4561 = CARTESIAN_POINT('',(12.5,10.,1.9));
#4562 = SURFACE_CURVE('',#4563,(#4567,#4574),.PCURVE_S1.);
#4563 = LINE('',#4564,#4565);
#4564 = CARTESIAN_POINT('',(12.5,10.,1.6));
#4565 = VECTOR('',#4566,1.);
#4566 = DIRECTION('',(0.,0.,1.));
#4567 = PCURVE('',#4507,#4568);
#4568 = DEFINITIONAL_REPRESENTATION('',(#4569),#4573);
#4569 = LINE('',#4570,#4571);
#4570 = CARTESIAN_POINT('',(0.,-2.));
#4571 = VECTOR('',#4572,1.);
#4572 = DIRECTION('',(1.,0.));
#4573 = ( GEOMETRIC_REPRESENTATION_CONTEXT(2) 
PARAMETRIC_REPRESENTATION_CONTEXT() REPRESENTATION_CONTEXT('2D SPACE',''
  ) );
#4574 = PCURVE('',#4575,#4580);
#4575 = PLANE('',#4576);
#4576 = AXIS2_PLACEMENT_3D('',#4577,#4578,#4579);
#4577 = CARTESIAN_POINT('',(12.5,10.,1.6));
#4578 = DIRECTION('',(-0.,1.,0.));
#4579 = DIRECTION('',(0.,0.,1.));
#4580 = DEFINITIONAL_REPRESENTATION('',(#4581),#4585);
#4581 = LINE('',#4582,#4583);
#4582 = CARTESIAN_POINT('',(0.,0.));
#4583 = VECTOR('',#4584,1.);
#4584 = DIRECTION('',(1.,0.));
#4585 = ( GEOMETRIC_REPRESENTATION_CONTEXT(2) 
PARAMETRIC_REPRESENTATION_CONTEXT() REPRESENTATION_CONTEXT('2D SPACE',''
  ) );
#4586 = ORIENTED_EDGE('',*,*,#4587,.F.);
#4587 = EDGE_CURVE('',#4499,#4560,#4588,.T.);
#4588 = SURFACE_CURVE('',#4589,(#4593,#4600),.PCURVE_S1.);
#4589 = LINE('',#4590,#4591);
#4590 = CARTESIAN_POINT('',(12.5,8.,1.9));
#4591 = VECTOR('',#4592,1.);
#4592 = DIRECTION('',(-0.,1.,0.));
#4593 = PCURVE('',#4507,#4594);
#4594 = DEFINITIONAL_REPRESENTATION('',(#4595),#4599);
#4595 = LINE('',#4596,#4597);
#4596 = CARTESIAN_POINT('',(0.3,0.));
#4597 = VECTOR('',#4598,1.);
#4598 = DIRECTION('',(0.,-1.));
#4599 = ( GEOMETRIC_REPRESENTATION_CONTEXT(2) 
PARAMETRIC_REPRESENTATION_CONTEXT() REPRESENTATION_CONTEXT('2D SPACE',''
  ) );
#4600 = PCURVE('',#4601,#4606);
#4601 = PLANE('',#4602);
#4602 = AXIS2_PLACEMENT_3D('',#4603,#4604,#4605);
#4603 = CARTESIAN_POINT('',(12.5,8.,1.9));
#4604 = DIRECTION('',(0.,0.,1.));
#4605 = DIRECTION('',(1.,0.,-0.));
#4606 = DEFINITIONAL_REPRESENTATION('',(#4607),#4611);
#4607 = LINE('',#4608,#4609);
#4608 = CARTESIAN_POINT('',(0.,0.));
#4609 = VECTOR('',#4610,1.);
#4610 = DIRECTION('',(0.,1.));
#4611 = ( GEOMETRIC_REPRESENTATION_CONTEXT(2) 
PARAMETRIC_REPRESENTATION_CONTEXT() REPRESENTATION_CONTEXT('2D SPACE',''
  ) );
#4612 = ADVANCED_FACE('',(#4613),#4627,.T.);
#4613 = FACE_BOUND('',#4614,.T.);
#4614 = EDGE_LOOP('',(#4615,#4645,#4668,#4691));
#4615 = ORIENTED_EDGE('',*,*,#4616,.F.);
#4616 = EDGE_CURVE('',#4617,#4619,#4621,.T.);
#4617 = VERTEX_POINT('',#4618);
#4618 = CARTESIAN_POINT('',(15.,8.,1.6));
#4619 = VERTEX_POINT('',#4620);
#4620 = CARTESIAN_POINT('',(15.,8.,1.9));
#4621 = SURFACE_CURVE('',#4622,(#4626,#4638),.PCURVE_S1.);
#4622 = LINE('',#4623,#4624);
#4623 = CARTESIAN_POINT('',(15.,8.,1.6));
#4624 = VECTOR('',#4625,1.);
#4625 = DIRECTION('',(0.,0.,1.));
#4626 = PCURVE('',#4627,#4632);
#4627 = PLANE('',#4628);
#4628 = AXIS2_PLACEMENT_3D('',#4629,#4630,#4631);
#4629 = CARTESIAN_POINT('',(15.,8.,1.6));
#4630 = DIRECTION('',(1.,0.,-0.));
#4631 = DIRECTION('',(0.,0.,1.));
#4632 = DEFINITIONAL_REPRESENTATION('',(#4633),#4637);
#4633 = LINE('',#4634,#4635);
#4634 = CARTESIAN_POINT('',(0.,0.));
#4635 = VECTOR('',#4636,1.);
#4636 = DIRECTION('',(1.,0.));
#4637 = ( GEOMETRIC_REPRESENTATION_CONTEXT(2) 
PARAMETRIC_REPRESENTATION_CONTEXT() REPRESENTATION_CONTEXT('2D SPACE',''
  ) );
#4638 = PCURVE('',#4519,#4639);
#4639 = DEFINITIONAL_REPRESENTATION('',(#4640),#4644);
#4640 = LINE('',#4641,#4642);
#4641 = CARTESIAN_POINT('',(0.,2.5));
#4642 = VECTOR('',#4643,1.);
#4643 = DIRECTION('',(1.,0.));
#4644 = ( GEOMETRIC_REPRESENTATION_CONTEXT(2) 
PARAMETRIC_REPRESENTATION_CONTEXT() REPRESENTATION_CONTEXT('2D SPACE',''
  ) );
#4645 = ORIENTED_EDGE('',*,*,#4646,.T.);
#4646 = EDGE_CURVE('',#4617,#4647,#4649,.T.);
#4647 = VERTEX_POINT('',#4648);
#4648 = CARTESIAN_POINT('',(15.,10.,1.6));
#4649 = SURFACE_CURVE('',#4650,(#4654,#4661),.PCURVE_S1.);
#4650 = LINE('',#4651,#4652);
#4651 = CARTESIAN_POINT('',(15.,8.,1.6));
#4652 = VECTOR('',#4653,1.);
#4653 = DIRECTION('',(-0.,1.,0.));
#4654 = PCURVE('',#4627,#4655);
#4655 = DEFINITIONAL_REPRESENTATION('',(#4656),#4660);
#4656 = LINE('',#4657,#4658);
#4657 = CARTESIAN_POINT('',(0.,0.));
#4658 = VECTOR('',#4659,1.);
#4659 = DIRECTION('',(0.,-1.));
#4660 = ( GEOMETRIC_REPRESENTATION_CONTEXT(2) 
PARAMETRIC_REPRESENTATION_CONTEXT() REPRESENTATION_CONTEXT('2D SPACE',''
  ) );
#4661 = PCURVE('',#4547,#4662);
#4662 = DEFINITIONAL_REPRESENTATION('',(#4663),#4667);
#4663 = LINE('',#4664,#4665);
#4664 = CARTESIAN_POINT('',(2.5,0.));
#4665 = VECTOR('',#4666,1.);
#4666 = DIRECTION('',(0.,1.));
#4667 = ( GEOMETRIC_REPRESENTATION_CONTEXT(2) 
PARAMETRIC_REPRESENTATION_CONTEXT() REPRESENTATION_CONTEXT('2D SPACE',''
  ) );
#4668 = ORIENTED_EDGE('',*,*,#4669,.T.);
#4669 = EDGE_CURVE('',#4647,#4670,#4672,.T.);
#4670 = VERTEX_POINT('',#4671);
#4671 = CARTESIAN_POINT('',(15.,10.,1.9));
#4672 = SURFACE_CURVE('',#4673,(#4677,#4684),.PCURVE_S1.);
#4673 = LINE('',#4674,#4675);
#4674 = CARTESIAN_POINT('',(15.,10.,1.6));
#4675 = VECTOR('',#4676,1.);
#4676 = DIRECTION('',(0.,0.,1.));
#4677 = PCURVE('',#4627,#4678);
#4678 = DEFINITIONAL_REPRESENTATION('',(#4679),#4683);
#4679 = LINE('',#4680,#4681);
#4680 = CARTESIAN_POINT('',(0.,-2.));
#4681 = VECTOR('',#4682,1.);
#4682 = DIRECTION('',(1.,0.));
#4683 = ( GEOMETRIC_REPRESENTATION_CONTEXT(2) 
PARAMETRIC_REPRESENTATION_CONTEXT() REPRESENTATION_CONTEXT('2D SPACE',''
  ) );
#4684 = PCURVE('',#4575,#4685);
#4685 = DEFINITIONAL_REPRESENTATION('',(#4686),#4690);
#4686 = LINE('',#4687,#4688);
#4687 = CARTESIAN_POINT('',(0.,2.5));
#4688 = VECTOR('',#4689,1.);
#4689 = DIRECTION('',(1.,0.));
#4690 = ( GEOMETRIC_REPRESENTATION_CONTEXT(2) 
PARAMETRIC_REPRESENTATION_CONTEXT() REPRESENTATION_CONTEXT('2D SPACE',''
  ) );
#4691 = ORIENTED_EDGE('',*,*,#4692,.F.);
#4692 = EDGE_CURVE('',#4619,#4670,#4693,.T.);
#4693 = SURFACE_CURVE('',#4694,(#4698,#4705),.PCURVE_S1.);
#4694 = LINE('',#4695,#4696);
#4695 = CARTESIAN_POINT('',(15.,8.,1.9));
#4696 = VECTOR('',#4697,1.);
#4697 = DIRECTION('',(-0.,1.,0.));
#4698 = PCURVE('',#4627,#4699);
#4699 = DEFINITIONAL_REPRESENTATION('',(#4700),#4704);
#4700 = LINE('',#4701,#4702);
#4701 = CARTESIAN_POINT('',(0.3,0.));
#4702 = VECTOR('',#4703,1.);
#4703 = DIRECTION('',(0.,-1.));
#4704 = ( GEOMETRIC_REPRESENTATION_CONTEXT(2) 
PARAMETRIC_REPRESENTATION_CONTEXT() REPRESENTATION_CONTEXT('2D SPACE',''
  ) );
#4705 = PCURVE('',#4601,#4706);
#4706 = DEFINITIONAL_REPRESENTATION('',(#4707),#4711);
#4707 = LINE('',#4708,#4709);
#4708 = CARTESIAN_POINT('',(2.5,0.));
#4709 = VECTOR('',#4710,1.);
#4710 = DIRECTION('',(0.,1.));
#4711 = ( GEOMETRIC_REPRESENTATION_CONTEXT(2) 
PARAMETRIC_REPRESENTATION_CONTEXT() REPRESENTATION_CONTEXT('2D SPACE',''
  ) );
#4712 = ADVANCED_FACE('',(#4713),#4519,.F.);
#4713 = FACE_BOUND('',#4714,.F.);
#4714 = EDGE_LOOP('',(#4715,#4736,#4737,#4758));
#4715 = ORIENTED_EDGE('',*,*,#4716,.F.);
#4716 = EDGE_CURVE('',#4497,#4617,#4717,.T.);
#4717 = SURFACE_CURVE('',#4718,(#4722,#4729),.PCURVE_S1.);
#4718 = LINE('',#4719,#4720);
#4719 = CARTESIAN_POINT('',(12.5,8.,1.6));
#4720 = VECTOR('',#4721,1.);
#4721 = DIRECTION('',(1.,0.,-0.));
#4722 = PCURVE('',#4519,#4723);
#4723 = DEFINITIONAL_REPRESENTATION('',(#4724),#4728);
#4724 = LINE('',#4725,#4726);
#4725 = CARTESIAN_POINT('',(0.,0.));
#4726 = VECTOR('',#4727,1.);
#4727 = DIRECTION('',(0.,1.));
#4728 = ( GEOMETRIC_REPRESENTATION_CONTEXT(2) 
PARAMETRIC_REPRESENTATION_CONTEXT() REPRESENTATION_CONTEXT('2D SPACE',''
  ) );
#4729 = PCURVE('',#4547,#4730);
#4730 = DEFINITIONAL_REPRESENTATION('',(#4731),#4735);
#4731 = LINE('',#4732,#4733);
#4732 = CARTESIAN_POINT('',(0.,0.));
#4733 = VECTOR('',#4734,1.);
#4734 = DIRECTION('',(1.,0.));
#4735 = ( GEOMETRIC_REPRESENTATION_CONTEXT(2) 
PARAMETRIC_REPRESENTATION_CONTEXT() REPRESENTATION_CONTEXT('2D SPACE',''
  ) );
#4736 = ORIENTED_EDGE('',*,*,#4496,.T.);
#4737 = ORIENTED_EDGE('',*,*,#4738,.T.);
#4738 = EDGE_CURVE('',#4499,#4619,#4739,.T.);
#4739 = SURFACE_CURVE('',#4740,(#4744,#4751),.PCURVE_S1.);
#4740 = LINE('',#4741,#4742);
#4741 = CARTESIAN_POINT('',(12.5,8.,1.9));
#4742 = VECTOR('',#4743,1.);
#4743 = DIRECTION('',(1.,0.,-0.));
#4744 = PCURVE('',#4519,#4745);
#4745 = DEFINITIONAL_REPRESENTATION('',(#4746),#4750);
#4746 = LINE('',#4747,#4748);
#4747 = CARTESIAN_POINT('',(0.3,0.));
#4748 = VECTOR('',#4749,1.);
#4749 = DIRECTION('',(0.,1.));
#4750 = ( GEOMETRIC_REPRESENTATION_CONTEXT(2) 
PARAMETRIC_REPRESENTATION_CONTEXT() REPRESENTATION_CONTEXT('2D SPACE',''
  ) );
#4751 = PCURVE('',#4601,#4752);
#4752 = DEFINITIONAL_REPRESENTATION('',(#4753),#4757);
#4753 = LINE('',#4754,#4755);
#4754 = CARTESIAN_POINT('',(0.,0.));
#4755 = VECTOR('',#4756,1.);
#4756 = DIRECTION('',(1.,0.));
#4757 = ( GEOMETRIC_REPRESENTATION_CONTEXT(2) 
PARAMETRIC_REPRESENTATION_CONTEXT() REPRESENTATION_CONTEXT('2D SPACE',''
  ) );
#4758 = ORIENTED_EDGE('',*,*,#4616,.F.);
#4759 = ADVANCED_FACE('',(#4760),#4575,.T.);
#4760 = FACE_BOUND('',#4761,.T.);
#4761 = EDGE_LOOP('',(#4762,#4783,#4784,#4805));
#4762 = ORIENTED_EDGE('',*,*,#4763,.F.);
#4763 = EDGE_CURVE('',#4532,#4647,#4764,.T.);
#4764 = SURFACE_CURVE('',#4765,(#4769,#4776),.PCURVE_S1.);
#4765 = LINE('',#4766,#4767);
#4766 = CARTESIAN_POINT('',(12.5,10.,1.6));
#4767 = VECTOR('',#4768,1.);
#4768 = DIRECTION('',(1.,0.,-0.));
#4769 = PCURVE('',#4575,#4770);
#4770 = DEFINITIONAL_REPRESENTATION('',(#4771),#4775);
#4771 = LINE('',#4772,#4773);
#4772 = CARTESIAN_POINT('',(0.,0.));
#4773 = VECTOR('',#4774,1.);
#4774 = DIRECTION('',(0.,1.));
#4775 = ( GEOMETRIC_REPRESENTATION_CONTEXT(2) 
PARAMETRIC_REPRESENTATION_CONTEXT() REPRESENTATION_CONTEXT('2D SPACE',''
  ) );
#4776 = PCURVE('',#4547,#4777);
#4777 = DEFINITIONAL_REPRESENTATION('',(#4778),#4782);
#4778 = LINE('',#4779,#4780);
#4779 = CARTESIAN_POINT('',(0.,2.));
#4780 = VECTOR('',#4781,1.);
#4781 = DIRECTION('',(1.,0.));
#4782 = ( GEOMETRIC_REPRESENTATION_CONTEXT(2) 
PARAMETRIC_REPRESENTATION_CONTEXT() REPRESENTATION_CONTEXT('2D SPACE',''
  ) );
#4783 = ORIENTED_EDGE('',*,*,#4559,.T.);
#4784 = ORIENTED_EDGE('',*,*,#4785,.T.);
#4785 = EDGE_CURVE('',#4560,#4670,#4786,.T.);
#4786 = SURFACE_CURVE('',#4787,(#4791,#4798),.PCURVE_S1.);
#4787 = LINE('',#4788,#4789);
#4788 = CARTESIAN_POINT('',(12.5,10.,1.9));
#4789 = VECTOR('',#4790,1.);
#4790 = DIRECTION('',(1.,0.,-0.));
#4791 = PCURVE('',#4575,#4792);
#4792 = DEFINITIONAL_REPRESENTATION('',(#4793),#4797);
#4793 = LINE('',#4794,#4795);
#4794 = CARTESIAN_POINT('',(0.3,0.));
#4795 = VECTOR('',#4796,1.);
#4796 = DIRECTION('',(0.,1.));
#4797 = ( GEOMETRIC_REPRESENTATION_CONTEXT(2) 
PARAMETRIC_REPRESENTATION_CONTEXT() REPRESENTATION_CONTEXT('2D SPACE',''
  ) );
#4798 = PCURVE('',#4601,#4799);
#4799 = DEFINITIONAL_REPRESENTATION('',(#4800),#4804);
#4800 = LINE('',#4801,#4802);
#4801 = CARTESIAN_POINT('',(0.,2.));
#4802 = VECTOR('',#4803,1.);
#4803 = DIRECTION('',(1.,0.));
#4804 = ( GEOMETRIC_REPRESENTATION_CONTEXT(2) 
PARAMETRIC_REPRESENTATION_CONTEXT() REPRESENTATION_CONTEXT('2D SPACE',''
  ) );
#4805 = ORIENTED_EDGE('',*,*,#4669,.F.);
#4806 = ADVANCED_FACE('',(#4807),#4547,.F.);
#4807 = FACE_BOUND('',#4808,.F.);
#4808 = EDGE_LOOP('',(#4809,#4810,#4811,#4812));
#4809 = ORIENTED_EDGE('',*,*,#4531,.F.);
#4810 = ORIENTED_EDGE('',*,*,#4716,.T.);
#4811 = ORIENTED_EDGE('',*,*,#4646,.T.);
#4812 = ORIENTED_EDGE('',*,*,#4763,.F.);
#4813 = ADVANCED_FACE('',(#4814),#4601,.T.);
#4814 = FACE_BOUND('',#4815,.T.);
#4815 = EDGE_LOOP('',(#4816,#4817,#4818,#4819));
#4816 = ORIENTED_EDGE('',*,*,#4587,.F.);
#4817 = ORIENTED_EDGE('',*,*,#4738,.T.);
#4818 = ORIENTED_EDGE('',*,*,#4692,.T.);
#4819 = ORIENTED_EDGE('',*,*,#4785,.F.);
#4820 = MANIFOLD_SOLID_BREP('',#4821);
#4821 = CLOSED_SHELL('',(#4822,#4942,#5042,#5089,#5136,#5143));
#4822 = ADVANCED_FACE('',(#4823),#4837,.F.);
#4823 = FACE_BOUND('',#4824,.F.);
#4824 = EDGE_LOOP('',(#4825,#4860,#4888,#4916));
#4825 = ORIENTED_EDGE('',*,*,#4826,.F.);
#4826 = EDGE_CURVE('',#4827,#4829,#4831,.T.);
#4827 = VERTEX_POINT('',#4828);
#4828 = CARTESIAN_POINT('',(12.5,5.,1.6));
#4829 = VERTEX_POINT('',#4830);
#4830 = CARTESIAN_POINT('',(12.5,5.,1.9));
#4831 = SURFACE_CURVE('',#4832,(#4836,#4848),.PCURVE_S1.);
#4832 = LINE('',#4833,#4834);
#4833 = CARTESIAN_POINT('',(12.5,5.,1.6));
#4834 = VECTOR('',#4835,1.);
#4835 = DIRECTION('',(0.,0.,1.));
#4836 = PCURVE('',#4837,#4842);
#4837 = PLANE('',#4838);
#4838 = AXIS2_PLACEMENT_3D('',#4839,#4840,#4841);
#4839 = CARTESIAN_POINT('',(12.5,5.,1.6));
#4840 = DIRECTION('',(1.,0.,-0.));
#4841 = DIRECTION('',(0.,0.,1.));
#4842 = DEFINITIONAL_REPRESENTATION('',(#4843),#4847);
#4843 = LINE('',#4844,#4845);
#4844 = CARTESIAN_POINT('',(0.,0.));
#4845 = VECTOR('',#4846,1.);
#4846 = DIRECTION('',(1.,0.));
#4847 = ( GEOMETRIC_REPRESENTATION_CONTEXT(2) 
PARAMETRIC_REPRESENTATION_CONTEXT() REPRESENTATION_CONTEXT('2D SPACE',''
  ) );
#4848 = PCURVE('',#4849,#4854);
#4849 = PLANE('',#4850);
#4850 = AXIS2_PLACEMENT_3D('',#4851,#4852,#4853);
#4851 = CARTESIAN_POINT('',(12.5,5.,1.6));
#4852 = DIRECTION('',(-0.,1.,0.));
#4853 = DIRECTION('',(0.,0.,1.));
#4854 = DEFINITIONAL_REPRESENTATION('',(#4855),#4859);
#4855 = LINE('',#4856,#4857);
#4856 = CARTESIAN_POINT('',(0.,0.));
#4857 = VECTOR('',#4858,1.);
#4858 = DIRECTION('',(1.,0.));
#4859 = ( GEOMETRIC_REPRESENTATION_CONTEXT(2) 
PARAMETRIC_REPRESENTATION_CONTEXT() REPRESENTATION_CONTEXT('2D SPACE',''
  ) );
#4860 = ORIENTED_EDGE('',*,*,#4861,.T.);
#4861 = EDGE_CURVE('',#4827,#4862,#4864,.T.);
#4862 = VERTEX_POINT('',#4863);
#4863 = CARTESIAN_POINT('',(12.5,7.,1.6));
#4864 = SURFACE_CURVE('',#4865,(#4869,#4876),.PCURVE_S1.);
#4865 = LINE('',#4866,#4867);
#4866 = CARTESIAN_POINT('',(12.5,5.,1.6));
#4867 = VECTOR('',#4868,1.);
#4868 = DIRECTION('',(-0.,1.,0.));
#4869 = PCURVE('',#4837,#4870);
#4870 = DEFINITIONAL_REPRESENTATION('',(#4871),#4875);
#4871 = LINE('',#4872,#4873);
#4872 = CARTESIAN_POINT('',(0.,0.));
#4873 = VECTOR('',#4874,1.);
#4874 = DIRECTION('',(0.,-1.));
#4875 = ( GEOMETRIC_REPRESENTATION_CONTEXT(2) 
PARAMETRIC_REPRESENTATION_CONTEXT() REPRESENTATION_CONTEXT('2D SPACE',''
  ) );
#4876 = PCURVE('',#4877,#4882);
#4877 = PLANE('',#4878);
#4878 = AXIS2_PLACEMENT_3D('',#4879,#4880,#4881);
#4879 = CARTESIAN_POINT('',(12.5,5.,1.6));
#4880 = DIRECTION('',(0.,0.,1.));
#4881 = DIRECTION('',(1.,0.,-0.));
#4882 = DEFINITIONAL_REPRESENTATION('',(#4883),#4887);
#4883 = LINE('',#4884,#4885);
#4884 = CARTESIAN_POINT('',(0.,0.));
#4885 = VECTOR('',#4886,1.);
#4886 = DIRECTION('',(0.,1.));
#4887 = ( GEOMETRIC_REPRESENTATION_CONTEXT(2) 
PARAMETRIC_REPRESENTATION_CONTEXT() REPRESENTATION_CONTEXT('2D SPACE',''
  ) );
#4888 = ORIENTED_EDGE('',*,*,#4889,.T.);
#4889 = EDGE_CURVE('',#4862,#4890,#4892,.T.);
#4890 = VERTEX_POINT('',#4891);
#4891 = CARTESIAN_POINT('',(12.5,7.,1.9));
#4892 = SURFACE_CURVE('',#4893,(#4897,#4904),.PCURVE_S1.);
#4893 = LINE('',#4894,#4895);
#4894 = CARTESIAN_POINT('',(12.5,7.,1.6));
#4895 = VECTOR('',#4896,1.);
#4896 = DIRECTION('',(0.,0.,1.));
#4897 = PCURVE('',#4837,#4898);
#4898 = DEFINITIONAL_REPRESENTATION('',(#4899),#4903);
#4899 = LINE('',#4900,#4901);
#4900 = CARTESIAN_POINT('',(0.,-2.));
#4901 = VECTOR('',#4902,1.);
#4902 = DIRECTION('',(1.,0.));
#4903 = ( GEOMETRIC_REPRESENTATION_CONTEXT(2) 
PARAMETRIC_REPRESENTATION_CONTEXT() REPRESENTATION_CONTEXT('2D SPACE',''
  ) );
#4904 = PCURVE('',#4905,#4910);
#4905 = PLANE('',#4906);
#4906 = AXIS2_PLACEMENT_3D('',#4907,#4908,#4909);
#4907 = CARTESIAN_POINT('',(12.5,7.,1.6));
#4908 = DIRECTION('',(-0.,1.,0.));
#4909 = DIRECTION('',(0.,0.,1.));
#4910 = DEFINITIONAL_REPRESENTATION('',(#4911),#4915);
#4911 = LINE('',#4912,#4913);
#4912 = CARTESIAN_POINT('',(0.,0.));
#4913 = VECTOR('',#4914,1.);
#4914 = DIRECTION('',(1.,0.));
#4915 = ( GEOMETRIC_REPRESENTATION_CONTEXT(2) 
PARAMETRIC_REPRESENTATION_CONTEXT() REPRESENTATION_CONTEXT('2D SPACE',''
  ) );
#4916 = ORIENTED_EDGE('',*,*,#4917,.F.);
#4917 = EDGE_CURVE('',#4829,#4890,#4918,.T.);
#4918 = SURFACE_CURVE('',#4919,(#4923,#4930),.PCURVE_S1.);
#4919 = LINE('',#4920,#4921);
#4920 = CARTESIAN_POINT('',(12.5,5.,1.9));
#4921 = VECTOR('',#4922,1.);
#4922 = DIRECTION('',(-0.,1.,0.));
#4923 = PCURVE('',#4837,#4924);
#4924 = DEFINITIONAL_REPRESENTATION('',(#4925),#4929);
#4925 = LINE('',#4926,#4927);
#4926 = CARTESIAN_POINT('',(0.3,0.));
#4927 = VECTOR('',#4928,1.);
#4928 = DIRECTION('',(0.,-1.));
#4929 = ( GEOMETRIC_REPRESENTATION_CONTEXT(2) 
PARAMETRIC_REPRESENTATION_CONTEXT() REPRESENTATION_CONTEXT('2D SPACE',''
  ) );
#4930 = PCURVE('',#4931,#4936);
#4931 = PLANE('',#4932);
#4932 = AXIS2_PLACEMENT_3D('',#4933,#4934,#4935);
#4933 = CARTESIAN_POINT('',(12.5,5.,1.9));
#4934 = DIRECTION('',(0.,0.,1.));
#4935 = DIRECTION('',(1.,0.,-0.));
#4936 = DEFINITIONAL_REPRESENTATION('',(#4937),#4941);
#4937 = LINE('',#4938,#4939);
#4938 = CARTESIAN_POINT('',(0.,0.));
#4939 = VECTOR('',#4940,1.);
#4940 = DIRECTION('',(0.,1.));
#4941 = ( GEOMETRIC_REPRESENTATION_CONTEXT(2) 
PARAMETRIC_REPRESENTATION_CONTEXT() REPRESENTATION_CONTEXT('2D SPACE',''
  ) );
#4942 = ADVANCED_FACE('',(#4943),#4957,.T.);
#4943 = FACE_BOUND('',#4944,.T.);
#4944 = EDGE_LOOP('',(#4945,#4975,#4998,#5021));
#4945 = ORIENTED_EDGE('',*,*,#4946,.F.);
#4946 = EDGE_CURVE('',#4947,#4949,#4951,.T.);
#4947 = VERTEX_POINT('',#4948);
#4948 = CARTESIAN_POINT('',(15.,5.,1.6));
#4949 = VERTEX_POINT('',#4950);
#4950 = CARTESIAN_POINT('',(15.,5.,1.9));
#4951 = SURFACE_CURVE('',#4952,(#4956,#4968),.PCURVE_S1.);
#4952 = LINE('',#4953,#4954);
#4953 = CARTESIAN_POINT('',(15.,5.,1.6));
#4954 = VECTOR('',#4955,1.);
#4955 = DIRECTION('',(0.,0.,1.));
#4956 = PCURVE('',#4957,#4962);
#4957 = PLANE('',#4958);
#4958 = AXIS2_PLACEMENT_3D('',#4959,#4960,#4961);
#4959 = CARTESIAN_POINT('',(15.,5.,1.6));
#4960 = DIRECTION('',(1.,0.,-0.));
#4961 = DIRECTION('',(0.,0.,1.));
#4962 = DEFINITIONAL_REPRESENTATION('',(#4963),#4967);
#4963 = LINE('',#4964,#4965);
#4964 = CARTESIAN_POINT('',(0.,0.));
#4965 = VECTOR('',#4966,1.);
#4966 = DIRECTION('',(1.,0.));
#4967 = ( GEOMETRIC_REPRESENTATION_CONTEXT(2) 
PARAMETRIC_REPRESENTATION_CONTEXT() REPRESENTATION_CONTEXT('2D SPACE',''
  ) );
#4968 = PCURVE('',#4849,#4969);
#4969 = DEFINITIONAL_REPRESENTATION('',(#4970),#4974);
#4970 = LINE('',#4971,#4972);
#4971 = CARTESIAN_POINT('',(0.,2.5));
#4972 = VECTOR('',#4973,1.);
#4973 = DIRECTION('',(1.,0.));
#4974 = ( GEOMETRIC_REPRESENTATION_CONTEXT(2) 
PARAMETRIC_REPRESENTATION_CONTEXT() REPRESENTATION_CONTEXT('2D SPACE',''
  ) );
#4975 = ORIENTED_EDGE('',*,*,#4976,.T.);
#4976 = EDGE_CURVE('',#4947,#4977,#4979,.T.);
#4977 = VERTEX_POINT('',#4978);
#4978 = CARTESIAN_POINT('',(15.,7.,1.6));
#4979 = SURFACE_CURVE('',#4980,(#4984,#4991),.PCURVE_S1.);
#4980 = LINE('',#4981,#4982);
#4981 = CARTESIAN_POINT('',(15.,5.,1.6));
#4982 = VECTOR('',#4983,1.);
#4983 = DIRECTION('',(-0.,1.,0.));
#4984 = PCURVE('',#4957,#4985);
#4985 = DEFINITIONAL_REPRESENTATION('',(#4986),#4990);
#4986 = LINE('',#4987,#4988);
#4987 = CARTESIAN_POINT('',(0.,0.));
#4988 = VECTOR('',#4989,1.);
#4989 = DIRECTION('',(0.,-1.));
#4990 = ( GEOMETRIC_REPRESENTATION_CONTEXT(2) 
PARAMETRIC_REPRESENTATION_CONTEXT() REPRESENTATION_CONTEXT('2D SPACE',''
  ) );
#4991 = PCURVE('',#4877,#4992);
#4992 = DEFINITIONAL_REPRESENTATION('',(#4993),#4997);
#4993 = LINE('',#4994,#4995);
#4994 = CARTESIAN_POINT('',(2.5,0.));
#4995 = VECTOR('',#4996,1.);
#4996 = DIRECTION('',(0.,1.));
#4997 = ( GEOMETRIC_REPRESENTATION_CONTEXT(2) 
PARAMETRIC_REPRESENTATION_CONTEXT() REPRESENTATION_CONTEXT('2D SPACE',''
  ) );
#4998 = ORIENTED_EDGE('',*,*,#4999,.T.);
#4999 = EDGE_CURVE('',#4977,#5000,#5002,.T.);
#5000 = VERTEX_POINT('',#5001);
#5001 = CARTESIAN_POINT('',(15.,7.,1.9));
#5002 = SURFACE_CURVE('',#5003,(#5007,#5014),.PCURVE_S1.);
#5003 = LINE('',#5004,#5005);
#5004 = CARTESIAN_POINT('',(15.,7.,1.6));
#5005 = VECTOR('',#5006,1.);
#5006 = DIRECTION('',(0.,0.,1.));
#5007 = PCURVE('',#4957,#5008);
#5008 = DEFINITIONAL_REPRESENTATION('',(#5009),#5013);
#5009 = LINE('',#5010,#5011);
#5010 = CARTESIAN_POINT('',(0.,-2.));
#5011 = VECTOR('',#5012,1.);
#5012 = DIRECTION('',(1.,0.));
#5013 = ( GEOMETRIC_REPRESENTATION_CONTEXT(2) 
PARAMETRIC_REPRESENTATION_CONTEXT() REPRESENTATION_CONTEXT('2D SPACE',''
  ) );
#5014 = PCURVE('',#4905,#5015);
#5015 = DEFINITIONAL_REPRESENTATION('',(#5016),#5020);
#5016 = LINE('',#5017,#5018);
#5017 = CARTESIAN_POINT('',(0.,2.5));
#5018 = VECTOR('',#5019,1.);
#5019 = DIRECTION('',(1.,0.));
#5020 = ( GEOMETRIC_REPRESENTATION_CONTEXT(2) 
PARAMETRIC_REPRESENTATION_CONTEXT() REPRESENTATION_CONTEXT('2D SPACE',''
  ) );
#5021 = ORIENTED_EDGE('',*,*,#5022,.F.);
#5022 = EDGE_CURVE('',#4949,#5000,#5023,.T.);
#5023 = SURFACE_CURVE('',#5024,(#5028,#5035),.PCURVE_S1.);
#5024 = LINE('',#5025,#5026);
#5025 = CARTESIAN_POINT('',(15.,5.,1.9));
#5026 = VECTOR('',#5027,1.);
#5027 = DIRECTION('',(-0.,1.,0.));
#5028 = PCURVE('',#4957,#5029);
#5029 = DEFINITIONAL_REPRESENTATION('',(#5030),#5034);
#5030 = LINE('',#5031,#5032);
#5031 = CARTESIAN_POINT('',(0.3,0.));
#5032 = VECTOR('',#5033,1.);
#5033 = DIRECTION('',(0.,-1.));
#5034 = ( GEOMETRIC_REPRESENTATION_CONTEXT(2) 
PARAMETRIC_REPRESENTATION_CONTEXT() REPRESENTATION_CONTEXT('2D SPACE',''
  ) );
#5035 = PCURVE('',#4931,#5036);
#5036 = DEFINITIONAL_REPRESENTATION('',(#5037),#5041);
#5037 = LINE('',#5038,#5039);
#5038 = CARTESIAN_POINT('',(2.5,0.));
#5039 = VECTOR('',#5040,1.);
#5040 = DIRECTION('',(0.,1.));
#5041 = ( GEOMETRIC_REPRESENTATION_CONTEXT(2) 
PARAMETRIC_REPRESENTATION_CONTEXT() REPRESENTATION_CONTEXT('2D SPACE',''
  ) );
#5042 = ADVANCED_FACE('',(#5043),#4849,.F.);
#5043 = FACE_BOUND('',#5044,.F.);
#5044 = EDGE_LOOP('',(#5045,#5066,#5067,#5088));
#5045 = ORIENTED_EDGE('',*,*,#5046,.F.);
#5046 = EDGE_CURVE('',#4827,#4947,#5047,.T.);
#5047 = SURFACE_CURVE('',#5048,(#5052,#5059),.PCURVE_S1.);
#5048 = LINE('',#5049,#5050);
#5049 = CARTESIAN_POINT('',(12.5,5.,1.6));
#5050 = VECTOR('',#5051,1.);
#5051 = DIRECTION('',(1.,0.,-0.));
#5052 = PCURVE('',#4849,#5053);
#5053 = DEFINITIONAL_REPRESENTATION('',(#5054),#5058);
#5054 = LINE('',#5055,#5056);
#5055 = CARTESIAN_POINT('',(0.,0.));
#5056 = VECTOR('',#5057,1.);
#5057 = DIRECTION('',(0.,1.));
#5058 = ( GEOMETRIC_REPRESENTATION_CONTEXT(2) 
PARAMETRIC_REPRESENTATION_CONTEXT() REPRESENTATION_CONTEXT('2D SPACE',''
  ) );
#5059 = PCURVE('',#4877,#5060);
#5060 = DEFINITIONAL_REPRESENTATION('',(#5061),#5065);
#5061 = LINE('',#5062,#5063);
#5062 = CARTESIAN_POINT('',(0.,0.));
#5063 = VECTOR('',#5064,1.);
#5064 = DIRECTION('',(1.,0.));
#5065 = ( GEOMETRIC_REPRESENTATION_CONTEXT(2) 
PARAMETRIC_REPRESENTATION_CONTEXT() REPRESENTATION_CONTEXT('2D SPACE',''
  ) );
#5066 = ORIENTED_EDGE('',*,*,#4826,.T.);
#5067 = ORIENTED_EDGE('',*,*,#5068,.T.);
#5068 = EDGE_CURVE('',#4829,#4949,#5069,.T.);
#5069 = SURFACE_CURVE('',#5070,(#5074,#5081),.PCURVE_S1.);
#5070 = LINE('',#5071,#5072);
#5071 = CARTESIAN_POINT('',(12.5,5.,1.9));
#5072 = VECTOR('',#5073,1.);
#5073 = DIRECTION('',(1.,0.,-0.));
#5074 = PCURVE('',#4849,#5075);
#5075 = DEFINITIONAL_REPRESENTATION('',(#5076),#5080);
#5076 = LINE('',#5077,#5078);
#5077 = CARTESIAN_POINT('',(0.3,0.));
#5078 = VECTOR('',#5079,1.);
#5079 = DIRECTION('',(0.,1.));
#5080 = ( GEOMETRIC_REPRESENTATION_CONTEXT(2) 
PARAMETRIC_REPRESENTATION_CONTEXT() REPRESENTATION_CONTEXT('2D SPACE',''
  ) );
#5081 = PCURVE('',#4931,#5082);
#5082 = DEFINITIONAL_REPRESENTATION('',(#5083),#5087);
#5083 = LINE('',#5084,#5085);
#5084 = CARTESIAN_POINT('',(0.,0.));
#5085 = VECTOR('',#5086,1.);
#5086 = DIRECTION('',(1.,0.));
#5087 = ( GEOMETRIC_REPRESENTATION_CONTEXT(2) 
PARAMETRIC_REPRESENTATION_CONTEXT() REPRESENTATION_CONTEXT('2D SPACE',''
  ) );
#5088 = ORIENTED_EDGE('',*,*,#4946,.F.);
#5089 = ADVANCED_FACE('',(#5090),#4905,.T.);
#5090 = FACE_BOUND('',#5091,.T.);
#5091 = EDGE_LOOP('',(#5092,#5113,#5114,#5135));
#5092 = ORIENTED_EDGE('',*,*,#5093,.F.);
#5093 = EDGE_CURVE('',#4862,#4977,#5094,.T.);
#5094 = SURFACE_CURVE('',#5095,(#5099,#5106),.PCURVE_S1.);
#5095 = LINE('',#5096,#5097);
#5096 = CARTESIAN_POINT('',(12.5,7.,1.6));
#5097 = VECTOR('',#5098,1.);
#5098 = DIRECTION('',(1.,0.,-0.));
#5099 = PCURVE('',#4905,#5100);
#5100 = DEFINITIONAL_REPRESENTATION('',(#5101),#5105);
#5101 = LINE('',#5102,#5103);
#5102 = CARTESIAN_POINT('',(0.,0.));
#5103 = VECTOR('',#5104,1.);
#5104 = DIRECTION('',(0.,1.));
#5105 = ( GEOMETRIC_REPRESENTATION_CONTEXT(2) 
PARAMETRIC_REPRESENTATION_CONTEXT() REPRESENTATION_CONTEXT('2D SPACE',''
  ) );
#5106 = PCURVE('',#4877,#5107);
#5107 = DEFINITIONAL_REPRESENTATION('',(#5108),#5112);
#5108 = LINE('',#5109,#5110);
#5109 = CARTESIAN_POINT('',(0.,2.));
#5110 = VECTOR('',#5111,1.);
#5111 = DIRECTION('',(1.,0.));
#5112 = ( GEOMETRIC_REPRESENTATION_CONTEXT(2) 
PARAMETRIC_REPRESENTATION_CONTEXT() REPRESENTATION_CONTEXT('2D SPACE',''
  ) );
#5113 = ORIENTED_EDGE('',*,*,#4889,.T.);
#5114 = ORIENTED_EDGE('',*,*,#5115,.T.);
#5115 = EDGE_CURVE('',#4890,#5000,#5116,.T.);
#5116 = SURFACE_CURVE('',#5117,(#5121,#5128),.PCURVE_S1.);
#5117 = LINE('',#5118,#5119);
#5118 = CARTESIAN_POINT('',(12.5,7.,1.9));
#5119 = VECTOR('',#5120,1.);
#5120 = DIRECTION('',(1.,0.,-0.));
#5121 = PCURVE('',#4905,#5122);
#5122 = DEFINITIONAL_REPRESENTATION('',(#5123),#5127);
#5123 = LINE('',#5124,#5125);
#5124 = CARTESIAN_POINT('',(0.3,0.));
#5125 = VECTOR('',#5126,1.);
#5126 = DIRECTION('',(0.,1.));
#5127 = ( GEOMETRIC_REPRESENTATION_CONTEXT(2) 
PARAMETRIC_REPRESENTATION_CONTEXT() REPRESENTATION_CONTEXT('2D SPACE',''
  ) );
#5128 = PCURVE('',#4931,#5129);
#5129 = DEFINITIONAL_REPRESENTATION('',(#5130),#5134);
#5130 = LINE('',#5131,#5132);
#5131 = CARTESIAN_POINT('',(0.,2.));
#5132 = VECTOR('',#5133,1.);
#5133 = DIRECTION('',(1.,0.));
#5134 = ( GEOMETRIC_REPRESENTATION_CONTEXT(2) 
PARAMETRIC_REPRESENTATION_CONTEXT() REPRESENTATION_CONTEXT('2D SPACE',''
  ) );
#5135 = ORIENTED_EDGE('',*,*,#4999,.F.);
#5136 = ADVANCED_FACE('',(#5137),#4877,.F.);
#5137 = FACE_BOUND('',#5138,.F.);
#5138 = EDGE_LOOP('',(#5139,#5140,#5141,#5142));
#5139 = ORIENTED_EDGE('',*,*,#4861,.F.);
#5140 = ORIENTED_EDGE('',*,*,#5046,.T.);
#5141 = ORIENTED_EDGE('',*,*,#4976,.T.);
#5142 = ORIENTED_EDGE('',*,*,#5093,.F.);
#5143 = ADVANCED_FACE('',(#5144),#4931,.T.);
#5144 = FACE_BOUND('',#5145,.T.);
#5145 = EDGE_LOOP('',(#5146,#5147,#5148,#5149));
#5146 = ORIENTED_EDGE('',*,*,#4917,.F.);
#5147 = ORIENTED_EDGE('',*,*,#5068,.T.);
#5148 = ORIENTED_EDGE('',*,*,#5022,.T.);
#5149 = ORIENTED_EDGE('',*,*,#5115,.F.);
#5150 = MANIFOLD_SOLID_BREP('',#5151);
#5151 = CLOSED_SHELL('',(#5152,#5272,#5372,#5419,#5466,#5473));
#5152 = ADVANCED_FACE('',(#5153),#5167,.F.);
#5153 = FACE_BOUND('',#5154,.F.);
#5154 = EDGE_LOOP('',(#5155,#5190,#5218,#5246));
#5155 = ORIENTED_EDGE('',*,*,#5156,.F.);
#5156 = EDGE_CURVE('',#5157,#5159,#5161,.T.);
#5157 = VERTEX_POINT('',#5158);
#5158 = CARTESIAN_POINT('',(12.5,2.,1.6));
#5159 = VERTEX_POINT('',#5160);
#5160 = CARTESIAN_POINT('',(12.5,2.,1.9));
#5161 = SURFACE_CURVE('',#5162,(#5166,#5178),.PCURVE_S1.);
#5162 = LINE('',#5163,#5164);
#5163 = CARTESIAN_POINT('',(12.5,2.,1.6));
#5164 = VECTOR('',#5165,1.);
#5165 = DIRECTION('',(0.,0.,1.));
#5166 = PCURVE('',#5167,#5172);
#5167 = PLANE('',#5168);
#5168 = AXIS2_PLACEMENT_3D('',#5169,#5170,#5171);
#5169 = CARTESIAN_POINT('',(12.5,2.,1.6));
#5170 = DIRECTION('',(1.,0.,-0.));
#5171 = DIRECTION('',(0.,0.,1.));
#5172 = DEFINITIONAL_REPRESENTATION('',(#5173),#5177);
#5173 = LINE('',#5174,#5175);
#5174 = CARTESIAN_POINT('',(0.,0.));
#5175 = VECTOR('',#5176,1.);
#5176 = DIRECTION('',(1.,0.));
#5177 = ( GEOMETRIC_REPRESENTATION_CONTEXT(2) 
PARAMETRIC_REPRESENTATION_CONTEXT() REPRESENTATION_CONTEXT('2D SPACE',''
  ) );
#5178 = PCURVE('',#5179,#5184);
#5179 = PLANE('',#5180);
#5180 = AXIS2_PLACEMENT_3D('',#5181,#5182,#5183);
#5181 = CARTESIAN_POINT('',(12.5,2.,1.6));
#5182 = DIRECTION('',(-0.,1.,0.));
#5183 = DIRECTION('',(0.,0.,1.));
#5184 = DEFINITIONAL_REPRESENTATION('',(#5185),#5189);
#5185 = LINE('',#5186,#5187);
#5186 = CARTESIAN_POINT('',(0.,0.));
#5187 = VECTOR('',#5188,1.);
#5188 = DIRECTION('',(1.,0.));
#5189 = ( GEOMETRIC_REPRESENTATION_CONTEXT(2) 
PARAMETRIC_REPRESENTATION_CONTEXT() REPRESENTATION_CONTEXT('2D SPACE',''
  ) );
#5190 = ORIENTED_EDGE('',*,*,#5191,.T.);
#5191 = EDGE_CURVE('',#5157,#5192,#5194,.T.);
#5192 = VERTEX_POINT('',#5193);
#5193 = CARTESIAN_POINT('',(12.5,4.,1.6));
#5194 = SURFACE_CURVE('',#5195,(#5199,#5206),.PCURVE_S1.);
#5195 = LINE('',#5196,#5197);
#5196 = CARTESIAN_POINT('',(12.5,2.,1.6));
#5197 = VECTOR('',#5198,1.);
#5198 = DIRECTION('',(-0.,1.,0.));
#5199 = PCURVE('',#5167,#5200);
#5200 = DEFINITIONAL_REPRESENTATION('',(#5201),#5205);
#5201 = LINE('',#5202,#5203);
#5202 = CARTESIAN_POINT('',(0.,0.));
#5203 = VECTOR('',#5204,1.);
#5204 = DIRECTION('',(0.,-1.));
#5205 = ( GEOMETRIC_REPRESENTATION_CONTEXT(2) 
PARAMETRIC_REPRESENTATION_CONTEXT() REPRESENTATION_CONTEXT('2D SPACE',''
  ) );
#5206 = PCURVE('',#5207,#5212);
#5207 = PLANE('',#5208);
#5208 = AXIS2_PLACEMENT_3D('',#5209,#5210,#5211);
#5209 = CARTESIAN_POINT('',(12.5,2.,1.6));
#5210 = DIRECTION('',(0.,0.,1.));
#5211 = DIRECTION('',(1.,0.,-0.));
#5212 = DEFINITIONAL_REPRESENTATION('',(#5213),#5217);
#5213 = LINE('',#5214,#5215);
#5214 = CARTESIAN_POINT('',(0.,0.));
#5215 = VECTOR('',#5216,1.);
#5216 = DIRECTION('',(0.,1.));
#5217 = ( GEOMETRIC_REPRESENTATION_CONTEXT(2) 
PARAMETRIC_REPRESENTATION_CONTEXT() REPRESENTATION_CONTEXT('2D SPACE',''
  ) );
#5218 = ORIENTED_EDGE('',*,*,#5219,.T.);
#5219 = EDGE_CURVE('',#5192,#5220,#5222,.T.);
#5220 = VERTEX_POINT('',#5221);
#5221 = CARTESIAN_POINT('',(12.5,4.,1.9));
#5222 = SURFACE_CURVE('',#5223,(#5227,#5234),.PCURVE_S1.);
#5223 = LINE('',#5224,#5225);
#5224 = CARTESIAN_POINT('',(12.5,4.,1.6));
#5225 = VECTOR('',#5226,1.);
#5226 = DIRECTION('',(0.,0.,1.));
#5227 = PCURVE('',#5167,#5228);
#5228 = DEFINITIONAL_REPRESENTATION('',(#5229),#5233);
#5229 = LINE('',#5230,#5231);
#5230 = CARTESIAN_POINT('',(0.,-2.));
#5231 = VECTOR('',#5232,1.);
#5232 = DIRECTION('',(1.,0.));
#5233 = ( GEOMETRIC_REPRESENTATION_CONTEXT(2) 
PARAMETRIC_REPRESENTATION_CONTEXT() REPRESENTATION_CONTEXT('2D SPACE',''
  ) );
#5234 = PCURVE('',#5235,#5240);
#5235 = PLANE('',#5236);
#5236 = AXIS2_PLACEMENT_3D('',#5237,#5238,#5239);
#5237 = CARTESIAN_POINT('',(12.5,4.,1.6));
#5238 = DIRECTION('',(-0.,1.,0.));
#5239 = DIRECTION('',(0.,0.,1.));
#5240 = DEFINITIONAL_REPRESENTATION('',(#5241),#5245);
#5241 = LINE('',#5242,#5243);
#5242 = CARTESIAN_POINT('',(0.,0.));
#5243 = VECTOR('',#5244,1.);
#5244 = DIRECTION('',(1.,0.));
#5245 = ( GEOMETRIC_REPRESENTATION_CONTEXT(2) 
PARAMETRIC_REPRESENTATION_CONTEXT() REPRESENTATION_CONTEXT('2D SPACE',''
  ) );
#5246 = ORIENTED_EDGE('',*,*,#5247,.F.);
#5247 = EDGE_CURVE('',#5159,#5220,#5248,.T.);
#5248 = SURFACE_CURVE('',#5249,(#5253,#5260),.PCURVE_S1.);
#5249 = LINE('',#5250,#5251);
#5250 = CARTESIAN_POINT('',(12.5,2.,1.9));
#5251 = VECTOR('',#5252,1.);
#5252 = DIRECTION('',(-0.,1.,0.));
#5253 = PCURVE('',#5167,#5254);
#5254 = DEFINITIONAL_REPRESENTATION('',(#5255),#5259);
#5255 = LINE('',#5256,#5257);
#5256 = CARTESIAN_POINT('',(0.3,0.));
#5257 = VECTOR('',#5258,1.);
#5258 = DIRECTION('',(0.,-1.));
#5259 = ( GEOMETRIC_REPRESENTATION_CONTEXT(2) 
PARAMETRIC_REPRESENTATION_CONTEXT() REPRESENTATION_CONTEXT('2D SPACE',''
  ) );
#5260 = PCURVE('',#5261,#5266);
#5261 = PLANE('',#5262);
#5262 = AXIS2_PLACEMENT_3D('',#5263,#5264,#5265);
#5263 = CARTESIAN_POINT('',(12.5,2.,1.9));
#5264 = DIRECTION('',(0.,0.,1.));
#5265 = DIRECTION('',(1.,0.,-0.));
#5266 = DEFINITIONAL_REPRESENTATION('',(#5267),#5271);
#5267 = LINE('',#5268,#5269);
#5268 = CARTESIAN_POINT('',(0.,0.));
#5269 = VECTOR('',#5270,1.);
#5270 = DIRECTION('',(0.,1.));
#5271 = ( GEOMETRIC_REPRESENTATION_CONTEXT(2) 
PARAMETRIC_REPRESENTATION_CONTEXT() REPRESENTATION_CONTEXT('2D SPACE',''
  ) );
#5272 = ADVANCED_FACE('',(#5273),#5287,.T.);
#5273 = FACE_BOUND('',#5274,.T.);
#5274 = EDGE_LOOP('',(#5275,#5305,#5328,#5351));
#5275 = ORIENTED_EDGE('',*,*,#5276,.F.);
#5276 = EDGE_CURVE('',#5277,#5279,#5281,.T.);
#5277 = VERTEX_POINT('',#5278);
#5278 = CARTESIAN_POINT('',(15.,2.,1.6));
#5279 = VERTEX_POINT('',#5280);
#5280 = CARTESIAN_POINT('',(15.,2.,1.9));
#5281 = SURFACE_CURVE('',#5282,(#5286,#5298),.PCURVE_S1.);
#5282 = LINE('',#5283,#5284);
#5283 = CARTESIAN_POINT('',(15.,2.,1.6));
#5284 = VECTOR('',#5285,1.);
#5285 = DIRECTION('',(0.,0.,1.));
#5286 = PCURVE('',#5287,#5292);
#5287 = PLANE('',#5288);
#5288 = AXIS2_PLACEMENT_3D('',#5289,#5290,#5291);
#5289 = CARTESIAN_POINT('',(15.,2.,1.6));
#5290 = DIRECTION('',(1.,0.,-0.));
#5291 = DIRECTION('',(0.,0.,1.));
#5292 = DEFINITIONAL_REPRESENTATION('',(#5293),#5297);
#5293 = LINE('',#5294,#5295);
#5294 = CARTESIAN_POINT('',(0.,0.));
#5295 = VECTOR('',#5296,1.);
#5296 = DIRECTION('',(1.,0.));
#5297 = ( GEOMETRIC_REPRESENTATION_CONTEXT(2) 
PARAMETRIC_REPRESENTATION_CONTEXT() REPRESENTATION_CONTEXT('2D SPACE',''
  ) );
#5298 = PCURVE('',#5179,#5299);
#5299 = DEFINITIONAL_REPRESENTATION('',(#5300),#5304);
#5300 = LINE('',#5301,#5302);
#5301 = CARTESIAN_POINT('',(0.,2.5));
#5302 = VECTOR('',#5303,1.);
#5303 = DIRECTION('',(1.,0.));
#5304 = ( GEOMETRIC_REPRESENTATION_CONTEXT(2) 
PARAMETRIC_REPRESENTATION_CONTEXT() REPRESENTATION_CONTEXT('2D SPACE',''
  ) );
#5305 = ORIENTED_EDGE('',*,*,#5306,.T.);
#5306 = EDGE_CURVE('',#5277,#5307,#5309,.T.);
#5307 = VERTEX_POINT('',#5308);
#5308 = CARTESIAN_POINT('',(15.,4.,1.6));
#5309 = SURFACE_CURVE('',#5310,(#5314,#5321),.PCURVE_S1.);
#5310 = LINE('',#5311,#5312);
#5311 = CARTESIAN_POINT('',(15.,2.,1.6));
#5312 = VECTOR('',#5313,1.);
#5313 = DIRECTION('',(-0.,1.,0.));
#5314 = PCURVE('',#5287,#5315);
#5315 = DEFINITIONAL_REPRESENTATION('',(#5316),#5320);
#5316 = LINE('',#5317,#5318);
#5317 = CARTESIAN_POINT('',(0.,0.));
#5318 = VECTOR('',#5319,1.);
#5319 = DIRECTION('',(0.,-1.));
#5320 = ( GEOMETRIC_REPRESENTATION_CONTEXT(2) 
PARAMETRIC_REPRESENTATION_CONTEXT() REPRESENTATION_CONTEXT('2D SPACE',''
  ) );
#5321 = PCURVE('',#5207,#5322);
#5322 = DEFINITIONAL_REPRESENTATION('',(#5323),#5327);
#5323 = LINE('',#5324,#5325);
#5324 = CARTESIAN_POINT('',(2.5,0.));
#5325 = VECTOR('',#5326,1.);
#5326 = DIRECTION('',(0.,1.));
#5327 = ( GEOMETRIC_REPRESENTATION_CONTEXT(2) 
PARAMETRIC_REPRESENTATION_CONTEXT() REPRESENTATION_CONTEXT('2D SPACE',''
  ) );
#5328 = ORIENTED_EDGE('',*,*,#5329,.T.);
#5329 = EDGE_CURVE('',#5307,#5330,#5332,.T.);
#5330 = VERTEX_POINT('',#5331);
#5331 = CARTESIAN_POINT('',(15.,4.,1.9));
#5332 = SURFACE_CURVE('',#5333,(#5337,#5344),.PCURVE_S1.);
#5333 = LINE('',#5334,#5335);
#5334 = CARTESIAN_POINT('',(15.,4.,1.6));
#5335 = VECTOR('',#5336,1.);
#5336 = DIRECTION('',(0.,0.,1.));
#5337 = PCURVE('',#5287,#5338);
#5338 = DEFINITIONAL_REPRESENTATION('',(#5339),#5343);
#5339 = LINE('',#5340,#5341);
#5340 = CARTESIAN_POINT('',(0.,-2.));
#5341 = VECTOR('',#5342,1.);
#5342 = DIRECTION('',(1.,0.));
#5343 = ( GEOMETRIC_REPRESENTATION_CONTEXT(2) 
PARAMETRIC_REPRESENTATION_CONTEXT() REPRESENTATION_CONTEXT('2D SPACE',''
  ) );
#5344 = PCURVE('',#5235,#5345);
#5345 = DEFINITIONAL_REPRESENTATION('',(#5346),#5350);
#5346 = LINE('',#5347,#5348);
#5347 = CARTESIAN_POINT('',(0.,2.5));
#5348 = VECTOR('',#5349,1.);
#5349 = DIRECTION('',(1.,0.));
#5350 = ( GEOMETRIC_REPRESENTATION_CONTEXT(2) 
PARAMETRIC_REPRESENTATION_CONTEXT() REPRESENTATION_CONTEXT('2D SPACE',''
  ) );
#5351 = ORIENTED_EDGE('',*,*,#5352,.F.);
#5352 = EDGE_CURVE('',#5279,#5330,#5353,.T.);
#5353 = SURFACE_CURVE('',#5354,(#5358,#5365),.PCURVE_S1.);
#5354 = LINE('',#5355,#5356);
#5355 = CARTESIAN_POINT('',(15.,2.,1.9));
#5356 = VECTOR('',#5357,1.);
#5357 = DIRECTION('',(-0.,1.,0.));
#5358 = PCURVE('',#5287,#5359);
#5359 = DEFINITIONAL_REPRESENTATION('',(#5360),#5364);
#5360 = LINE('',#5361,#5362);
#5361 = CARTESIAN_POINT('',(0.3,0.));
#5362 = VECTOR('',#5363,1.);
#5363 = DIRECTION('',(0.,-1.));
#5364 = ( GEOMETRIC_REPRESENTATION_CONTEXT(2) 
PARAMETRIC_REPRESENTATION_CONTEXT() REPRESENTATION_CONTEXT('2D SPACE',''
  ) );
#5365 = PCURVE('',#5261,#5366);
#5366 = DEFINITIONAL_REPRESENTATION('',(#5367),#5371);
#5367 = LINE('',#5368,#5369);
#5368 = CARTESIAN_POINT('',(2.5,0.));
#5369 = VECTOR('',#5370,1.);
#5370 = DIRECTION('',(0.,1.));
#5371 = ( GEOMETRIC_REPRESENTATION_CONTEXT(2) 
PARAMETRIC_REPRESENTATION_CONTEXT() REPRESENTATION_CONTEXT('2D SPACE',''
  ) );
#5372 = ADVANCED_FACE('',(#5373),#5179,.F.);
#5373 = FACE_BOUND('',#5374,.F.);
#5374 = EDGE_LOOP('',(#5375,#5396,#5397,#5418));
#5375 = ORIENTED_EDGE('',*,*,#5376,.F.);
#5376 = EDGE_CURVE('',#5157,#5277,#5377,.T.);
#5377 = SURFACE_CURVE('',#5378,(#5382,#5389),.PCURVE_S1.);
#5378 = LINE('',#5379,#5380);
#5379 = CARTESIAN_POINT('',(12.5,2.,1.6));
#5380 = VECTOR('',#5381,1.);
#5381 = DIRECTION('',(1.,0.,-0.));
#5382 = PCURVE('',#5179,#5383);
#5383 = DEFINITIONAL_REPRESENTATION('',(#5384),#5388);
#5384 = LINE('',#5385,#5386);
#5385 = CARTESIAN_POINT('',(0.,0.));
#5386 = VECTOR('',#5387,1.);
#5387 = DIRECTION('',(0.,1.));
#5388 = ( GEOMETRIC_REPRESENTATION_CONTEXT(2) 
PARAMETRIC_REPRESENTATION_CONTEXT() REPRESENTATION_CONTEXT('2D SPACE',''
  ) );
#5389 = PCURVE('',#5207,#5390);
#5390 = DEFINITIONAL_REPRESENTATION('',(#5391),#5395);
#5391 = LINE('',#5392,#5393);
#5392 = CARTESIAN_POINT('',(0.,0.));
#5393 = VECTOR('',#5394,1.);
#5394 = DIRECTION('',(1.,0.));
#5395 = ( GEOMETRIC_REPRESENTATION_CONTEXT(2) 
PARAMETRIC_REPRESENTATION_CONTEXT() REPRESENTATION_CONTEXT('2D SPACE',''
  ) );
#5396 = ORIENTED_EDGE('',*,*,#5156,.T.);
#5397 = ORIENTED_EDGE('',*,*,#5398,.T.);
#5398 = EDGE_CURVE('',#5159,#5279,#5399,.T.);
#5399 = SURFACE_CURVE('',#5400,(#5404,#5411),.PCURVE_S1.);
#5400 = LINE('',#5401,#5402);
#5401 = CARTESIAN_POINT('',(12.5,2.,1.9));
#5402 = VECTOR('',#5403,1.);
#5403 = DIRECTION('',(1.,0.,-0.));
#5404 = PCURVE('',#5179,#5405);
#5405 = DEFINITIONAL_REPRESENTATION('',(#5406),#5410);
#5406 = LINE('',#5407,#5408);
#5407 = CARTESIAN_POINT('',(0.3,0.));
#5408 = VECTOR('',#5409,1.);
#5409 = DIRECTION('',(0.,1.));
#5410 = ( GEOMETRIC_REPRESENTATION_CONTEXT(2) 
PARAMETRIC_REPRESENTATION_CONTEXT() REPRESENTATION_CONTEXT('2D SPACE',''
  ) );
#5411 = PCURVE('',#5261,#5412);
#5412 = DEFINITIONAL_REPRESENTATION('',(#5413),#5417);
#5413 = LINE('',#5414,#5415);
#5414 = CARTESIAN_POINT('',(0.,0.));
#5415 = VECTOR('',#5416,1.);
#5416 = DIRECTION('',(1.,0.));
#5417 = ( GEOMETRIC_REPRESENTATION_CONTEXT(2) 
PARAMETRIC_REPRESENTATION_CONTEXT() REPRESENTATION_CONTEXT('2D SPACE',''
  ) );
#5418 = ORIENTED_EDGE('',*,*,#5276,.F.);
#5419 = ADVANCED_FACE('',(#5420),#5235,.T.);
#5420 = FACE_BOUND('',#5421,.T.);
#5421 = EDGE_LOOP('',(#5422,#5443,#5444,#5465));
#5422 = ORIENTED_EDGE('',*,*,#5423,.F.);
#5423 = EDGE_CURVE('',#5192,#5307,#5424,.T.);
#5424 = SURFACE_CURVE('',#5425,(#5429,#5436),.PCURVE_S1.);
#5425 = LINE('',#5426,#5427);
#5426 = CARTESIAN_POINT('',(12.5,4.,1.6));
#5427 = VECTOR('',#5428,1.);
#5428 = DIRECTION('',(1.,0.,-0.));
#5429 = PCURVE('',#5235,#5430);
#5430 = DEFINITIONAL_REPRESENTATION('',(#5431),#5435);
#5431 = LINE('',#5432,#5433);
#5432 = CARTESIAN_POINT('',(0.,0.));
#5433 = VECTOR('',#5434,1.);
#5434 = DIRECTION('',(0.,1.));
#5435 = ( GEOMETRIC_REPRESENTATION_CONTEXT(2) 
PARAMETRIC_REPRESENTATION_CONTEXT() REPRESENTATION_CONTEXT('2D SPACE',''
  ) );
#5436 = PCURVE('',#5207,#5437);
#5437 = DEFINITIONAL_REPRESENTATION('',(#5438),#5442);
#5438 = LINE('',#5439,#5440);
#5439 = CARTESIAN_POINT('',(0.,2.));
#5440 = VECTOR('',#5441,1.);
#5441 = DIRECTION('',(1.,0.));
#5442 = ( GEOMETRIC_REPRESENTATION_CONTEXT(2) 
PARAMETRIC_REPRESENTATION_CONTEXT() REPRESENTATION_CONTEXT('2D SPACE',''
  ) );
#5443 = ORIENTED_EDGE('',*,*,#5219,.T.);
#5444 = ORIENTED_EDGE('',*,*,#5445,.T.);
#5445 = EDGE_CURVE('',#5220,#5330,#5446,.T.);
#5446 = SURFACE_CURVE('',#5447,(#5451,#5458),.PCURVE_S1.);
#5447 = LINE('',#5448,#5449);
#5448 = CARTESIAN_POINT('',(12.5,4.,1.9));
#5449 = VECTOR('',#5450,1.);
#5450 = DIRECTION('',(1.,0.,-0.));
#5451 = PCURVE('',#5235,#5452);
#5452 = DEFINITIONAL_REPRESENTATION('',(#5453),#5457);
#5453 = LINE('',#5454,#5455);
#5454 = CARTESIAN_POINT('',(0.3,0.));
#5455 = VECTOR('',#5456,1.);
#5456 = DIRECTION('',(0.,1.));
#5457 = ( GEOMETRIC_REPRESENTATION_CONTEXT(2) 
PARAMETRIC_REPRESENTATION_CONTEXT() REPRESENTATION_CONTEXT('2D SPACE',''
  ) );
#5458 = PCURVE('',#5261,#5459);
#5459 = DEFINITIONAL_REPRESENTATION('',(#5460),#5464);
#5460 = LINE('',#5461,#5462);
#5461 = CARTESIAN_POINT('',(0.,2.));
#5462 = VECTOR('',#5463,1.);
#5463 = DIRECTION('',(1.,0.));
#5464 = ( GEOMETRIC_REPRESENTATION_CONTEXT(2) 
PARAMETRIC_REPRESENTATION_CONTEXT() REPRESENTATION_CONTEXT('2D SPACE',''
  ) );
#5465 = ORIENTED_EDGE('',*,*,#5329,.F.);
#5466 = ADVANCED_FACE('',(#5467),#5207,.F.);
#5467 = FACE_BOUND('',#5468,.F.);
#5468 = EDGE_LOOP('',(#5469,#5470,#5471,#5472));
#5469 = ORIENTED_EDGE('',*,*,#5191,.F.);
#5470 = ORIENTED_EDGE('',*,*,#5376,.T.);
#5471 = ORIENTED_EDGE('',*,*,#5306,.T.);
#5472 = ORIENTED_EDGE('',*,*,#5423,.F.);
#5473 = ADVANCED_FACE('',(#5474),#5261,.T.);
#5474 = FACE_BOUND('',#5475,.T.);
#5475 = EDGE_LOOP('',(#5476,#5477,#5478,#5479));
#5476 = ORIENTED_EDGE('',*,*,#5247,.F.);
#5477 = ORIENTED_EDGE('',*,*,#5398,.T.);
#5478 = ORIENTED_EDGE('',*,*,#5352,.T.);
#5479 = ORIENTED_EDGE('',*,*,#5445,.F.);
#5480 = ( GEOMETRIC_REPRESENTATION_CONTEXT(3) 
GLOBAL_UNCERTAINTY_ASSIGNED_CONTEXT((#5484)) 
GLOBAL_UNIT_ASSIGNED_CONTEXT((#5481,#5482,#5483)) REPRESENTATION_CONTEXT
('Context #1','3D Context with UNIT and UNCERTAINTY') );
#5481 = ( LENGTH_UNIT() NAMED_UNIT(*) SI_UNIT(.MILLI.,.METRE.) );
#5482 = ( NAMED_UNIT(*) PLANE_ANGLE_UNIT() SI_UNIT($,.RADIAN.) );
#5483 = ( NAMED_UNIT(*) SI_UNIT($,.STERADIAN.) SOLID_ANGLE_UNIT() );
#5484 = UNCERTAINTY_MEASURE_WITH_UNIT(LENGTH_MEASURE(1.E-07),#5481,
  'distance_accuracy_value','confusion accuracy');
#5485 = CONTEXT_DEPENDENT_SHAPE_REPRESENTATION(#5486,#5488);
#5486 = ( REPRESENTATION_RELATIONSHIP('','',#4489,#10) 
REPRESENTATION_RELATIONSHIP_WITH_TRANSFORMATION(#5487) 
SHAPE_REPRESENTATION_RELATIONSHIP() );
#5487 = ITEM_DEFINED_TRANSFORMATION('','',#11,#35);
#5488 = PRODUCT_DEFINITION_SHAPE('Placement','Placement of an item',
  #5489);
#5489 = NEXT_ASSEMBLY_USAGE_OCCURRENCE('24','motor_4_pads','',#5,#4484,$
  );
#5490 = PRODUCT_RELATED_PRODUCT_CATEGORY('part',$,(#4486));
#5491 = SHAPE_DEFINITION_REPRESENTATION(#5492,#5498);
#5492 = PRODUCT_DEFINITION_SHAPE('','',#5493);
#5493 = PRODUCT_DEFINITION('design','',#5494,#5497);
#5494 = PRODUCT_DEFINITION_FORMATION('','',#5495);
#5495 = PRODUCT('battery_pads','battery_pads','',(#5496));
#5496 = PRODUCT_CONTEXT('',#2,'mechanical');
#5497 = PRODUCT_DEFINITION_CONTEXT('part definition',#2,'design');
#5498 = SHAPE_REPRESENTATION('',(#11,#5499,#5829),#6159);
#5499 = MANIFOLD_SOLID_BREP('',#5500);
#5500 = CLOSED_SHELL('',(#5501,#5621,#5721,#5768,#5815,#5822));
#5501 = ADVANCED_FACE('',(#5502),#5516,.F.);
#5502 = FACE_BOUND('',#5503,.F.);
#5503 = EDGE_LOOP('',(#5504,#5539,#5567,#5595));
#5504 = ORIENTED_EDGE('',*,*,#5505,.F.);
#5505 = EDGE_CURVE('',#5506,#5508,#5510,.T.);
#5506 = VERTEX_POINT('',#5507);
#5507 = CARTESIAN_POINT('',(1.5,-15.5,1.6));
#5508 = VERTEX_POINT('',#5509);
#5509 = CARTESIAN_POINT('',(1.5,-15.5,1.9));
#5510 = SURFACE_CURVE('',#5511,(#5515,#5527),.PCURVE_S1.);
#5511 = LINE('',#5512,#5513);
#5512 = CARTESIAN_POINT('',(1.5,-15.5,1.6));
#5513 = VECTOR('',#5514,1.);
#5514 = DIRECTION('',(0.,0.,1.));
#5515 = PCURVE('',#5516,#5521);
#5516 = PLANE('',#5517);
#5517 = AXIS2_PLACEMENT_3D('',#5518,#5519,#5520);
#5518 = CARTESIAN_POINT('',(1.5,-15.5,1.6));
#5519 = DIRECTION('',(1.,0.,-0.));
#5520 = DIRECTION('',(0.,0.,1.));
#5521 = DEFINITIONAL_REPRESENTATION('',(#5522),#5526);
#5522 = LINE('',#5523,#5524);
#5523 = CARTESIAN_POINT('',(0.,0.));
#5524 = VECTOR('',#5525,1.);
#5525 = DIRECTION('',(1.,0.));
#5526 = ( GEOMETRIC_REPRESENTATION_CONTEXT(2) 
PARAMETRIC_REPRESENTATION_CONTEXT() REPRESENTATION_CONTEXT('2D SPACE',''
  ) );
#5527 = PCURVE('',#5528,#5533);
#5528 = PLANE('',#5529);
#5529 = AXIS2_PLACEMENT_3D('',#5530,#5531,#5532);
#5530 = CARTESIAN_POINT('',(1.5,-15.5,1.6));
#5531 = DIRECTION('',(-0.,1.,0.));
#5532 = DIRECTION('',(0.,0.,1.));
#5533 = DEFINITIONAL_REPRESENTATION('',(#5534),#5538);
#5534 = LINE('',#5535,#5536);
#5535 = CARTESIAN_POINT('',(0.,0.));
#5536 = VECTOR('',#5537,1.);
#5537 = DIRECTION('',(1.,0.));
#5538 = ( GEOMETRIC_REPRESENTATION_CONTEXT(2) 
PARAMETRIC_REPRESENTATION_CONTEXT() REPRESENTATION_CONTEXT('2D SPACE',''
  ) );
#5539 = ORIENTED_EDGE('',*,*,#5540,.T.);
#5540 = EDGE_CURVE('',#5506,#5541,#5543,.T.);
#5541 = VERTEX_POINT('',#5542);
#5542 = CARTESIAN_POINT('',(1.5,-12.5,1.6));
#5543 = SURFACE_CURVE('',#5544,(#5548,#5555),.PCURVE_S1.);
#5544 = LINE('',#5545,#5546);
#5545 = CARTESIAN_POINT('',(1.5,-15.5,1.6));
#5546 = VECTOR('',#5547,1.);
#5547 = DIRECTION('',(-0.,1.,0.));
#5548 = PCURVE('',#5516,#5549);
#5549 = DEFINITIONAL_REPRESENTATION('',(#5550),#5554);
#5550 = LINE('',#5551,#5552);
#5551 = CARTESIAN_POINT('',(0.,0.));
#5552 = VECTOR('',#5553,1.);
#5553 = DIRECTION('',(0.,-1.));
#5554 = ( GEOMETRIC_REPRESENTATION_CONTEXT(2) 
PARAMETRIC_REPRESENTATION_CONTEXT() REPRESENTATION_CONTEXT('2D SPACE',''
  ) );
#5555 = PCURVE('',#5556,#5561);
#5556 = PLANE('',#5557);
#5557 = AXIS2_PLACEMENT_3D('',#5558,#5559,#5560);
#5558 = CARTESIAN_POINT('',(1.5,-15.5,1.6));
#5559 = DIRECTION('',(0.,0.,1.));
#5560 = DIRECTION('',(1.,0.,-0.));
#5561 = DEFINITIONAL_REPRESENTATION('',(#5562),#5566);
#5562 = LINE('',#5563,#5564);
#5563 = CARTESIAN_POINT('',(0.,0.));
#5564 = VECTOR('',#5565,1.);
#5565 = DIRECTION('',(0.,1.));
#5566 = ( GEOMETRIC_REPRESENTATION_CONTEXT(2) 
PARAMETRIC_REPRESENTATION_CONTEXT() REPRESENTATION_CONTEXT('2D SPACE',''
  ) );
#5567 = ORIENTED_EDGE('',*,*,#5568,.T.);
#5568 = EDGE_CURVE('',#5541,#5569,#5571,.T.);
#5569 = VERTEX_POINT('',#5570);
#5570 = CARTESIAN_POINT('',(1.5,-12.5,1.9));
#5571 = SURFACE_CURVE('',#5572,(#5576,#5583),.PCURVE_S1.);
#5572 = LINE('',#5573,#5574);
#5573 = CARTESIAN_POINT('',(1.5,-12.5,1.6));
#5574 = VECTOR('',#5575,1.);
#5575 = DIRECTION('',(0.,0.,1.));
#5576 = PCURVE('',#5516,#5577);
#5577 = DEFINITIONAL_REPRESENTATION('',(#5578),#5582);
#5578 = LINE('',#5579,#5580);
#5579 = CARTESIAN_POINT('',(0.,-3.));
#5580 = VECTOR('',#5581,1.);
#5581 = DIRECTION('',(1.,0.));
#5582 = ( GEOMETRIC_REPRESENTATION_CONTEXT(2) 
PARAMETRIC_REPRESENTATION_CONTEXT() REPRESENTATION_CONTEXT('2D SPACE',''
  ) );
#5583 = PCURVE('',#5584,#5589);
#5584 = PLANE('',#5585);
#5585 = AXIS2_PLACEMENT_3D('',#5586,#5587,#5588);
#5586 = CARTESIAN_POINT('',(1.5,-12.5,1.6));
#5587 = DIRECTION('',(-0.,1.,0.));
#5588 = DIRECTION('',(0.,0.,1.));
#5589 = DEFINITIONAL_REPRESENTATION('',(#5590),#5594);
#5590 = LINE('',#5591,#5592);
#5591 = CARTESIAN_POINT('',(0.,0.));
#5592 = VECTOR('',#5593,1.);
#5593 = DIRECTION('',(1.,0.));
#5594 = ( GEOMETRIC_REPRESENTATION_CONTEXT(2) 
PARAMETRIC_REPRESENTATION_CONTEXT() REPRESENTATION_CONTEXT('2D SPACE',''
  ) );
#5595 = ORIENTED_EDGE('',*,*,#5596,.F.);
#5596 = EDGE_CURVE('',#5508,#5569,#5597,.T.);
#5597 = SURFACE_CURVE('',#5598,(#5602,#5609),.PCURVE_S1.);
#5598 = LINE('',#5599,#5600);
#5599 = CARTESIAN_POINT('',(1.5,-15.5,1.9));
#5600 = VECTOR('',#5601,1.);
#5601 = DIRECTION('',(-0.,1.,0.));
#5602 = PCURVE('',#5516,#5603);
#5603 = DEFINITIONAL_REPRESENTATION('',(#5604),#5608);
#5604 = LINE('',#5605,#5606);
#5605 = CARTESIAN_POINT('',(0.3,0.));
#5606 = VECTOR('',#5607,1.);
#5607 = DIRECTION('',(0.,-1.));
#5608 = ( GEOMETRIC_REPRESENTATION_CONTEXT(2) 
PARAMETRIC_REPRESENTATION_CONTEXT() REPRESENTATION_CONTEXT('2D SPACE',''
  ) );
#5609 = PCURVE('',#5610,#5615);
#5610 = PLANE('',#5611);
#5611 = AXIS2_PLACEMENT_3D('',#5612,#5613,#5614);
#5612 = CARTESIAN_POINT('',(1.5,-15.5,1.9));
#5613 = DIRECTION('',(0.,0.,1.));
#5614 = DIRECTION('',(1.,0.,-0.));
#5615 = DEFINITIONAL_REPRESENTATION('',(#5616),#5620);
#5616 = LINE('',#5617,#5618);
#5617 = CARTESIAN_POINT('',(0.,0.));
#5618 = VECTOR('',#5619,1.);
#5619 = DIRECTION('',(0.,1.));
#5620 = ( GEOMETRIC_REPRESENTATION_CONTEXT(2) 
PARAMETRIC_REPRESENTATION_CONTEXT() REPRESENTATION_CONTEXT('2D SPACE',''
  ) );
#5621 = ADVANCED_FACE('',(#5622),#5636,.T.);
#5622 = FACE_BOUND('',#5623,.T.);
#5623 = EDGE_LOOP('',(#5624,#5654,#5677,#5700));
#5624 = ORIENTED_EDGE('',*,*,#5625,.F.);
#5625 = EDGE_CURVE('',#5626,#5628,#5630,.T.);
#5626 = VERTEX_POINT('',#5627);
#5627 = CARTESIAN_POINT('',(4.5,-15.5,1.6));
#5628 = VERTEX_POINT('',#5629);
#5629 = CARTESIAN_POINT('',(4.5,-15.5,1.9));
#5630 = SURFACE_CURVE('',#5631,(#5635,#5647),.PCURVE_S1.);
#5631 = LINE('',#5632,#5633);
#5632 = CARTESIAN_POINT('',(4.5,-15.5,1.6));
#5633 = VECTOR('',#5634,1.);
#5634 = DIRECTION('',(0.,0.,1.));
#5635 = PCURVE('',#5636,#5641);
#5636 = PLANE('',#5637);
#5637 = AXIS2_PLACEMENT_3D('',#5638,#5639,#5640);
#5638 = CARTESIAN_POINT('',(4.5,-15.5,1.6));
#5639 = DIRECTION('',(1.,0.,-0.));
#5640 = DIRECTION('',(0.,0.,1.));
#5641 = DEFINITIONAL_REPRESENTATION('',(#5642),#5646);
#5642 = LINE('',#5643,#5644);
#5643 = CARTESIAN_POINT('',(0.,0.));
#5644 = VECTOR('',#5645,1.);
#5645 = DIRECTION('',(1.,0.));
#5646 = ( GEOMETRIC_REPRESENTATION_CONTEXT(2) 
PARAMETRIC_REPRESENTATION_CONTEXT() REPRESENTATION_CONTEXT('2D SPACE',''
  ) );
#5647 = PCURVE('',#5528,#5648);
#5648 = DEFINITIONAL_REPRESENTATION('',(#5649),#5653);
#5649 = LINE('',#5650,#5651);
#5650 = CARTESIAN_POINT('',(0.,3.));
#5651 = VECTOR('',#5652,1.);
#5652 = DIRECTION('',(1.,0.));
#5653 = ( GEOMETRIC_REPRESENTATION_CONTEXT(2) 
PARAMETRIC_REPRESENTATION_CONTEXT() REPRESENTATION_CONTEXT('2D SPACE',''
  ) );
#5654 = ORIENTED_EDGE('',*,*,#5655,.T.);
#5655 = EDGE_CURVE('',#5626,#5656,#5658,.T.);
#5656 = VERTEX_POINT('',#5657);
#5657 = CARTESIAN_POINT('',(4.5,-12.5,1.6));
#5658 = SURFACE_CURVE('',#5659,(#5663,#5670),.PCURVE_S1.);
#5659 = LINE('',#5660,#5661);
#5660 = CARTESIAN_POINT('',(4.5,-15.5,1.6));
#5661 = VECTOR('',#5662,1.);
#5662 = DIRECTION('',(-0.,1.,0.));
#5663 = PCURVE('',#5636,#5664);
#5664 = DEFINITIONAL_REPRESENTATION('',(#5665),#5669);
#5665 = LINE('',#5666,#5667);
#5666 = CARTESIAN_POINT('',(0.,0.));
#5667 = VECTOR('',#5668,1.);
#5668 = DIRECTION('',(0.,-1.));
#5669 = ( GEOMETRIC_REPRESENTATION_CONTEXT(2) 
PARAMETRIC_REPRESENTATION_CONTEXT() REPRESENTATION_CONTEXT('2D SPACE',''
  ) );
#5670 = PCURVE('',#5556,#5671);
#5671 = DEFINITIONAL_REPRESENTATION('',(#5672),#5676);
#5672 = LINE('',#5673,#5674);
#5673 = CARTESIAN_POINT('',(3.,0.));
#5674 = VECTOR('',#5675,1.);
#5675 = DIRECTION('',(0.,1.));
#5676 = ( GEOMETRIC_REPRESENTATION_CONTEXT(2) 
PARAMETRIC_REPRESENTATION_CONTEXT() REPRESENTATION_CONTEXT('2D SPACE',''
  ) );
#5677 = ORIENTED_EDGE('',*,*,#5678,.T.);
#5678 = EDGE_CURVE('',#5656,#5679,#5681,.T.);
#5679 = VERTEX_POINT('',#5680);
#5680 = CARTESIAN_POINT('',(4.5,-12.5,1.9));
#5681 = SURFACE_CURVE('',#5682,(#5686,#5693),.PCURVE_S1.);
#5682 = LINE('',#5683,#5684);
#5683 = CARTESIAN_POINT('',(4.5,-12.5,1.6));
#5684 = VECTOR('',#5685,1.);
#5685 = DIRECTION('',(0.,0.,1.));
#5686 = PCURVE('',#5636,#5687);
#5687 = DEFINITIONAL_REPRESENTATION('',(#5688),#5692);
#5688 = LINE('',#5689,#5690);
#5689 = CARTESIAN_POINT('',(0.,-3.));
#5690 = VECTOR('',#5691,1.);
#5691 = DIRECTION('',(1.,0.));
#5692 = ( GEOMETRIC_REPRESENTATION_CONTEXT(2) 
PARAMETRIC_REPRESENTATION_CONTEXT() REPRESENTATION_CONTEXT('2D SPACE',''
  ) );
#5693 = PCURVE('',#5584,#5694);
#5694 = DEFINITIONAL_REPRESENTATION('',(#5695),#5699);
#5695 = LINE('',#5696,#5697);
#5696 = CARTESIAN_POINT('',(0.,3.));
#5697 = VECTOR('',#5698,1.);
#5698 = DIRECTION('',(1.,0.));
#5699 = ( GEOMETRIC_REPRESENTATION_CONTEXT(2) 
PARAMETRIC_REPRESENTATION_CONTEXT() REPRESENTATION_CONTEXT('2D SPACE',''
  ) );
#5700 = ORIENTED_EDGE('',*,*,#5701,.F.);
#5701 = EDGE_CURVE('',#5628,#5679,#5702,.T.);
#5702 = SURFACE_CURVE('',#5703,(#5707,#5714),.PCURVE_S1.);
#5703 = LINE('',#5704,#5705);
#5704 = CARTESIAN_POINT('',(4.5,-15.5,1.9));
#5705 = VECTOR('',#5706,1.);
#5706 = DIRECTION('',(-0.,1.,0.));
#5707 = PCURVE('',#5636,#5708);
#5708 = DEFINITIONAL_REPRESENTATION('',(#5709),#5713);
#5709 = LINE('',#5710,#5711);
#5710 = CARTESIAN_POINT('',(0.3,0.));
#5711 = VECTOR('',#5712,1.);
#5712 = DIRECTION('',(0.,-1.));
#5713 = ( GEOMETRIC_REPRESENTATION_CONTEXT(2) 
PARAMETRIC_REPRESENTATION_CONTEXT() REPRESENTATION_CONTEXT('2D SPACE',''
  ) );
#5714 = PCURVE('',#5610,#5715);
#5715 = DEFINITIONAL_REPRESENTATION('',(#5716),#5720);
#5716 = LINE('',#5717,#5718);
#5717 = CARTESIAN_POINT('',(3.,0.));
#5718 = VECTOR('',#5719,1.);
#5719 = DIRECTION('',(0.,1.));
#5720 = ( GEOMETRIC_REPRESENTATION_CONTEXT(2) 
PARAMETRIC_REPRESENTATION_CONTEXT() REPRESENTATION_CONTEXT('2D SPACE',''
  ) );
#5721 = ADVANCED_FACE('',(#5722),#5528,.F.);
#5722 = FACE_BOUND('',#5723,.F.);
#5723 = EDGE_LOOP('',(#5724,#5745,#5746,#5767));
#5724 = ORIENTED_EDGE('',*,*,#5725,.F.);
#5725 = EDGE_CURVE('',#5506,#5626,#5726,.T.);
#5726 = SURFACE_CURVE('',#5727,(#5731,#5738),.PCURVE_S1.);
#5727 = LINE('',#5728,#5729);
#5728 = CARTESIAN_POINT('',(1.5,-15.5,1.6));
#5729 = VECTOR('',#5730,1.);
#5730 = DIRECTION('',(1.,0.,-0.));
#5731 = PCURVE('',#5528,#5732);
#5732 = DEFINITIONAL_REPRESENTATION('',(#5733),#5737);
#5733 = LINE('',#5734,#5735);
#5734 = CARTESIAN_POINT('',(0.,0.));
#5735 = VECTOR('',#5736,1.);
#5736 = DIRECTION('',(0.,1.));
#5737 = ( GEOMETRIC_REPRESENTATION_CONTEXT(2) 
PARAMETRIC_REPRESENTATION_CONTEXT() REPRESENTATION_CONTEXT('2D SPACE',''
  ) );
#5738 = PCURVE('',#5556,#5739);
#5739 = DEFINITIONAL_REPRESENTATION('',(#5740),#5744);
#5740 = LINE('',#5741,#5742);
#5741 = CARTESIAN_POINT('',(0.,0.));
#5742 = VECTOR('',#5743,1.);
#5743 = DIRECTION('',(1.,0.));
#5744 = ( GEOMETRIC_REPRESENTATION_CONTEXT(2) 
PARAMETRIC_REPRESENTATION_CONTEXT() REPRESENTATION_CONTEXT('2D SPACE',''
  ) );
#5745 = ORIENTED_EDGE('',*,*,#5505,.T.);
#5746 = ORIENTED_EDGE('',*,*,#5747,.T.);
#5747 = EDGE_CURVE('',#5508,#5628,#5748,.T.);
#5748 = SURFACE_CURVE('',#5749,(#5753,#5760),.PCURVE_S1.);
#5749 = LINE('',#5750,#5751);
#5750 = CARTESIAN_POINT('',(1.5,-15.5,1.9));
#5751 = VECTOR('',#5752,1.);
#5752 = DIRECTION('',(1.,0.,-0.));
#5753 = PCURVE('',#5528,#5754);
#5754 = DEFINITIONAL_REPRESENTATION('',(#5755),#5759);
#5755 = LINE('',#5756,#5757);
#5756 = CARTESIAN_POINT('',(0.3,0.));
#5757 = VECTOR('',#5758,1.);
#5758 = DIRECTION('',(0.,1.));
#5759 = ( GEOMETRIC_REPRESENTATION_CONTEXT(2) 
PARAMETRIC_REPRESENTATION_CONTEXT() REPRESENTATION_CONTEXT('2D SPACE',''
  ) );
#5760 = PCURVE('',#5610,#5761);
#5761 = DEFINITIONAL_REPRESENTATION('',(#5762),#5766);
#5762 = LINE('',#5763,#5764);
#5763 = CARTESIAN_POINT('',(0.,0.));
#5764 = VECTOR('',#5765,1.);
#5765 = DIRECTION('',(1.,0.));
#5766 = ( GEOMETRIC_REPRESENTATION_CONTEXT(2) 
PARAMETRIC_REPRESENTATION_CONTEXT() REPRESENTATION_CONTEXT('2D SPACE',''
  ) );
#5767 = ORIENTED_EDGE('',*,*,#5625,.F.);
#5768 = ADVANCED_FACE('',(#5769),#5584,.T.);
#5769 = FACE_BOUND('',#5770,.T.);
#5770 = EDGE_LOOP('',(#5771,#5792,#5793,#5814));
#5771 = ORIENTED_EDGE('',*,*,#5772,.F.);
#5772 = EDGE_CURVE('',#5541,#5656,#5773,.T.);
#5773 = SURFACE_CURVE('',#5774,(#5778,#5785),.PCURVE_S1.);
#5774 = LINE('',#5775,#5776);
#5775 = CARTESIAN_POINT('',(1.5,-12.5,1.6));
#5776 = VECTOR('',#5777,1.);
#5777 = DIRECTION('',(1.,0.,-0.));
#5778 = PCURVE('',#5584,#5779);
#5779 = DEFINITIONAL_REPRESENTATION('',(#5780),#5784);
#5780 = LINE('',#5781,#5782);
#5781 = CARTESIAN_POINT('',(0.,0.));
#5782 = VECTOR('',#5783,1.);
#5783 = DIRECTION('',(0.,1.));
#5784 = ( GEOMETRIC_REPRESENTATION_CONTEXT(2) 
PARAMETRIC_REPRESENTATION_CONTEXT() REPRESENTATION_CONTEXT('2D SPACE',''
  ) );
#5785 = PCURVE('',#5556,#5786);
#5786 = DEFINITIONAL_REPRESENTATION('',(#5787),#5791);
#5787 = LINE('',#5788,#5789);
#5788 = CARTESIAN_POINT('',(0.,3.));
#5789 = VECTOR('',#5790,1.);
#5790 = DIRECTION('',(1.,0.));
#5791 = ( GEOMETRIC_REPRESENTATION_CONTEXT(2) 
PARAMETRIC_REPRESENTATION_CONTEXT() REPRESENTATION_CONTEXT('2D SPACE',''
  ) );
#5792 = ORIENTED_EDGE('',*,*,#5568,.T.);
#5793 = ORIENTED_EDGE('',*,*,#5794,.T.);
#5794 = EDGE_CURVE('',#5569,#5679,#5795,.T.);
#5795 = SURFACE_CURVE('',#5796,(#5800,#5807),.PCURVE_S1.);
#5796 = LINE('',#5797,#5798);
#5797 = CARTESIAN_POINT('',(1.5,-12.5,1.9));
#5798 = VECTOR('',#5799,1.);
#5799 = DIRECTION('',(1.,0.,-0.));
#5800 = PCURVE('',#5584,#5801);
#5801 = DEFINITIONAL_REPRESENTATION('',(#5802),#5806);
#5802 = LINE('',#5803,#5804);
#5803 = CARTESIAN_POINT('',(0.3,0.));
#5804 = VECTOR('',#5805,1.);
#5805 = DIRECTION('',(0.,1.));
#5806 = ( GEOMETRIC_REPRESENTATION_CONTEXT(2) 
PARAMETRIC_REPRESENTATION_CONTEXT() REPRESENTATION_CONTEXT('2D SPACE',''
  ) );
#5807 = PCURVE('',#5610,#5808);
#5808 = DEFINITIONAL_REPRESENTATION('',(#5809),#5813);
#5809 = LINE('',#5810,#5811);
#5810 = CARTESIAN_POINT('',(0.,3.));
#5811 = VECTOR('',#5812,1.);
#5812 = DIRECTION('',(1.,0.));
#5813 = ( GEOMETRIC_REPRESENTATION_CONTEXT(2) 
PARAMETRIC_REPRESENTATION_CONTEXT() REPRESENTATION_CONTEXT('2D SPACE',''
  ) );
#5814 = ORIENTED_EDGE('',*,*,#5678,.F.);
#5815 = ADVANCED_FACE('',(#5816),#5556,.F.);
#5816 = FACE_BOUND('',#5817,.F.);
#5817 = EDGE_LOOP('',(#5818,#5819,#5820,#5821));
#5818 = ORIENTED_EDGE('',*,*,#5540,.F.);
#5819 = ORIENTED_EDGE('',*,*,#5725,.T.);
#5820 = ORIENTED_EDGE('',*,*,#5655,.T.);
#5821 = ORIENTED_EDGE('',*,*,#5772,.F.);
#5822 = ADVANCED_FACE('',(#5823),#5610,.T.);
#5823 = FACE_BOUND('',#5824,.T.);
#5824 = EDGE_LOOP('',(#5825,#5826,#5827,#5828));
#5825 = ORIENTED_EDGE('',*,*,#5596,.F.);
#5826 = ORIENTED_EDGE('',*,*,#5747,.T.);
#5827 = ORIENTED_EDGE('',*,*,#5701,.T.);
#5828 = ORIENTED_EDGE('',*,*,#5794,.F.);
#5829 = MANIFOLD_SOLID_BREP('',#5830);
#5830 = CLOSED_SHELL('',(#5831,#5951,#6051,#6098,#6145,#6152));
#5831 = ADVANCED_FACE('',(#5832),#5846,.F.);
#5832 = FACE_BOUND('',#5833,.F.);
#5833 = EDGE_LOOP('',(#5834,#5869,#5897,#5925));
#5834 = ORIENTED_EDGE('',*,*,#5835,.F.);
#5835 = EDGE_CURVE('',#5836,#5838,#5840,.T.);
#5836 = VERTEX_POINT('',#5837);
#5837 = CARTESIAN_POINT('',(-4.5,-15.5,1.6));
#5838 = VERTEX_POINT('',#5839);
#5839 = CARTESIAN_POINT('',(-4.5,-15.5,1.9));
#5840 = SURFACE_CURVE('',#5841,(#5845,#5857),.PCURVE_S1.);
#5841 = LINE('',#5842,#5843);
#5842 = CARTESIAN_POINT('',(-4.5,-15.5,1.6));
#5843 = VECTOR('',#5844,1.);
#5844 = DIRECTION('',(0.,0.,1.));
#5845 = PCURVE('',#5846,#5851);
#5846 = PLANE('',#5847);
#5847 = AXIS2_PLACEMENT_3D('',#5848,#5849,#5850);
#5848 = CARTESIAN_POINT('',(-4.5,-15.5,1.6));
#5849 = DIRECTION('',(1.,0.,-0.));
#5850 = DIRECTION('',(0.,0.,1.));
#5851 = DEFINITIONAL_REPRESENTATION('',(#5852),#5856);
#5852 = LINE('',#5853,#5854);
#5853 = CARTESIAN_POINT('',(0.,0.));
#5854 = VECTOR('',#5855,1.);
#5855 = DIRECTION('',(1.,0.));
#5856 = ( GEOMETRIC_REPRESENTATION_CONTEXT(2) 
PARAMETRIC_REPRESENTATION_CONTEXT() REPRESENTATION_CONTEXT('2D SPACE',''
  ) );
#5857 = PCURVE('',#5858,#5863);
#5858 = PLANE('',#5859);
#5859 = AXIS2_PLACEMENT_3D('',#5860,#5861,#5862);
#5860 = CARTESIAN_POINT('',(-4.5,-15.5,1.6));
#5861 = DIRECTION('',(-0.,1.,0.));
#5862 = DIRECTION('',(0.,0.,1.));
#5863 = DEFINITIONAL_REPRESENTATION('',(#5864),#5868);
#5864 = LINE('',#5865,#5866);
#5865 = CARTESIAN_POINT('',(0.,0.));
#5866 = VECTOR('',#5867,1.);
#5867 = DIRECTION('',(1.,0.));
#5868 = ( GEOMETRIC_REPRESENTATION_CONTEXT(2) 
PARAMETRIC_REPRESENTATION_CONTEXT() REPRESENTATION_CONTEXT('2D SPACE',''
  ) );
#5869 = ORIENTED_EDGE('',*,*,#5870,.T.);
#5870 = EDGE_CURVE('',#5836,#5871,#5873,.T.);
#5871 = VERTEX_POINT('',#5872);
#5872 = CARTESIAN_POINT('',(-4.5,-12.5,1.6));
#5873 = SURFACE_CURVE('',#5874,(#5878,#5885),.PCURVE_S1.);
#5874 = LINE('',#5875,#5876);
#5875 = CARTESIAN_POINT('',(-4.5,-15.5,1.6));
#5876 = VECTOR('',#5877,1.);
#5877 = DIRECTION('',(-0.,1.,0.));
#5878 = PCURVE('',#5846,#5879);
#5879 = DEFINITIONAL_REPRESENTATION('',(#5880),#5884);
#5880 = LINE('',#5881,#5882);
#5881 = CARTESIAN_POINT('',(0.,0.));
#5882 = VECTOR('',#5883,1.);
#5883 = DIRECTION('',(0.,-1.));
#5884 = ( GEOMETRIC_REPRESENTATION_CONTEXT(2) 
PARAMETRIC_REPRESENTATION_CONTEXT() REPRESENTATION_CONTEXT('2D SPACE',''
  ) );
#5885 = PCURVE('',#5886,#5891);
#5886 = PLANE('',#5887);
#5887 = AXIS2_PLACEMENT_3D('',#5888,#5889,#5890);
#5888 = CARTESIAN_POINT('',(-4.5,-15.5,1.6));
#5889 = DIRECTION('',(0.,0.,1.));
#5890 = DIRECTION('',(1.,0.,-0.));
#5891 = DEFINITIONAL_REPRESENTATION('',(#5892),#5896);
#5892 = LINE('',#5893,#5894);
#5893 = CARTESIAN_POINT('',(0.,0.));
#5894 = VECTOR('',#5895,1.);
#5895 = DIRECTION('',(0.,1.));
#5896 = ( GEOMETRIC_REPRESENTATION_CONTEXT(2) 
PARAMETRIC_REPRESENTATION_CONTEXT() REPRESENTATION_CONTEXT('2D SPACE',''
  ) );
#5897 = ORIENTED_EDGE('',*,*,#5898,.T.);
#5898 = EDGE_CURVE('',#5871,#5899,#5901,.T.);
#5899 = VERTEX_POINT('',#5900);
#5900 = CARTESIAN_POINT('',(-4.5,-12.5,1.9));
#5901 = SURFACE_CURVE('',#5902,(#5906,#5913),.PCURVE_S1.);
#5902 = LINE('',#5903,#5904);
#5903 = CARTESIAN_POINT('',(-4.5,-12.5,1.6));
#5904 = VECTOR('',#5905,1.);
#5905 = DIRECTION('',(0.,0.,1.));
#5906 = PCURVE('',#5846,#5907);
#5907 = DEFINITIONAL_REPRESENTATION('',(#5908),#5912);
#5908 = LINE('',#5909,#5910);
#5909 = CARTESIAN_POINT('',(0.,-3.));
#5910 = VECTOR('',#5911,1.);
#5911 = DIRECTION('',(1.,0.));
#5912 = ( GEOMETRIC_REPRESENTATION_CONTEXT(2) 
PARAMETRIC_REPRESENTATION_CONTEXT() REPRESENTATION_CONTEXT('2D SPACE',''
  ) );
#5913 = PCURVE('',#5914,#5919);
#5914 = PLANE('',#5915);
#5915 = AXIS2_PLACEMENT_3D('',#5916,#5917,#5918);
#5916 = CARTESIAN_POINT('',(-4.5,-12.5,1.6));
#5917 = DIRECTION('',(-0.,1.,0.));
#5918 = DIRECTION('',(0.,0.,1.));
#5919 = DEFINITIONAL_REPRESENTATION('',(#5920),#5924);
#5920 = LINE('',#5921,#5922);
#5921 = CARTESIAN_POINT('',(0.,0.));
#5922 = VECTOR('',#5923,1.);
#5923 = DIRECTION('',(1.,0.));
#5924 = ( GEOMETRIC_REPRESENTATION_CONTEXT(2) 
PARAMETRIC_REPRESENTATION_CONTEXT() REPRESENTATION_CONTEXT('2D SPACE',''
  ) );
#5925 = ORIENTED_EDGE('',*,*,#5926,.F.);
#5926 = EDGE_CURVE('',#5838,#5899,#5927,.T.);
#5927 = SURFACE_CURVE('',#5928,(#5932,#5939),.PCURVE_S1.);
#5928 = LINE('',#5929,#5930);
#5929 = CARTESIAN_POINT('',(-4.5,-15.5,1.9));
#5930 = VECTOR('',#5931,1.);
#5931 = DIRECTION('',(-0.,1.,0.));
#5932 = PCURVE('',#5846,#5933);
#5933 = DEFINITIONAL_REPRESENTATION('',(#5934),#5938);
#5934 = LINE('',#5935,#5936);
#5935 = CARTESIAN_POINT('',(0.3,0.));
#5936 = VECTOR('',#5937,1.);
#5937 = DIRECTION('',(0.,-1.));
#5938 = ( GEOMETRIC_REPRESENTATION_CONTEXT(2) 
PARAMETRIC_REPRESENTATION_CONTEXT() REPRESENTATION_CONTEXT('2D SPACE',''
  ) );
#5939 = PCURVE('',#5940,#5945);
#5940 = PLANE('',#5941);
#5941 = AXIS2_PLACEMENT_3D('',#5942,#5943,#5944);
#5942 = CARTESIAN_POINT('',(-4.5,-15.5,1.9));
#5943 = DIRECTION('',(0.,0.,1.));
#5944 = DIRECTION('',(1.,0.,-0.));
#5945 = DEFINITIONAL_REPRESENTATION('',(#5946),#5950);
#5946 = LINE('',#5947,#5948);
#5947 = CARTESIAN_POINT('',(0.,0.));
#5948 = VECTOR('',#5949,1.);
#5949 = DIRECTION('',(0.,1.));
#5950 = ( GEOMETRIC_REPRESENTATION_CONTEXT(2) 
PARAMETRIC_REPRESENTATION_CONTEXT() REPRESENTATION_CONTEXT('2D SPACE',''
  ) );
#5951 = ADVANCED_FACE('',(#5952),#5966,.T.);
#5952 = FACE_BOUND('',#5953,.T.);
#5953 = EDGE_LOOP('',(#5954,#5984,#6007,#6030));
#5954 = ORIENTED_EDGE('',*,*,#5955,.F.);
#5955 = EDGE_CURVE('',#5956,#5958,#5960,.T.);
#5956 = VERTEX_POINT('',#5957);
#5957 = CARTESIAN_POINT('',(-1.5,-15.5,1.6));
#5958 = VERTEX_POINT('',#5959);
#5959 = CARTESIAN_POINT('',(-1.5,-15.5,1.9));
#5960 = SURFACE_CURVE('',#5961,(#5965,#5977),.PCURVE_S1.);
#5961 = LINE('',#5962,#5963);
#5962 = CARTESIAN_POINT('',(-1.5,-15.5,1.6));
#5963 = VECTOR('',#5964,1.);
#5964 = DIRECTION('',(0.,0.,1.));
#5965 = PCURVE('',#5966,#5971);
#5966 = PLANE('',#5967);
#5967 = AXIS2_PLACEMENT_3D('',#5968,#5969,#5970);
#5968 = CARTESIAN_POINT('',(-1.5,-15.5,1.6));
#5969 = DIRECTION('',(1.,0.,-0.));
#5970 = DIRECTION('',(0.,0.,1.));
#5971 = DEFINITIONAL_REPRESENTATION('',(#5972),#5976);
#5972 = LINE('',#5973,#5974);
#5973 = CARTESIAN_POINT('',(0.,0.));
#5974 = VECTOR('',#5975,1.);
#5975 = DIRECTION('',(1.,0.));
#5976 = ( GEOMETRIC_REPRESENTATION_CONTEXT(2) 
PARAMETRIC_REPRESENTATION_CONTEXT() REPRESENTATION_CONTEXT('2D SPACE',''
  ) );
#5977 = PCURVE('',#5858,#5978);
#5978 = DEFINITIONAL_REPRESENTATION('',(#5979),#5983);
#5979 = LINE('',#5980,#5981);
#5980 = CARTESIAN_POINT('',(0.,3.));
#5981 = VECTOR('',#5982,1.);
#5982 = DIRECTION('',(1.,0.));
#5983 = ( GEOMETRIC_REPRESENTATION_CONTEXT(2) 
PARAMETRIC_REPRESENTATION_CONTEXT() REPRESENTATION_CONTEXT('2D SPACE',''
  ) );
#5984 = ORIENTED_EDGE('',*,*,#5985,.T.);
#5985 = EDGE_CURVE('',#5956,#5986,#5988,.T.);
#5986 = VERTEX_POINT('',#5987);
#5987 = CARTESIAN_POINT('',(-1.5,-12.5,1.6));
#5988 = SURFACE_CURVE('',#5989,(#5993,#6000),.PCURVE_S1.);
#5989 = LINE('',#5990,#5991);
#5990 = CARTESIAN_POINT('',(-1.5,-15.5,1.6));
#5991 = VECTOR('',#5992,1.);
#5992 = DIRECTION('',(-0.,1.,0.));
#5993 = PCURVE('',#5966,#5994);
#5994 = DEFINITIONAL_REPRESENTATION('',(#5995),#5999);
#5995 = LINE('',#5996,#5997);
#5996 = CARTESIAN_POINT('',(0.,0.));
#5997 = VECTOR('',#5998,1.);
#5998 = DIRECTION('',(0.,-1.));
#5999 = ( GEOMETRIC_REPRESENTATION_CONTEXT(2) 
PARAMETRIC_REPRESENTATION_CONTEXT() REPRESENTATION_CONTEXT('2D SPACE',''
  ) );
#6000 = PCURVE('',#5886,#6001);
#6001 = DEFINITIONAL_REPRESENTATION('',(#6002),#6006);
#6002 = LINE('',#6003,#6004);
#6003 = CARTESIAN_POINT('',(3.,0.));
#6004 = VECTOR('',#6005,1.);
#6005 = DIRECTION('',(0.,1.));
#6006 = ( GEOMETRIC_REPRESENTATION_CONTEXT(2) 
PARAMETRIC_REPRESENTATION_CONTEXT() REPRESENTATION_CONTEXT('2D SPACE',''
  ) );
#6007 = ORIENTED_EDGE('',*,*,#6008,.T.);
#6008 = EDGE_CURVE('',#5986,#6009,#6011,.T.);
#6009 = VERTEX_POINT('',#6010);
#6010 = CARTESIAN_POINT('',(-1.5,-12.5,1.9));
#6011 = SURFACE_CURVE('',#6012,(#6016,#6023),.PCURVE_S1.);
#6012 = LINE('',#6013,#6014);
#6013 = CARTESIAN_POINT('',(-1.5,-12.5,1.6));
#6014 = VECTOR('',#6015,1.);
#6015 = DIRECTION('',(0.,0.,1.));
#6016 = PCURVE('',#5966,#6017);
#6017 = DEFINITIONAL_REPRESENTATION('',(#6018),#6022);
#6018 = LINE('',#6019,#6020);
#6019 = CARTESIAN_POINT('',(0.,-3.));
#6020 = VECTOR('',#6021,1.);
#6021 = DIRECTION('',(1.,0.));
#6022 = ( GEOMETRIC_REPRESENTATION_CONTEXT(2) 
PARAMETRIC_REPRESENTATION_CONTEXT() REPRESENTATION_CONTEXT('2D SPACE',''
  ) );
#6023 = PCURVE('',#5914,#6024);
#6024 = DEFINITIONAL_REPRESENTATION('',(#6025),#6029);
#6025 = LINE('',#6026,#6027);
#6026 = CARTESIAN_POINT('',(0.,3.));
#6027 = VECTOR('',#6028,1.);
#6028 = DIRECTION('',(1.,0.));
#6029 = ( GEOMETRIC_REPRESENTATION_CONTEXT(2) 
PARAMETRIC_REPRESENTATION_CONTEXT() REPRESENTATION_CONTEXT('2D SPACE',''
  ) );
#6030 = ORIENTED_EDGE('',*,*,#6031,.F.);
#6031 = EDGE_CURVE('',#5958,#6009,#6032,.T.);
#6032 = SURFACE_CURVE('',#6033,(#6037,#6044),.PCURVE_S1.);
#6033 = LINE('',#6034,#6035);
#6034 = CARTESIAN_POINT('',(-1.5,-15.5,1.9));
#6035 = VECTOR('',#6036,1.);
#6036 = DIRECTION('',(-0.,1.,0.));
#6037 = PCURVE('',#5966,#6038);
#6038 = DEFINITIONAL_REPRESENTATION('',(#6039),#6043);
#6039 = LINE('',#6040,#6041);
#6040 = CARTESIAN_POINT('',(0.3,0.));
#6041 = VECTOR('',#6042,1.);
#6042 = DIRECTION('',(0.,-1.));
#6043 = ( GEOMETRIC_REPRESENTATION_CONTEXT(2) 
PARAMETRIC_REPRESENTATION_CONTEXT() REPRESENTATION_CONTEXT('2D SPACE',''
  ) );
#6044 = PCURVE('',#5940,#6045);
#6045 = DEFINITIONAL_REPRESENTATION('',(#6046),#6050);
#6046 = LINE('',#6047,#6048);
#6047 = CARTESIAN_POINT('',(3.,0.));
#6048 = VECTOR('',#6049,1.);
#6049 = DIRECTION('',(0.,1.));
#6050 = ( GEOMETRIC_REPRESENTATION_CONTEXT(2) 
PARAMETRIC_REPRESENTATION_CONTEXT() REPRESENTATION_CONTEXT('2D SPACE',''
  ) );
#6051 = ADVANCED_FACE('',(#6052),#5858,.F.);
#6052 = FACE_BOUND('',#6053,.F.);
#6053 = EDGE_LOOP('',(#6054,#6075,#6076,#6097));
#6054 = ORIENTED_EDGE('',*,*,#6055,.F.);
#6055 = EDGE_CURVE('',#5836,#5956,#6056,.T.);
#6056 = SURFACE_CURVE('',#6057,(#6061,#6068),.PCURVE_S1.);
#6057 = LINE('',#6058,#6059);
#6058 = CARTESIAN_POINT('',(-4.5,-15.5,1.6));
#6059 = VECTOR('',#6060,1.);
#6060 = DIRECTION('',(1.,0.,-0.));
#6061 = PCURVE('',#5858,#6062);
#6062 = DEFINITIONAL_REPRESENTATION('',(#6063),#6067);
#6063 = LINE('',#6064,#6065);
#6064 = CARTESIAN_POINT('',(0.,0.));
#6065 = VECTOR('',#6066,1.);
#6066 = DIRECTION('',(0.,1.));
#6067 = ( GEOMETRIC_REPRESENTATION_CONTEXT(2) 
PARAMETRIC_REPRESENTATION_CONTEXT() REPRESENTATION_CONTEXT('2D SPACE',''
  ) );
#6068 = PCURVE('',#5886,#6069);
#6069 = DEFINITIONAL_REPRESENTATION('',(#6070),#6074);
#6070 = LINE('',#6071,#6072);
#6071 = CARTESIAN_POINT('',(0.,0.));
#6072 = VECTOR('',#6073,1.);
#6073 = DIRECTION('',(1.,0.));
#6074 = ( GEOMETRIC_REPRESENTATION_CONTEXT(2) 
PARAMETRIC_REPRESENTATION_CONTEXT() REPRESENTATION_CONTEXT('2D SPACE',''
  ) );
#6075 = ORIENTED_EDGE('',*,*,#5835,.T.);
#6076 = ORIENTED_EDGE('',*,*,#6077,.T.);
#6077 = EDGE_CURVE('',#5838,#5958,#6078,.T.);
#6078 = SURFACE_CURVE('',#6079,(#6083,#6090),.PCURVE_S1.);
#6079 = LINE('',#6080,#6081);
#6080 = CARTESIAN_POINT('',(-4.5,-15.5,1.9));
#6081 = VECTOR('',#6082,1.);
#6082 = DIRECTION('',(1.,0.,-0.));
#6083 = PCURVE('',#5858,#6084);
#6084 = DEFINITIONAL_REPRESENTATION('',(#6085),#6089);
#6085 = LINE('',#6086,#6087);
#6086 = CARTESIAN_POINT('',(0.3,0.));
#6087 = VECTOR('',#6088,1.);
#6088 = DIRECTION('',(0.,1.));
#6089 = ( GEOMETRIC_REPRESENTATION_CONTEXT(2) 
PARAMETRIC_REPRESENTATION_CONTEXT() REPRESENTATION_CONTEXT('2D SPACE',''
  ) );
#6090 = PCURVE('',#5940,#6091);
#6091 = DEFINITIONAL_REPRESENTATION('',(#6092),#6096);
#6092 = LINE('',#6093,#6094);
#6093 = CARTESIAN_POINT('',(0.,0.));
#6094 = VECTOR('',#6095,1.);
#6095 = DIRECTION('',(1.,0.));
#6096 = ( GEOMETRIC_REPRESENTATION_CONTEXT(2) 
PARAMETRIC_REPRESENTATION_CONTEXT() REPRESENTATION_CONTEXT('2D SPACE',''
  ) );
#6097 = ORIENTED_EDGE('',*,*,#5955,.F.);
#6098 = ADVANCED_FACE('',(#6099),#5914,.T.);
#6099 = FACE_BOUND('',#6100,.T.);
#6100 = EDGE_LOOP('',(#6101,#6122,#6123,#6144));
#6101 = ORIENTED_EDGE('',*,*,#6102,.F.);
#6102 = EDGE_CURVE('',#5871,#5986,#6103,.T.);
#6103 = SURFACE_CURVE('',#6104,(#6108,#6115),.PCURVE_S1.);
#6104 = LINE('',#6105,#6106);
#6105 = CARTESIAN_POINT('',(-4.5,-12.5,1.6));
#6106 = VECTOR('',#6107,1.);
#6107 = DIRECTION('',(1.,0.,-0.));
#6108 = PCURVE('',#5914,#6109);
#6109 = DEFINITIONAL_REPRESENTATION('',(#6110),#6114);
#6110 = LINE('',#6111,#6112);
#6111 = CARTESIAN_POINT('',(0.,0.));
#6112 = VECTOR('',#6113,1.);
#6113 = DIRECTION('',(0.,1.));
#6114 = ( GEOMETRIC_REPRESENTATION_CONTEXT(2) 
PARAMETRIC_REPRESENTATION_CONTEXT() REPRESENTATION_CONTEXT('2D SPACE',''
  ) );
#6115 = PCURVE('',#5886,#6116);
#6116 = DEFINITIONAL_REPRESENTATION('',(#6117),#6121);
#6117 = LINE('',#6118,#6119);
#6118 = CARTESIAN_POINT('',(0.,3.));
#6119 = VECTOR('',#6120,1.);
#6120 = DIRECTION('',(1.,0.));
#6121 = ( GEOMETRIC_REPRESENTATION_CONTEXT(2) 
PARAMETRIC_REPRESENTATION_CONTEXT() REPRESENTATION_CONTEXT('2D SPACE',''
  ) );
#6122 = ORIENTED_EDGE('',*,*,#5898,.T.);
#6123 = ORIENTED_EDGE('',*,*,#6124,.T.);
#6124 = EDGE_CURVE('',#5899,#6009,#6125,.T.);
#6125 = SURFACE_CURVE('',#6126,(#6130,#6137),.PCURVE_S1.);
#6126 = LINE('',#6127,#6128);
#6127 = CARTESIAN_POINT('',(-4.5,-12.5,1.9));
#6128 = VECTOR('',#6129,1.);
#6129 = DIRECTION('',(1.,0.,-0.));
#6130 = PCURVE('',#5914,#6131);
#6131 = DEFINITIONAL_REPRESENTATION('',(#6132),#6136);
#6132 = LINE('',#6133,#6134);
#6133 = CARTESIAN_POINT('',(0.3,0.));
#6134 = VECTOR('',#6135,1.);
#6135 = DIRECTION('',(0.,1.));
#6136 = ( GEOMETRIC_REPRESENTATION_CONTEXT(2) 
PARAMETRIC_REPRESENTATION_CONTEXT() REPRESENTATION_CONTEXT('2D SPACE',''
  ) );
#6137 = PCURVE('',#5940,#6138);
#6138 = DEFINITIONAL_REPRESENTATION('',(#6139),#6143);
#6139 = LINE('',#6140,#6141);
#6140 = CARTESIAN_POINT('',(0.,3.));
#6141 = VECTOR('',#6142,1.);
#6142 = DIRECTION('',(1.,0.));
#6143 = ( GEOMETRIC_REPRESENTATION_CONTEXT(2) 
PARAMETRIC_REPRESENTATION_CONTEXT() REPRESENTATION_CONTEXT('2D SPACE',''
  ) );
#6144 = ORIENTED_EDGE('',*,*,#6008,.F.);
#6145 = ADVANCED_FACE('',(#6146),#5886,.F.);
#6146 = FACE_BOUND('',#6147,.F.);
#6147 = EDGE_LOOP('',(#6148,#6149,#6150,#6151));
#6148 = ORIENTED_EDGE('',*,*,#5870,.F.);
#6149 = ORIENTED_EDGE('',*,*,#6055,.T.);
#6150 = ORIENTED_EDGE('',*,*,#5985,.T.);
#6151 = ORIENTED_EDGE('',*,*,#6102,.F.);
#6152 = ADVANCED_FACE('',(#6153),#5940,.T.);
#6153 = FACE_BOUND('',#6154,.T.);
#6154 = EDGE_LOOP('',(#6155,#6156,#6157,#6158));
#6155 = ORIENTED_EDGE('',*,*,#5926,.F.);
#6156 = ORIENTED_EDGE('',*,*,#6077,.T.);
#6157 = ORIENTED_EDGE('',*,*,#6031,.T.);
#6158 = ORIENTED_EDGE('',*,*,#6124,.F.);
#6159 = ( GEOMETRIC_REPRESENTATION_CONTEXT(3) 
GLOBAL_UNCERTAINTY_ASSIGNED_CONTEXT((#6163)) 
GLOBAL_UNIT_ASSIGNED_CONTEXT((#6160,#6161,#6162)) REPRESENTATION_CONTEXT
('Context #1','3D Context with UNIT and UNCERTAINTY') );
#6160 = ( LENGTH_UNIT() NAMED_UNIT(*) SI_UNIT(.MILLI.,.METRE.) );
#6161 = ( NAMED_UNIT(*) PLANE_ANGLE_UNIT() SI_UNIT($,.RADIAN.) );
#6162 = ( NAMED_UNIT(*) SI_UNIT($,.STERADIAN.) SOLID_ANGLE_UNIT() );
#6163 = UNCERTAINTY_MEASURE_WITH_UNIT(LENGTH_MEASURE(1.E-07),#6160,
  'distance_accuracy_value','confusion accuracy');
#6164 = CONTEXT_DEPENDENT_SHAPE_REPRESENTATION(#6165,#6167);
#6165 = ( REPRESENTATION_RELATIONSHIP('','',#5498,#10) 
REPRESENTATION_RELATIONSHIP_WITH_TRANSFORMATION(#6166) 
SHAPE_REPRESENTATION_RELATIONSHIP() );
#6166 = ITEM_DEFINED_TRANSFORMATION('','',#11,#39);
#6167 = PRODUCT_DEFINITION_SHAPE('Placement','Placement of an item',
  #6168);
#6168 = NEXT_ASSEMBLY_USAGE_OCCURRENCE('25','battery_pads','',#5,#5493,$
  );
#6169 = PRODUCT_RELATED_PRODUCT_CATEGORY('part',$,(#5495));
#6170 = SHAPE_DEFINITION_REPRESENTATION(#6171,#6177);
#6171 = PRODUCT_DEFINITION_SHAPE('','',#6172);
#6172 = PRODUCT_DEFINITION('design','',#6173,#6176);
#6173 = PRODUCT_DEFINITION_FORMATION('','',#6174);
#6174 = PRODUCT('fc_connector','fc_connector','',(#6175));
#6175 = PRODUCT_CONTEXT('',#2,'mechanical');
#6176 = PRODUCT_DEFINITION_CONTEXT('part definition',#2,'design');
#6177 = ADVANCED_BREP_SHAPE_REPRESENTATION('',(#11,#6178),#6508);
#6178 = MANIFOLD_SOLID_BREP('',#6179);
#6179 = CLOSED_SHELL('',(#6180,#6300,#6400,#6447,#6494,#6501));
#6180 = ADVANCED_FACE('',(#6181),#6195,.F.);
#6181 = FACE_BOUND('',#6182,.F.);
#6182 = EDGE_LOOP('',(#6183,#6218,#6246,#6274));
#6183 = ORIENTED_EDGE('',*,*,#6184,.F.);
#6184 = EDGE_CURVE('',#6185,#6187,#6189,.T.);
#6185 = VERTEX_POINT('',#6186);
#6186 = CARTESIAN_POINT('',(-6.2,10.875,1.6));
#6187 = VERTEX_POINT('',#6188);
#6188 = CARTESIAN_POINT('',(-6.2,10.875,4.5));
#6189 = SURFACE_CURVE('',#6190,(#6194,#6206),.PCURVE_S1.);
#6190 = LINE('',#6191,#6192);
#6191 = CARTESIAN_POINT('',(-6.2,10.875,1.6));
#6192 = VECTOR('',#6193,1.);
#6193 = DIRECTION('',(0.,0.,1.));
#6194 = PCURVE('',#6195,#6200);
#6195 = PLANE('',#6196);
#6196 = AXIS2_PLACEMENT_3D('',#6197,#6198,#6199);
#6197 = CARTESIAN_POINT('',(-6.2,10.875,1.6));
#6198 = DIRECTION('',(1.,0.,-0.));
#6199 = DIRECTION('',(0.,0.,1.));
#6200 = DEFINITIONAL_REPRESENTATION('',(#6201),#6205);
#6201 = LINE('',#6202,#6203);
#6202 = CARTESIAN_POINT('',(0.,0.));
#6203 = VECTOR('',#6204,1.);
#6204 = DIRECTION('',(1.,0.));
#6205 = ( GEOMETRIC_REPRESENTATION_CONTEXT(2) 
PARAMETRIC_REPRESENTATION_CONTEXT() REPRESENTATION_CONTEXT('2D SPACE',''
  ) );
#6206 = PCURVE('',#6207,#6212);
#6207 = PLANE('',#6208);
#6208 = AXIS2_PLACEMENT_3D('',#6209,#6210,#6211);
#6209 = CARTESIAN_POINT('',(-6.2,10.875,1.6));
#6210 = DIRECTION('',(-0.,1.,0.));
#6211 = DIRECTION('',(0.,0.,1.));
#6212 = DEFINITIONAL_REPRESENTATION('',(#6213),#6217);
#6213 = LINE('',#6214,#6215);
#6214 = CARTESIAN_POINT('',(0.,0.));
#6215 = VECTOR('',#6216,1.);
#6216 = DIRECTION('',(1.,0.));
#6217 = ( GEOMETRIC_REPRESENTATION_CONTEXT(2) 
PARAMETRIC_REPRESENTATION_CONTEXT() REPRESENTATION_CONTEXT('2D SPACE',''
  ) );
#6218 = ORIENTED_EDGE('',*,*,#6219,.T.);
#6219 = EDGE_CURVE('',#6185,#6220,#6222,.T.);
#6220 = VERTEX_POINT('',#6221);
#6221 = CARTESIAN_POINT('',(-6.2,15.125,1.6));
#6222 = SURFACE_CURVE('',#6223,(#6227,#6234),.PCURVE_S1.);
#6223 = LINE('',#6224,#6225);
#6224 = CARTESIAN_POINT('',(-6.2,10.875,1.6));
#6225 = VECTOR('',#6226,1.);
#6226 = DIRECTION('',(-0.,1.,0.));
#6227 = PCURVE('',#6195,#6228);
#6228 = DEFINITIONAL_REPRESENTATION('',(#6229),#6233);
#6229 = LINE('',#6230,#6231);
#6230 = CARTESIAN_POINT('',(0.,0.));
#6231 = VECTOR('',#6232,1.);
#6232 = DIRECTION('',(0.,-1.));
#6233 = ( GEOMETRIC_REPRESENTATION_CONTEXT(2) 
PARAMETRIC_REPRESENTATION_CONTEXT() REPRESENTATION_CONTEXT('2D SPACE',''
  ) );
#6234 = PCURVE('',#6235,#6240);
#6235 = PLANE('',#6236);
#6236 = AXIS2_PLACEMENT_3D('',#6237,#6238,#6239);
#6237 = CARTESIAN_POINT('',(-6.2,10.875,1.6));
#6238 = DIRECTION('',(0.,0.,1.));
#6239 = DIRECTION('',(1.,0.,-0.));
#6240 = DEFINITIONAL_REPRESENTATION('',(#6241),#6245);
#6241 = LINE('',#6242,#6243);
#6242 = CARTESIAN_POINT('',(0.,0.));
#6243 = VECTOR('',#6244,1.);
#6244 = DIRECTION('',(0.,1.));
#6245 = ( GEOMETRIC_REPRESENTATION_CONTEXT(2) 
PARAMETRIC_REPRESENTATION_CONTEXT() REPRESENTATION_CONTEXT('2D SPACE',''
  ) );
#6246 = ORIENTED_EDGE('',*,*,#6247,.T.);
#6247 = EDGE_CURVE('',#6220,#6248,#6250,.T.);
#6248 = VERTEX_POINT('',#6249);
#6249 = CARTESIAN_POINT('',(-6.2,15.125,4.5));
#6250 = SURFACE_CURVE('',#6251,(#6255,#6262),.PCURVE_S1.);
#6251 = LINE('',#6252,#6253);
#6252 = CARTESIAN_POINT('',(-6.2,15.125,1.6));
#6253 = VECTOR('',#6254,1.);
#6254 = DIRECTION('',(0.,0.,1.));
#6255 = PCURVE('',#6195,#6256);
#6256 = DEFINITIONAL_REPRESENTATION('',(#6257),#6261);
#6257 = LINE('',#6258,#6259);
#6258 = CARTESIAN_POINT('',(0.,-4.25));
#6259 = VECTOR('',#6260,1.);
#6260 = DIRECTION('',(1.,0.));
#6261 = ( GEOMETRIC_REPRESENTATION_CONTEXT(2) 
PARAMETRIC_REPRESENTATION_CONTEXT() REPRESENTATION_CONTEXT('2D SPACE',''
  ) );
#6262 = PCURVE('',#6263,#6268);
#6263 = PLANE('',#6264);
#6264 = AXIS2_PLACEMENT_3D('',#6265,#6266,#6267);
#6265 = CARTESIAN_POINT('',(-6.2,15.125,1.6));
#6266 = DIRECTION('',(-0.,1.,0.));
#6267 = DIRECTION('',(0.,0.,1.));
#6268 = DEFINITIONAL_REPRESENTATION('',(#6269),#6273);
#6269 = LINE('',#6270,#6271);
#6270 = CARTESIAN_POINT('',(0.,0.));
#6271 = VECTOR('',#6272,1.);
#6272 = DIRECTION('',(1.,0.));
#6273 = ( GEOMETRIC_REPRESENTATION_CONTEXT(2) 
PARAMETRIC_REPRESENTATION_CONTEXT() REPRESENTATION_CONTEXT('2D SPACE',''
  ) );
#6274 = ORIENTED_EDGE('',*,*,#6275,.F.);
#6275 = EDGE_CURVE('',#6187,#6248,#6276,.T.);
#6276 = SURFACE_CURVE('',#6277,(#6281,#6288),.PCURVE_S1.);
#6277 = LINE('',#6278,#6279);
#6278 = CARTESIAN_POINT('',(-6.2,10.875,4.5));
#6279 = VECTOR('',#6280,1.);
#6280 = DIRECTION('',(-0.,1.,0.));
#6281 = PCURVE('',#6195,#6282);
#6282 = DEFINITIONAL_REPRESENTATION('',(#6283),#6287);
#6283 = LINE('',#6284,#6285);
#6284 = CARTESIAN_POINT('',(2.9,0.));
#6285 = VECTOR('',#6286,1.);
#6286 = DIRECTION('',(0.,-1.));
#6287 = ( GEOMETRIC_REPRESENTATION_CONTEXT(2) 
PARAMETRIC_REPRESENTATION_CONTEXT() REPRESENTATION_CONTEXT('2D SPACE',''
  ) );
#6288 = PCURVE('',#6289,#6294);
#6289 = PLANE('',#6290);
#6290 = AXIS2_PLACEMENT_3D('',#6291,#6292,#6293);
#6291 = CARTESIAN_POINT('',(-6.2,10.875,4.5));
#6292 = DIRECTION('',(0.,0.,1.));
#6293 = DIRECTION('',(1.,0.,-0.));
#6294 = DEFINITIONAL_REPRESENTATION('',(#6295),#6299);
#6295 = LINE('',#6296,#6297);
#6296 = CARTESIAN_POINT('',(0.,0.));
#6297 = VECTOR('',#6298,1.);
#6298 = DIRECTION('',(0.,1.));
#6299 = ( GEOMETRIC_REPRESENTATION_CONTEXT(2) 
PARAMETRIC_REPRESENTATION_CONTEXT() REPRESENTATION_CONTEXT('2D SPACE',''
  ) );
#6300 = ADVANCED_FACE('',(#6301),#6315,.T.);
#6301 = FACE_BOUND('',#6302,.T.);
#6302 = EDGE_LOOP('',(#6303,#6333,#6356,#6379));
#6303 = ORIENTED_EDGE('',*,*,#6304,.F.);
#6304 = EDGE_CURVE('',#6305,#6307,#6309,.T.);
#6305 = VERTEX_POINT('',#6306);
#6306 = CARTESIAN_POINT('',(3.8,10.875,1.6));
#6307 = VERTEX_POINT('',#6308);
#6308 = CARTESIAN_POINT('',(3.8,10.875,4.5));
#6309 = SURFACE_CURVE('',#6310,(#6314,#6326),.PCURVE_S1.);
#6310 = LINE('',#6311,#6312);
#6311 = CARTESIAN_POINT('',(3.8,10.875,1.6));
#6312 = VECTOR('',#6313,1.);
#6313 = DIRECTION('',(0.,0.,1.));
#6314 = PCURVE('',#6315,#6320);
#6315 = PLANE('',#6316);
#6316 = AXIS2_PLACEMENT_3D('',#6317,#6318,#6319);
#6317 = CARTESIAN_POINT('',(3.8,10.875,1.6));
#6318 = DIRECTION('',(1.,0.,-0.));
#6319 = DIRECTION('',(0.,0.,1.));
#6320 = DEFINITIONAL_REPRESENTATION('',(#6321),#6325);
#6321 = LINE('',#6322,#6323);
#6322 = CARTESIAN_POINT('',(0.,0.));
#6323 = VECTOR('',#6324,1.);
#6324 = DIRECTION('',(1.,0.));
#6325 = ( GEOMETRIC_REPRESENTATION_CONTEXT(2) 
PARAMETRIC_REPRESENTATION_CONTEXT() REPRESENTATION_CONTEXT('2D SPACE',''
  ) );
#6326 = PCURVE('',#6207,#6327);
#6327 = DEFINITIONAL_REPRESENTATION('',(#6328),#6332);
#6328 = LINE('',#6329,#6330);
#6329 = CARTESIAN_POINT('',(0.,10.));
#6330 = VECTOR('',#6331,1.);
#6331 = DIRECTION('',(1.,0.));
#6332 = ( GEOMETRIC_REPRESENTATION_CONTEXT(2) 
PARAMETRIC_REPRESENTATION_CONTEXT() REPRESENTATION_CONTEXT('2D SPACE',''
  ) );
#6333 = ORIENTED_EDGE('',*,*,#6334,.T.);
#6334 = EDGE_CURVE('',#6305,#6335,#6337,.T.);
#6335 = VERTEX_POINT('',#6336);
#6336 = CARTESIAN_POINT('',(3.8,15.125,1.6));
#6337 = SURFACE_CURVE('',#6338,(#6342,#6349),.PCURVE_S1.);
#6338 = LINE('',#6339,#6340);
#6339 = CARTESIAN_POINT('',(3.8,10.875,1.6));
#6340 = VECTOR('',#6341,1.);
#6341 = DIRECTION('',(-0.,1.,0.));
#6342 = PCURVE('',#6315,#6343);
#6343 = DEFINITIONAL_REPRESENTATION('',(#6344),#6348);
#6344 = LINE('',#6345,#6346);
#6345 = CARTESIAN_POINT('',(0.,0.));
#6346 = VECTOR('',#6347,1.);
#6347 = DIRECTION('',(0.,-1.));
#6348 = ( GEOMETRIC_REPRESENTATION_CONTEXT(2) 
PARAMETRIC_REPRESENTATION_CONTEXT() REPRESENTATION_CONTEXT('2D SPACE',''
  ) );
#6349 = PCURVE('',#6235,#6350);
#6350 = DEFINITIONAL_REPRESENTATION('',(#6351),#6355);
#6351 = LINE('',#6352,#6353);
#6352 = CARTESIAN_POINT('',(10.,0.));
#6353 = VECTOR('',#6354,1.);
#6354 = DIRECTION('',(0.,1.));
#6355 = ( GEOMETRIC_REPRESENTATION_CONTEXT(2) 
PARAMETRIC_REPRESENTATION_CONTEXT() REPRESENTATION_CONTEXT('2D SPACE',''
  ) );
#6356 = ORIENTED_EDGE('',*,*,#6357,.T.);
#6357 = EDGE_CURVE('',#6335,#6358,#6360,.T.);
#6358 = VERTEX_POINT('',#6359);
#6359 = CARTESIAN_POINT('',(3.8,15.125,4.5));
#6360 = SURFACE_CURVE('',#6361,(#6365,#6372),.PCURVE_S1.);
#6361 = LINE('',#6362,#6363);
#6362 = CARTESIAN_POINT('',(3.8,15.125,1.6));
#6363 = VECTOR('',#6364,1.);
#6364 = DIRECTION('',(0.,0.,1.));
#6365 = PCURVE('',#6315,#6366);
#6366 = DEFINITIONAL_REPRESENTATION('',(#6367),#6371);
#6367 = LINE('',#6368,#6369);
#6368 = CARTESIAN_POINT('',(0.,-4.25));
#6369 = VECTOR('',#6370,1.);
#6370 = DIRECTION('',(1.,0.));
#6371 = ( GEOMETRIC_REPRESENTATION_CONTEXT(2) 
PARAMETRIC_REPRESENTATION_CONTEXT() REPRESENTATION_CONTEXT('2D SPACE',''
  ) );
#6372 = PCURVE('',#6263,#6373);
#6373 = DEFINITIONAL_REPRESENTATION('',(#6374),#6378);
#6374 = LINE('',#6375,#6376);
#6375 = CARTESIAN_POINT('',(0.,10.));
#6376 = VECTOR('',#6377,1.);
#6377 = DIRECTION('',(1.,0.));
#6378 = ( GEOMETRIC_REPRESENTATION_CONTEXT(2) 
PARAMETRIC_REPRESENTATION_CONTEXT() REPRESENTATION_CONTEXT('2D SPACE',''
  ) );
#6379 = ORIENTED_EDGE('',*,*,#6380,.F.);
#6380 = EDGE_CURVE('',#6307,#6358,#6381,.T.);
#6381 = SURFACE_CURVE('',#6382,(#6386,#6393),.PCURVE_S1.);
#6382 = LINE('',#6383,#6384);
#6383 = CARTESIAN_POINT('',(3.8,10.875,4.5));
#6384 = VECTOR('',#6385,1.);
#6385 = DIRECTION('',(-0.,1.,0.));
#6386 = PCURVE('',#6315,#6387);
#6387 = DEFINITIONAL_REPRESENTATION('',(#6388),#6392);
#6388 = LINE('',#6389,#6390);
#6389 = CARTESIAN_POINT('',(2.9,0.));
#6390 = VECTOR('',#6391,1.);
#6391 = DIRECTION('',(0.,-1.));
#6392 = ( GEOMETRIC_REPRESENTATION_CONTEXT(2) 
PARAMETRIC_REPRESENTATION_CONTEXT() REPRESENTATION_CONTEXT('2D SPACE',''
  ) );
#6393 = PCURVE('',#6289,#6394);
#6394 = DEFINITIONAL_REPRESENTATION('',(#6395),#6399);
#6395 = LINE('',#6396,#6397);
#6396 = CARTESIAN_POINT('',(10.,0.));
#6397 = VECTOR('',#6398,1.);
#6398 = DIRECTION('',(0.,1.));
#6399 = ( GEOMETRIC_REPRESENTATION_CONTEXT(2) 
PARAMETRIC_REPRESENTATION_CONTEXT() REPRESENTATION_CONTEXT('2D SPACE',''
  ) );
#6400 = ADVANCED_FACE('',(#6401),#6207,.F.);
#6401 = FACE_BOUND('',#6402,.F.);
#6402 = EDGE_LOOP('',(#6403,#6424,#6425,#6446));
#6403 = ORIENTED_EDGE('',*,*,#6404,.F.);
#6404 = EDGE_CURVE('',#6185,#6305,#6405,.T.);
#6405 = SURFACE_CURVE('',#6406,(#6410,#6417),.PCURVE_S1.);
#6406 = LINE('',#6407,#6408);
#6407 = CARTESIAN_POINT('',(-6.2,10.875,1.6));
#6408 = VECTOR('',#6409,1.);
#6409 = DIRECTION('',(1.,0.,-0.));
#6410 = PCURVE('',#6207,#6411);
#6411 = DEFINITIONAL_REPRESENTATION('',(#6412),#6416);
#6412 = LINE('',#6413,#6414);
#6413 = CARTESIAN_POINT('',(0.,0.));
#6414 = VECTOR('',#6415,1.);
#6415 = DIRECTION('',(0.,1.));
#6416 = ( GEOMETRIC_REPRESENTATION_CONTEXT(2) 
PARAMETRIC_REPRESENTATION_CONTEXT() REPRESENTATION_CONTEXT('2D SPACE',''
  ) );
#6417 = PCURVE('',#6235,#6418);
#6418 = DEFINITIONAL_REPRESENTATION('',(#6419),#6423);
#6419 = LINE('',#6420,#6421);
#6420 = CARTESIAN_POINT('',(0.,0.));
#6421 = VECTOR('',#6422,1.);
#6422 = DIRECTION('',(1.,0.));
#6423 = ( GEOMETRIC_REPRESENTATION_CONTEXT(2) 
PARAMETRIC_REPRESENTATION_CONTEXT() REPRESENTATION_CONTEXT('2D SPACE',''
  ) );
#6424 = ORIENTED_EDGE('',*,*,#6184,.T.);
#6425 = ORIENTED_EDGE('',*,*,#6426,.T.);
#6426 = EDGE_CURVE('',#6187,#6307,#6427,.T.);
#6427 = SURFACE_CURVE('',#6428,(#6432,#6439),.PCURVE_S1.);
#6428 = LINE('',#6429,#6430);
#6429 = CARTESIAN_POINT('',(-6.2,10.875,4.5));
#6430 = VECTOR('',#6431,1.);
#6431 = DIRECTION('',(1.,0.,-0.));
#6432 = PCURVE('',#6207,#6433);
#6433 = DEFINITIONAL_REPRESENTATION('',(#6434),#6438);
#6434 = LINE('',#6435,#6436);
#6435 = CARTESIAN_POINT('',(2.9,0.));
#6436 = VECTOR('',#6437,1.);
#6437 = DIRECTION('',(0.,1.));
#6438 = ( GEOMETRIC_REPRESENTATION_CONTEXT(2) 
PARAMETRIC_REPRESENTATION_CONTEXT() REPRESENTATION_CONTEXT('2D SPACE',''
  ) );
#6439 = PCURVE('',#6289,#6440);
#6440 = DEFINITIONAL_REPRESENTATION('',(#6441),#6445);
#6441 = LINE('',#6442,#6443);
#6442 = CARTESIAN_POINT('',(0.,0.));
#6443 = VECTOR('',#6444,1.);
#6444 = DIRECTION('',(1.,0.));
#6445 = ( GEOMETRIC_REPRESENTATION_CONTEXT(2) 
PARAMETRIC_REPRESENTATION_CONTEXT() REPRESENTATION_CONTEXT('2D SPACE',''
  ) );
#6446 = ORIENTED_EDGE('',*,*,#6304,.F.);
#6447 = ADVANCED_FACE('',(#6448),#6263,.T.);
#6448 = FACE_BOUND('',#6449,.T.);
#6449 = EDGE_LOOP('',(#6450,#6471,#6472,#6493));
#6450 = ORIENTED_EDGE('',*,*,#6451,.F.);
#6451 = EDGE_CURVE('',#6220,#6335,#6452,.T.);
#6452 = SURFACE_CURVE('',#6453,(#6457,#6464),.PCURVE_S1.);
#6453 = LINE('',#6454,#6455);
#6454 = CARTESIAN_POINT('',(-6.2,15.125,1.6));
#6455 = VECTOR('',#6456,1.);
#6456 = DIRECTION('',(1.,0.,-0.));
#6457 = PCURVE('',#6263,#6458);
#6458 = DEFINITIONAL_REPRESENTATION('',(#6459),#6463);
#6459 = LINE('',#6460,#6461);
#6460 = CARTESIAN_POINT('',(0.,0.));
#6461 = VECTOR('',#6462,1.);
#6462 = DIRECTION('',(0.,1.));
#6463 = ( GEOMETRIC_REPRESENTATION_CONTEXT(2) 
PARAMETRIC_REPRESENTATION_CONTEXT() REPRESENTATION_CONTEXT('2D SPACE',''
  ) );
#6464 = PCURVE('',#6235,#6465);
#6465 = DEFINITIONAL_REPRESENTATION('',(#6466),#6470);
#6466 = LINE('',#6467,#6468);
#6467 = CARTESIAN_POINT('',(0.,4.25));
#6468 = VECTOR('',#6469,1.);
#6469 = DIRECTION('',(1.,0.));
#6470 = ( GEOMETRIC_REPRESENTATION_CONTEXT(2) 
PARAMETRIC_REPRESENTATION_CONTEXT() REPRESENTATION_CONTEXT('2D SPACE',''
  ) );
#6471 = ORIENTED_EDGE('',*,*,#6247,.T.);
#6472 = ORIENTED_EDGE('',*,*,#6473,.T.);
#6473 = EDGE_CURVE('',#6248,#6358,#6474,.T.);
#6474 = SURFACE_CURVE('',#6475,(#6479,#6486),.PCURVE_S1.);
#6475 = LINE('',#6476,#6477);
#6476 = CARTESIAN_POINT('',(-6.2,15.125,4.5));
#6477 = VECTOR('',#6478,1.);
#6478 = DIRECTION('',(1.,0.,-0.));
#6479 = PCURVE('',#6263,#6480);
#6480 = DEFINITIONAL_REPRESENTATION('',(#6481),#6485);
#6481 = LINE('',#6482,#6483);
#6482 = CARTESIAN_POINT('',(2.9,0.));
#6483 = VECTOR('',#6484,1.);
#6484 = DIRECTION('',(0.,1.));
#6485 = ( GEOMETRIC_REPRESENTATION_CONTEXT(2) 
PARAMETRIC_REPRESENTATION_CONTEXT() REPRESENTATION_CONTEXT('2D SPACE',''
  ) );
#6486 = PCURVE('',#6289,#6487);
#6487 = DEFINITIONAL_REPRESENTATION('',(#6488),#6492);
#6488 = LINE('',#6489,#6490);
#6489 = CARTESIAN_POINT('',(0.,4.25));
#6490 = VECTOR('',#6491,1.);
#6491 = DIRECTION('',(1.,0.));
#6492 = ( GEOMETRIC_REPRESENTATION_CONTEXT(2) 
PARAMETRIC_REPRESENTATION_CONTEXT() REPRESENTATION_CONTEXT('2D SPACE',''
  ) );
#6493 = ORIENTED_EDGE('',*,*,#6357,.F.);
#6494 = ADVANCED_FACE('',(#6495),#6235,.F.);
#6495 = FACE_BOUND('',#6496,.F.);
#6496 = EDGE_LOOP('',(#6497,#6498,#6499,#6500));
#6497 = ORIENTED_EDGE('',*,*,#6219,.F.);
#6498 = ORIENTED_EDGE('',*,*,#6404,.T.);
#6499 = ORIENTED_EDGE('',*,*,#6334,.T.);
#6500 = ORIENTED_EDGE('',*,*,#6451,.F.);
#6501 = ADVANCED_FACE('',(#6502),#6289,.T.);
#6502 = FACE_BOUND('',#6503,.T.);
#6503 = EDGE_LOOP('',(#6504,#6505,#6506,#6507));
#6504 = ORIENTED_EDGE('',*,*,#6275,.F.);
#6505 = ORIENTED_EDGE('',*,*,#6426,.T.);
#6506 = ORIENTED_EDGE('',*,*,#6380,.T.);
#6507 = ORIENTED_EDGE('',*,*,#6473,.F.);
#6508 = ( GEOMETRIC_REPRESENTATION_CONTEXT(3) 
GLOBAL_UNCERTAINTY_ASSIGNED_CONTEXT((#6512)) 
GLOBAL_UNIT_ASSIGNED_CONTEXT((#6509,#6510,#6511)) REPRESENTATION_CONTEXT
('Context #1','3D Context with UNIT and UNCERTAINTY') );
#6509 = ( LENGTH_UNIT() NAMED_UNIT(*) SI_UNIT(.MILLI.,.METRE.) );
#6510 = ( NAMED_UNIT(*) PLANE_ANGLE_UNIT() SI_UNIT($,.RADIAN.) );
#6511 = ( NAMED_UNIT(*) SI_UNIT($,.STERADIAN.) SOLID_ANGLE_UNIT() );
#6512 = UNCERTAINTY_MEASURE_WITH_UNIT(LENGTH_MEASURE(1.E-07),#6509,
  'distance_accuracy_value','confusion accuracy');
#6513 = CONTEXT_DEPENDENT_SHAPE_REPRESENTATION(#6514,#6516);
#6514 = ( REPRESENTATION_RELATIONSHIP('','',#6177,#10) 
REPRESENTATION_RELATIONSHIP_WITH_TRANSFORMATION(#6515) 
SHAPE_REPRESENTATION_RELATIONSHIP() );
#6515 = ITEM_DEFINED_TRANSFORMATION('','',#11,#43);
#6516 = PRODUCT_DEFINITION_SHAPE('Placement','Placement of an item',
  #6517);
#6517 = NEXT_ASSEMBLY_USAGE_OCCURRENCE('26','fc_connector','',#5,#6172,$
  );
#6518 = PRODUCT_RELATED_PRODUCT_CATEGORY('part',$,(#6174));
#6519 = SHAPE_DEFINITION_REPRESENTATION(#6520,#6526);
#6520 = PRODUCT_DEFINITION_SHAPE('','',#6521);
#6521 = PRODUCT_DEFINITION('design','',#6522,#6525);
#6522 = PRODUCT_DEFINITION_FORMATION('','',#6523);
#6523 = PRODUCT('stack_mount','stack_mount','',(#6524));
#6524 = PRODUCT_CONTEXT('',#2,'mechanical');
#6525 = PRODUCT_DEFINITION_CONTEXT('part definition',#2,'design');
#6526 = SHAPE_REPRESENTATION('',(#11,#6527),#6531);
#6527 = AXIS2_PLACEMENT_3D('',#6528,#6529,#6530);
#6528 = CARTESIAN_POINT('',(0.,0.,0.));
#6529 = DIRECTION('',(0.,0.,1.));
#6530 = DIRECTION('',(1.,0.,-0.));
#6531 = ( GEOMETRIC_REPRESENTATION_CONTEXT(3) 
GLOBAL_UNCERTAINTY_ASSIGNED_CONTEXT((#6535)) 
GLOBAL_UNIT_ASSIGNED_CONTEXT((#6532,#6533,#6534)) REPRESENTATION_CONTEXT
('Context #1','3D Context with UNIT and UNCERTAINTY') );
#6532 = ( LENGTH_UNIT() NAMED_UNIT(*) SI_UNIT(.MILLI.,.METRE.) );
#6533 = ( NAMED_UNIT(*) PLANE_ANGLE_UNIT() SI_UNIT($,.RADIAN.) );
#6534 = ( NAMED_UNIT(*) SI_UNIT($,.STERADIAN.) SOLID_ANGLE_UNIT() );
#6535 = UNCERTAINTY_MEASURE_WITH_UNIT(LENGTH_MEASURE(1.E-07),#6532,
  'distance_accuracy_value','confusion accuracy');
#6536 = CONTEXT_DEPENDENT_SHAPE_REPRESENTATION(#6537,#6539);
#6537 = ( REPRESENTATION_RELATIONSHIP('','',#6526,#10) 
REPRESENTATION_RELATIONSHIP_WITH_TRANSFORMATION(#6538) 
SHAPE_REPRESENTATION_RELATIONSHIP() );
#6538 = ITEM_DEFINED_TRANSFORMATION('','',#11,#47);
#6539 = PRODUCT_DEFINITION_SHAPE('Placement','Placement of an item',
  #6540);
#6540 = NEXT_ASSEMBLY_USAGE_OCCURRENCE('32','stack_mount','',#5,#6521,$
  );
#6541 = PRODUCT_RELATED_PRODUCT_CATEGORY('part',$,(#6523));
#6542 = SHAPE_DEFINITION_REPRESENTATION(#6543,#6549);
#6543 = PRODUCT_DEFINITION_SHAPE('','',#6544);
#6544 = PRODUCT_DEFINITION('design','',#6545,#6548);
#6545 = PRODUCT_DEFINITION_FORMATION('','',#6546);
#6546 = PRODUCT('stack_mount','stack_mount','',(#6547));
#6547 = PRODUCT_CONTEXT('',#2,'mechanical');
#6548 = PRODUCT_DEFINITION_CONTEXT('part definition',#2,'design');
#6549 = SHAPE_REPRESENTATION('',(#11,#6550,#6554,#6558,#6562),#6566);
#6550 = AXIS2_PLACEMENT_3D('',#6551,#6552,#6553);
#6551 = CARTESIAN_POINT('',(0.,0.,0.));
#6552 = DIRECTION('',(0.,0.,1.));
#6553 = DIRECTION('',(1.,0.,-0.));
#6554 = AXIS2_PLACEMENT_3D('',#6555,#6556,#6557);
#6555 = CARTESIAN_POINT('',(0.,0.,0.));
#6556 = DIRECTION('',(0.,0.,1.));
#6557 = DIRECTION('',(1.,0.,-0.));
#6558 = AXIS2_PLACEMENT_3D('',#6559,#6560,#6561);
#6559 = CARTESIAN_POINT('',(0.,0.,0.));
#6560 = DIRECTION('',(0.,0.,1.));
#6561 = DIRECTION('',(1.,0.,-0.));
#6562 = AXIS2_PLACEMENT_3D('',#6563,#6564,#6565);
#6563 = CARTESIAN_POINT('',(0.,0.,0.));
#6564 = DIRECTION('',(0.,0.,1.));
#6565 = DIRECTION('',(1.,0.,-0.));
#6566 = ( GEOMETRIC_REPRESENTATION_CONTEXT(3) 
GLOBAL_UNCERTAINTY_ASSIGNED_CONTEXT((#6570)) 
GLOBAL_UNIT_ASSIGNED_CONTEXT((#6567,#6568,#6569)) REPRESENTATION_CONTEXT
('Context #1','3D Context with UNIT and UNCERTAINTY') );
#6567 = ( LENGTH_UNIT() NAMED_UNIT(*) SI_UNIT(.MILLI.,.METRE.) );
#6568 = ( NAMED_UNIT(*) PLANE_ANGLE_UNIT() SI_UNIT($,.RADIAN.) );
#6569 = ( NAMED_UNIT(*) SI_UNIT($,.STERADIAN.) SOLID_ANGLE_UNIT() );
#6570 = UNCERTAINTY_MEASURE_WITH_UNIT(LENGTH_MEASURE(1.E-07),#6567,
  'distance_accuracy_value','confusion accuracy');
#6571 = CONTEXT_DEPENDENT_SHAPE_REPRESENTATION(#6572,#6574);
#6572 = ( REPRESENTATION_RELATIONSHIP('','',#6549,#6526) 
REPRESENTATION_RELATIONSHIP_WITH_TRANSFORMATION(#6573) 
SHAPE_REPRESENTATION_RELATIONSHIP() );
#6573 = ITEM_DEFINED_TRANSFORMATION('','',#11,#6527);
#6574 = PRODUCT_DEFINITION_SHAPE('Placement','Placement of an item',
  #6575);
#6575 = NEXT_ASSEMBLY_USAGE_OCCURRENCE('31','stack_mount','',#6521,#6544
  ,$);
#6576 = PRODUCT_RELATED_PRODUCT_CATEGORY('part',$,(#6546));
#6577 = SHAPE_DEFINITION_REPRESENTATION(#6578,#6584);
#6578 = PRODUCT_DEFINITION_SHAPE('','',#6579);
#6579 = PRODUCT_DEFINITION('design','',#6580,#6583);
#6580 = PRODUCT_DEFINITION_FORMATION('','',#6581);
#6581 = PRODUCT('SOLID','SOLID','',(#6582));
#6582 = PRODUCT_CONTEXT('',#2,'mechanical');
#6583 = PRODUCT_DEFINITION_CONTEXT('part definition',#2,'design');
#6584 = ADVANCED_BREP_SHAPE_REPRESENTATION('',(#11,#6585),#6767);
#6585 = MANIFOLD_SOLID_BREP('',#6586);
#6586 = CLOSED_SHELL('',(#6587,#6675,#6710,#6760));
#6587 = ADVANCED_FACE('',(#6588),#6601,.T.);
#6588 = FACE_BOUND('',#6589,.T.);
#6589 = EDGE_LOOP('',(#6590,#6624,#6647,#6674));
#6590 = ORIENTED_EDGE('',*,*,#6591,.F.);
#6591 = EDGE_CURVE('',#6592,#6592,#6594,.T.);
#6592 = VERTEX_POINT('',#6593);
#6593 = CARTESIAN_POINT('',(-8.4,-10.,1.6));
#6594 = SURFACE_CURVE('',#6595,(#6600,#6612),.PCURVE_S1.);
#6595 = CIRCLE('',#6596,1.6);
#6596 = AXIS2_PLACEMENT_3D('',#6597,#6598,#6599);
#6597 = CARTESIAN_POINT('',(-10.,-10.,1.6));
#6598 = DIRECTION('',(0.,0.,1.));
#6599 = DIRECTION('',(1.,0.,-0.));
#6600 = PCURVE('',#6601,#6606);
#6601 = CYLINDRICAL_SURFACE('',#6602,1.6);
#6602 = AXIS2_PLACEMENT_3D('',#6603,#6604,#6605);
#6603 = CARTESIAN_POINT('',(-10.,-10.,0.));
#6604 = DIRECTION('',(0.,0.,1.));
#6605 = DIRECTION('',(1.,0.,-0.));
#6606 = DEFINITIONAL_REPRESENTATION('',(#6607),#6611);
#6607 = LINE('',#6608,#6609);
#6608 = CARTESIAN_POINT('',(0.,1.6));
#6609 = VECTOR('',#6610,1.);
#6610 = DIRECTION('',(1.,0.));
#6611 = ( GEOMETRIC_REPRESENTATION_CONTEXT(2) 
PARAMETRIC_REPRESENTATION_CONTEXT() REPRESENTATION_CONTEXT('2D SPACE',''
  ) );
#6612 = PCURVE('',#6613,#6618);
#6613 = PLANE('',#6614);
#6614 = AXIS2_PLACEMENT_3D('',#6615,#6616,#6617);
#6615 = CARTESIAN_POINT('',(-10.,-10.,1.6));
#6616 = DIRECTION('',(0.,0.,1.));
#6617 = DIRECTION('',(1.,0.,-0.));
#6618 = DEFINITIONAL_REPRESENTATION('',(#6619),#6623);
#6619 = CIRCLE('',#6620,1.6);
#6620 = AXIS2_PLACEMENT_2D('',#6621,#6622);
#6621 = CARTESIAN_POINT('',(0.,0.));
#6622 = DIRECTION('',(1.,0.));
#6623 = ( GEOMETRIC_REPRESENTATION_CONTEXT(2) 
PARAMETRIC_REPRESENTATION_CONTEXT() REPRESENTATION_CONTEXT('2D SPACE',''
  ) );
#6624 = ORIENTED_EDGE('',*,*,#6625,.F.);
#6625 = EDGE_CURVE('',#6626,#6592,#6628,.T.);
#6626 = VERTEX_POINT('',#6627);
#6627 = CARTESIAN_POINT('',(-8.4,-10.,0.));
#6628 = SEAM_CURVE('',#6629,(#6633,#6640),.PCURVE_S1.);
#6629 = LINE('',#6630,#6631);
#6630 = CARTESIAN_POINT('',(-8.4,-10.,0.));
#6631 = VECTOR('',#6632,1.);
#6632 = DIRECTION('',(0.,0.,1.));
#6633 = PCURVE('',#6601,#6634);
#6634 = DEFINITIONAL_REPRESENTATION('',(#6635),#6639);
#6635 = LINE('',#6636,#6637);
#6636 = CARTESIAN_POINT('',(6.28318530718,-0.));
#6637 = VECTOR('',#6638,1.);
#6638 = DIRECTION('',(0.,1.));
#6639 = ( GEOMETRIC_REPRESENTATION_CONTEXT(2) 
PARAMETRIC_REPRESENTATION_CONTEXT() REPRESENTATION_CONTEXT('2D SPACE',''
  ) );
#6640 = PCURVE('',#6601,#6641);
#6641 = DEFINITIONAL_REPRESENTATION('',(#6642),#6646);
#6642 = LINE('',#6643,#6644);
#6643 = CARTESIAN_POINT('',(0.,-0.));
#6644 = VECTOR('',#6645,1.);
#6645 = DIRECTION('',(0.,1.));
#6646 = ( GEOMETRIC_REPRESENTATION_CONTEXT(2) 
PARAMETRIC_REPRESENTATION_CONTEXT() REPRESENTATION_CONTEXT('2D SPACE',''
  ) );
#6647 = ORIENTED_EDGE('',*,*,#6648,.T.);
#6648 = EDGE_CURVE('',#6626,#6626,#6649,.T.);
#6649 = SURFACE_CURVE('',#6650,(#6655,#6662),.PCURVE_S1.);
#6650 = CIRCLE('',#6651,1.6);
#6651 = AXIS2_PLACEMENT_3D('',#6652,#6653,#6654);
#6652 = CARTESIAN_POINT('',(-10.,-10.,0.));
#6653 = DIRECTION('',(0.,0.,1.));
#6654 = DIRECTION('',(1.,0.,-0.));
#6655 = PCURVE('',#6601,#6656);
#6656 = DEFINITIONAL_REPRESENTATION('',(#6657),#6661);
#6657 = LINE('',#6658,#6659);
#6658 = CARTESIAN_POINT('',(0.,0.));
#6659 = VECTOR('',#6660,1.);
#6660 = DIRECTION('',(1.,0.));
#6661 = ( GEOMETRIC_REPRESENTATION_CONTEXT(2) 
PARAMETRIC_REPRESENTATION_CONTEXT() REPRESENTATION_CONTEXT('2D SPACE',''
  ) );
#6662 = PCURVE('',#6663,#6668);
#6663 = PLANE('',#6664);
#6664 = AXIS2_PLACEMENT_3D('',#6665,#6666,#6667);
#6665 = CARTESIAN_POINT('',(-10.,-10.,0.));
#6666 = DIRECTION('',(0.,0.,1.));
#6667 = DIRECTION('',(1.,0.,-0.));
#6668 = DEFINITIONAL_REPRESENTATION('',(#6669),#6673);
#6669 = CIRCLE('',#6670,1.6);
#6670 = AXIS2_PLACEMENT_2D('',#6671,#6672);
#6671 = CARTESIAN_POINT('',(0.,0.));
#6672 = DIRECTION('',(1.,0.));
#6673 = ( GEOMETRIC_REPRESENTATION_CONTEXT(2) 
PARAMETRIC_REPRESENTATION_CONTEXT() REPRESENTATION_CONTEXT('2D SPACE',''
  ) );
#6674 = ORIENTED_EDGE('',*,*,#6625,.T.);
#6675 = ADVANCED_FACE('',(#6676,#6679),#6613,.T.);
#6676 = FACE_BOUND('',#6677,.T.);
#6677 = EDGE_LOOP('',(#6678));
#6678 = ORIENTED_EDGE('',*,*,#6591,.T.);
#6679 = FACE_BOUND('',#6680,.T.);
#6680 = EDGE_LOOP('',(#6681));
#6681 = ORIENTED_EDGE('',*,*,#6682,.F.);
#6682 = EDGE_CURVE('',#6683,#6683,#6685,.T.);
#6683 = VERTEX_POINT('',#6684);
#6684 = CARTESIAN_POINT('',(-8.65,-10.,1.6));
#6685 = SURFACE_CURVE('',#6686,(#6691,#6698),.PCURVE_S1.);
#6686 = CIRCLE('',#6687,1.35);
#6687 = AXIS2_PLACEMENT_3D('',#6688,#6689,#6690);
#6688 = CARTESIAN_POINT('',(-10.,-10.,1.6));
#6689 = DIRECTION('',(0.,0.,1.));
#6690 = DIRECTION('',(1.,0.,0.));
#6691 = PCURVE('',#6613,#6692);
#6692 = DEFINITIONAL_REPRESENTATION('',(#6693),#6697);
#6693 = CIRCLE('',#6694,1.35);
#6694 = AXIS2_PLACEMENT_2D('',#6695,#6696);
#6695 = CARTESIAN_POINT('',(0.,0.));
#6696 = DIRECTION('',(1.,0.));
#6697 = ( GEOMETRIC_REPRESENTATION_CONTEXT(2) 
PARAMETRIC_REPRESENTATION_CONTEXT() REPRESENTATION_CONTEXT('2D SPACE',''
  ) );
#6698 = PCURVE('',#6699,#6704);
#6699 = CYLINDRICAL_SURFACE('',#6700,1.35);
#6700 = AXIS2_PLACEMENT_3D('',#6701,#6702,#6703);
#6701 = CARTESIAN_POINT('',(-10.,-10.,0.));
#6702 = DIRECTION('',(0.,0.,1.));
#6703 = DIRECTION('',(1.,0.,-0.));
#6704 = DEFINITIONAL_REPRESENTATION('',(#6705),#6709);
#6705 = LINE('',#6706,#6707);
#6706 = CARTESIAN_POINT('',(0.,1.6));
#6707 = VECTOR('',#6708,1.);
#6708 = DIRECTION('',(1.,0.));
#6709 = ( GEOMETRIC_REPRESENTATION_CONTEXT(2) 
PARAMETRIC_REPRESENTATION_CONTEXT() REPRESENTATION_CONTEXT('2D SPACE',''
  ) );
#6710 = ADVANCED_FACE('',(#6711),#6699,.F.);
#6711 = FACE_BOUND('',#6712,.F.);
#6712 = EDGE_LOOP('',(#6713,#6714,#6737,#6759));
#6713 = ORIENTED_EDGE('',*,*,#6682,.F.);
#6714 = ORIENTED_EDGE('',*,*,#6715,.F.);
#6715 = EDGE_CURVE('',#6716,#6683,#6718,.T.);
#6716 = VERTEX_POINT('',#6717);
#6717 = CARTESIAN_POINT('',(-8.65,-10.,0.));
#6718 = SEAM_CURVE('',#6719,(#6723,#6730),.PCURVE_S1.);
#6719 = LINE('',#6720,#6721);
#6720 = CARTESIAN_POINT('',(-8.65,-10.,0.));
#6721 = VECTOR('',#6722,1.);
#6722 = DIRECTION('',(0.,0.,1.));
#6723 = PCURVE('',#6699,#6724);
#6724 = DEFINITIONAL_REPRESENTATION('',(#6725),#6729);
#6725 = LINE('',#6726,#6727);
#6726 = CARTESIAN_POINT('',(6.28318530718,-0.));
#6727 = VECTOR('',#6728,1.);
#6728 = DIRECTION('',(0.,1.));
#6729 = ( GEOMETRIC_REPRESENTATION_CONTEXT(2) 
PARAMETRIC_REPRESENTATION_CONTEXT() REPRESENTATION_CONTEXT('2D SPACE',''
  ) );
#6730 = PCURVE('',#6699,#6731);
#6731 = DEFINITIONAL_REPRESENTATION('',(#6732),#6736);
#6732 = LINE('',#6733,#6734);
#6733 = CARTESIAN_POINT('',(0.,-0.));
#6734 = VECTOR('',#6735,1.);
#6735 = DIRECTION('',(0.,1.));
#6736 = ( GEOMETRIC_REPRESENTATION_CONTEXT(2) 
PARAMETRIC_REPRESENTATION_CONTEXT() REPRESENTATION_CONTEXT('2D SPACE',''
  ) );
#6737 = ORIENTED_EDGE('',*,*,#6738,.T.);
#6738 = EDGE_CURVE('',#6716,#6716,#6739,.T.);
#6739 = SURFACE_CURVE('',#6740,(#6745,#6752),.PCURVE_S1.);
#6740 = CIRCLE('',#6741,1.35);
#6741 = AXIS2_PLACEMENT_3D('',#6742,#6743,#6744);
#6742 = CARTESIAN_POINT('',(-10.,-10.,0.));
#6743 = DIRECTION('',(0.,0.,1.));
#6744 = DIRECTION('',(1.,0.,0.));
#6745 = PCURVE('',#6699,#6746);
#6746 = DEFINITIONAL_REPRESENTATION('',(#6747),#6751);
#6747 = LINE('',#6748,#6749);
#6748 = CARTESIAN_POINT('',(0.,0.));
#6749 = VECTOR('',#6750,1.);
#6750 = DIRECTION('',(1.,0.));
#6751 = ( GEOMETRIC_REPRESENTATION_CONTEXT(2) 
PARAMETRIC_REPRESENTATION_CONTEXT() REPRESENTATION_CONTEXT('2D SPACE',''
  ) );
#6752 = PCURVE('',#6663,#6753);
#6753 = DEFINITIONAL_REPRESENTATION('',(#6754),#6758);
#6754 = CIRCLE('',#6755,1.35);
#6755 = AXIS2_PLACEMENT_2D('',#6756,#6757);
#6756 = CARTESIAN_POINT('',(0.,0.));
#6757 = DIRECTION('',(1.,0.));
#6758 = ( GEOMETRIC_REPRESENTATION_CONTEXT(2) 
PARAMETRIC_REPRESENTATION_CONTEXT() REPRESENTATION_CONTEXT('2D SPACE',''
  ) );
#6759 = ORIENTED_EDGE('',*,*,#6715,.T.);
#6760 = ADVANCED_FACE('',(#6761,#6764),#6663,.F.);
#6761 = FACE_BOUND('',#6762,.F.);
#6762 = EDGE_LOOP('',(#6763));
#6763 = ORIENTED_EDGE('',*,*,#6648,.T.);
#6764 = FACE_BOUND('',#6765,.F.);
#6765 = EDGE_LOOP('',(#6766));
#6766 = ORIENTED_EDGE('',*,*,#6738,.F.);
#6767 = ( GEOMETRIC_REPRESENTATION_CONTEXT(3) 
GLOBAL_UNCERTAINTY_ASSIGNED_CONTEXT((#6771)) 
GLOBAL_UNIT_ASSIGNED_CONTEXT((#6768,#6769,#6770)) REPRESENTATION_CONTEXT
('Context #1','3D Context with UNIT and UNCERTAINTY') );
#6768 = ( LENGTH_UNIT() NAMED_UNIT(*) SI_UNIT(.MILLI.,.METRE.) );
#6769 = ( NAMED_UNIT(*) PLANE_ANGLE_UNIT() SI_UNIT($,.RADIAN.) );
#6770 = ( NAMED_UNIT(*) SI_UNIT($,.STERADIAN.) SOLID_ANGLE_UNIT() );
#6771 = UNCERTAINTY_MEASURE_WITH_UNIT(LENGTH_MEASURE(1.E-07),#6768,
  'distance_accuracy_value','confusion accuracy');
#6772 = CONTEXT_DEPENDENT_SHAPE_REPRESENTATION(#6773,#6775);
#6773 = ( REPRESENTATION_RELATIONSHIP('','',#6584,#6549) 
REPRESENTATION_RELATIONSHIP_WITH_TRANSFORMATION(#6774) 
SHAPE_REPRESENTATION_RELATIONSHIP() );
#6774 = ITEM_DEFINED_TRANSFORMATION('','',#11,#6550);
#6775 = PRODUCT_DEFINITION_SHAPE('Placement','Placement of an item',
  #6776);
#6776 = NEXT_ASSEMBLY_USAGE_OCCURRENCE('27','=>[0:1:1:12]','',#6544,
  #6579,$);
#6777 = PRODUCT_RELATED_PRODUCT_CATEGORY('part',$,(#6581));
#6778 = SHAPE_DEFINITION_REPRESENTATION(#6779,#6785);
#6779 = PRODUCT_DEFINITION_SHAPE('','',#6780);
#6780 = PRODUCT_DEFINITION('design','',#6781,#6784);
#6781 = PRODUCT_DEFINITION_FORMATION('','',#6782);
#6782 = PRODUCT('SOLID','SOLID','',(#6783));
#6783 = PRODUCT_CONTEXT('',#2,'mechanical');
#6784 = PRODUCT_DEFINITION_CONTEXT('part definition',#2,'design');
#6785 = ADVANCED_BREP_SHAPE_REPRESENTATION('',(#11,#6786),#6968);
#6786 = MANIFOLD_SOLID_BREP('',#6787);
#6787 = CLOSED_SHELL('',(#6788,#6876,#6911,#6961));
#6788 = ADVANCED_FACE('',(#6789),#6802,.T.);
#6789 = FACE_BOUND('',#6790,.T.);
#6790 = EDGE_LOOP('',(#6791,#6825,#6848,#6875));
#6791 = ORIENTED_EDGE('',*,*,#6792,.F.);
#6792 = EDGE_CURVE('',#6793,#6793,#6795,.T.);
#6793 = VERTEX_POINT('',#6794);
#6794 = CARTESIAN_POINT('',(11.6,-10.,1.6));
#6795 = SURFACE_CURVE('',#6796,(#6801,#6813),.PCURVE_S1.);
#6796 = CIRCLE('',#6797,1.6);
#6797 = AXIS2_PLACEMENT_3D('',#6798,#6799,#6800);
#6798 = CARTESIAN_POINT('',(10.,-10.,1.6));
#6799 = DIRECTION('',(0.,0.,1.));
#6800 = DIRECTION('',(1.,0.,-0.));
#6801 = PCURVE('',#6802,#6807);
#6802 = CYLINDRICAL_SURFACE('',#6803,1.6);
#6803 = AXIS2_PLACEMENT_3D('',#6804,#6805,#6806);
#6804 = CARTESIAN_POINT('',(10.,-10.,0.));
#6805 = DIRECTION('',(0.,0.,1.));
#6806 = DIRECTION('',(1.,0.,-0.));
#6807 = DEFINITIONAL_REPRESENTATION('',(#6808),#6812);
#6808 = LINE('',#6809,#6810);
#6809 = CARTESIAN_POINT('',(0.,1.6));
#6810 = VECTOR('',#6811,1.);
#6811 = DIRECTION('',(1.,0.));
#6812 = ( GEOMETRIC_REPRESENTATION_CONTEXT(2) 
PARAMETRIC_REPRESENTATION_CONTEXT() REPRESENTATION_CONTEXT('2D SPACE',''
  ) );
#6813 = PCURVE('',#6814,#6819);
#6814 = PLANE('',#6815);
#6815 = AXIS2_PLACEMENT_3D('',#6816,#6817,#6818);
#6816 = CARTESIAN_POINT('',(10.,-10.,1.6));
#6817 = DIRECTION('',(0.,0.,1.));
#6818 = DIRECTION('',(1.,0.,-0.));
#6819 = DEFINITIONAL_REPRESENTATION('',(#6820),#6824);
#6820 = CIRCLE('',#6821,1.6);
#6821 = AXIS2_PLACEMENT_2D('',#6822,#6823);
#6822 = CARTESIAN_POINT('',(0.,0.));
#6823 = DIRECTION('',(1.,0.));
#6824 = ( GEOMETRIC_REPRESENTATION_CONTEXT(2) 
PARAMETRIC_REPRESENTATION_CONTEXT() REPRESENTATION_CONTEXT('2D SPACE',''
  ) );
#6825 = ORIENTED_EDGE('',*,*,#6826,.F.);
#6826 = EDGE_CURVE('',#6827,#6793,#6829,.T.);
#6827 = VERTEX_POINT('',#6828);
#6828 = CARTESIAN_POINT('',(11.6,-10.,0.));
#6829 = SEAM_CURVE('',#6830,(#6834,#6841),.PCURVE_S1.);
#6830 = LINE('',#6831,#6832);
#6831 = CARTESIAN_POINT('',(11.6,-10.,0.));
#6832 = VECTOR('',#6833,1.);
#6833 = DIRECTION('',(0.,0.,1.));
#6834 = PCURVE('',#6802,#6835);
#6835 = DEFINITIONAL_REPRESENTATION('',(#6836),#6840);
#6836 = LINE('',#6837,#6838);
#6837 = CARTESIAN_POINT('',(6.28318530718,-0.));
#6838 = VECTOR('',#6839,1.);
#6839 = DIRECTION('',(0.,1.));
#6840 = ( GEOMETRIC_REPRESENTATION_CONTEXT(2) 
PARAMETRIC_REPRESENTATION_CONTEXT() REPRESENTATION_CONTEXT('2D SPACE',''
  ) );
#6841 = PCURVE('',#6802,#6842);
#6842 = DEFINITIONAL_REPRESENTATION('',(#6843),#6847);
#6843 = LINE('',#6844,#6845);
#6844 = CARTESIAN_POINT('',(0.,-0.));
#6845 = VECTOR('',#6846,1.);
#6846 = DIRECTION('',(0.,1.));
#6847 = ( GEOMETRIC_REPRESENTATION_CONTEXT(2) 
PARAMETRIC_REPRESENTATION_CONTEXT() REPRESENTATION_CONTEXT('2D SPACE',''
  ) );
#6848 = ORIENTED_EDGE('',*,*,#6849,.T.);
#6849 = EDGE_CURVE('',#6827,#6827,#6850,.T.);
#6850 = SURFACE_CURVE('',#6851,(#6856,#6863),.PCURVE_S1.);
#6851 = CIRCLE('',#6852,1.6);
#6852 = AXIS2_PLACEMENT_3D('',#6853,#6854,#6855);
#6853 = CARTESIAN_POINT('',(10.,-10.,0.));
#6854 = DIRECTION('',(0.,0.,1.));
#6855 = DIRECTION('',(1.,0.,-0.));
#6856 = PCURVE('',#6802,#6857);
#6857 = DEFINITIONAL_REPRESENTATION('',(#6858),#6862);
#6858 = LINE('',#6859,#6860);
#6859 = CARTESIAN_POINT('',(0.,0.));
#6860 = VECTOR('',#6861,1.);
#6861 = DIRECTION('',(1.,0.));
#6862 = ( GEOMETRIC_REPRESENTATION_CONTEXT(2) 
PARAMETRIC_REPRESENTATION_CONTEXT() REPRESENTATION_CONTEXT('2D SPACE',''
  ) );
#6863 = PCURVE('',#6864,#6869);
#6864 = PLANE('',#6865);
#6865 = AXIS2_PLACEMENT_3D('',#6866,#6867,#6868);
#6866 = CARTESIAN_POINT('',(10.,-10.,0.));
#6867 = DIRECTION('',(0.,0.,1.));
#6868 = DIRECTION('',(1.,0.,-0.));
#6869 = DEFINITIONAL_REPRESENTATION('',(#6870),#6874);
#6870 = CIRCLE('',#6871,1.6);
#6871 = AXIS2_PLACEMENT_2D('',#6872,#6873);
#6872 = CARTESIAN_POINT('',(0.,0.));
#6873 = DIRECTION('',(1.,0.));
#6874 = ( GEOMETRIC_REPRESENTATION_CONTEXT(2) 
PARAMETRIC_REPRESENTATION_CONTEXT() REPRESENTATION_CONTEXT('2D SPACE',''
  ) );
#6875 = ORIENTED_EDGE('',*,*,#6826,.T.);
#6876 = ADVANCED_FACE('',(#6877,#6880),#6814,.T.);
#6877 = FACE_BOUND('',#6878,.T.);
#6878 = EDGE_LOOP('',(#6879));
#6879 = ORIENTED_EDGE('',*,*,#6792,.T.);
#6880 = FACE_BOUND('',#6881,.T.);
#6881 = EDGE_LOOP('',(#6882));
#6882 = ORIENTED_EDGE('',*,*,#6883,.F.);
#6883 = EDGE_CURVE('',#6884,#6884,#6886,.T.);
#6884 = VERTEX_POINT('',#6885);
#6885 = CARTESIAN_POINT('',(11.35,-10.,1.6));
#6886 = SURFACE_CURVE('',#6887,(#6892,#6899),.PCURVE_S1.);
#6887 = CIRCLE('',#6888,1.35);
#6888 = AXIS2_PLACEMENT_3D('',#6889,#6890,#6891);
#6889 = CARTESIAN_POINT('',(10.,-10.,1.6));
#6890 = DIRECTION('',(0.,0.,1.));
#6891 = DIRECTION('',(1.,0.,0.));
#6892 = PCURVE('',#6814,#6893);
#6893 = DEFINITIONAL_REPRESENTATION('',(#6894),#6898);
#6894 = CIRCLE('',#6895,1.35);
#6895 = AXIS2_PLACEMENT_2D('',#6896,#6897);
#6896 = CARTESIAN_POINT('',(0.,0.));
#6897 = DIRECTION('',(1.,0.));
#6898 = ( GEOMETRIC_REPRESENTATION_CONTEXT(2) 
PARAMETRIC_REPRESENTATION_CONTEXT() REPRESENTATION_CONTEXT('2D SPACE',''
  ) );
#6899 = PCURVE('',#6900,#6905);
#6900 = CYLINDRICAL_SURFACE('',#6901,1.35);
#6901 = AXIS2_PLACEMENT_3D('',#6902,#6903,#6904);
#6902 = CARTESIAN_POINT('',(10.,-10.,0.));
#6903 = DIRECTION('',(0.,0.,1.));
#6904 = DIRECTION('',(1.,0.,-0.));
#6905 = DEFINITIONAL_REPRESENTATION('',(#6906),#6910);
#6906 = LINE('',#6907,#6908);
#6907 = CARTESIAN_POINT('',(0.,1.6));
#6908 = VECTOR('',#6909,1.);
#6909 = DIRECTION('',(1.,0.));
#6910 = ( GEOMETRIC_REPRESENTATION_CONTEXT(2) 
PARAMETRIC_REPRESENTATION_CONTEXT() REPRESENTATION_CONTEXT('2D SPACE',''
  ) );
#6911 = ADVANCED_FACE('',(#6912),#6900,.F.);
#6912 = FACE_BOUND('',#6913,.F.);
#6913 = EDGE_LOOP('',(#6914,#6915,#6938,#6960));
#6914 = ORIENTED_EDGE('',*,*,#6883,.F.);
#6915 = ORIENTED_EDGE('',*,*,#6916,.F.);
#6916 = EDGE_CURVE('',#6917,#6884,#6919,.T.);
#6917 = VERTEX_POINT('',#6918);
#6918 = CARTESIAN_POINT('',(11.35,-10.,0.));
#6919 = SEAM_CURVE('',#6920,(#6924,#6931),.PCURVE_S1.);
#6920 = LINE('',#6921,#6922);
#6921 = CARTESIAN_POINT('',(11.35,-10.,0.));
#6922 = VECTOR('',#6923,1.);
#6923 = DIRECTION('',(0.,0.,1.));
#6924 = PCURVE('',#6900,#6925);
#6925 = DEFINITIONAL_REPRESENTATION('',(#6926),#6930);
#6926 = LINE('',#6927,#6928);
#6927 = CARTESIAN_POINT('',(6.28318530718,-0.));
#6928 = VECTOR('',#6929,1.);
#6929 = DIRECTION('',(0.,1.));
#6930 = ( GEOMETRIC_REPRESENTATION_CONTEXT(2) 
PARAMETRIC_REPRESENTATION_CONTEXT() REPRESENTATION_CONTEXT('2D SPACE',''
  ) );
#6931 = PCURVE('',#6900,#6932);
#6932 = DEFINITIONAL_REPRESENTATION('',(#6933),#6937);
#6933 = LINE('',#6934,#6935);
#6934 = CARTESIAN_POINT('',(0.,-0.));
#6935 = VECTOR('',#6936,1.);
#6936 = DIRECTION('',(0.,1.));
#6937 = ( GEOMETRIC_REPRESENTATION_CONTEXT(2) 
PARAMETRIC_REPRESENTATION_CONTEXT() REPRESENTATION_CONTEXT('2D SPACE',''
  ) );
#6938 = ORIENTED_EDGE('',*,*,#6939,.T.);
#6939 = EDGE_CURVE('',#6917,#6917,#6940,.T.);
#6940 = SURFACE_CURVE('',#6941,(#6946,#6953),.PCURVE_S1.);
#6941 = CIRCLE('',#6942,1.35);
#6942 = AXIS2_PLACEMENT_3D('',#6943,#6944,#6945);
#6943 = CARTESIAN_POINT('',(10.,-10.,0.));
#6944 = DIRECTION('',(0.,0.,1.));
#6945 = DIRECTION('',(1.,0.,0.));
#6946 = PCURVE('',#6900,#6947);
#6947 = DEFINITIONAL_REPRESENTATION('',(#6948),#6952);
#6948 = LINE('',#6949,#6950);
#6949 = CARTESIAN_POINT('',(0.,0.));
#6950 = VECTOR('',#6951,1.);
#6951 = DIRECTION('',(1.,0.));
#6952 = ( GEOMETRIC_REPRESENTATION_CONTEXT(2) 
PARAMETRIC_REPRESENTATION_CONTEXT() REPRESENTATION_CONTEXT('2D SPACE',''
  ) );
#6953 = PCURVE('',#6864,#6954);
#6954 = DEFINITIONAL_REPRESENTATION('',(#6955),#6959);
#6955 = CIRCLE('',#6956,1.35);
#6956 = AXIS2_PLACEMENT_2D('',#6957,#6958);
#6957 = CARTESIAN_POINT('',(0.,0.));
#6958 = DIRECTION('',(1.,0.));
#6959 = ( GEOMETRIC_REPRESENTATION_CONTEXT(2) 
PARAMETRIC_REPRESENTATION_CONTEXT() REPRESENTATION_CONTEXT('2D SPACE',''
  ) );
#6960 = ORIENTED_EDGE('',*,*,#6916,.T.);
#6961 = ADVANCED_FACE('',(#6962,#6965),#6864,.F.);
#6962 = FACE_BOUND('',#6963,.F.);
#6963 = EDGE_LOOP('',(#6964));
#6964 = ORIENTED_EDGE('',*,*,#6849,.T.);
#6965 = FACE_BOUND('',#6966,.F.);
#6966 = EDGE_LOOP('',(#6967));
#6967 = ORIENTED_EDGE('',*,*,#6939,.F.);
#6968 = ( GEOMETRIC_REPRESENTATION_CONTEXT(3) 
GLOBAL_UNCERTAINTY_ASSIGNED_CONTEXT((#6972)) 
GLOBAL_UNIT_ASSIGNED_CONTEXT((#6969,#6970,#6971)) REPRESENTATION_CONTEXT
('Context #1','3D Context with UNIT and UNCERTAINTY') );
#6969 = ( LENGTH_UNIT() NAMED_UNIT(*) SI_UNIT(.MILLI.,.METRE.) );
#6970 = ( NAMED_UNIT(*) PLANE_ANGLE_UNIT() SI_UNIT($,.RADIAN.) );
#6971 = ( NAMED_UNIT(*) SI_UNIT($,.STERADIAN.) SOLID_ANGLE_UNIT() );
#6972 = UNCERTAINTY_MEASURE_WITH_UNIT(LENGTH_MEASURE(1.E-07),#6969,
  'distance_accuracy_value','confusion accuracy');
#6973 = CONTEXT_DEPENDENT_SHAPE_REPRESENTATION(#6974,#6976);
#6974 = ( REPRESENTATION_RELATIONSHIP('','',#6785,#6549) 
REPRESENTATION_RELATIONSHIP_WITH_TRANSFORMATION(#6975) 
SHAPE_REPRESENTATION_RELATIONSHIP() );
#6975 = ITEM_DEFINED_TRANSFORMATION('','',#11,#6554);
#6976 = PRODUCT_DEFINITION_SHAPE('Placement','Placement of an item',
  #6977);
#6977 = NEXT_ASSEMBLY_USAGE_OCCURRENCE('28','=>[0:1:1:13]','',#6544,
  #6780,$);
#6978 = PRODUCT_RELATED_PRODUCT_CATEGORY('part',$,(#6782));
#6979 = SHAPE_DEFINITION_REPRESENTATION(#6980,#6986);
#6980 = PRODUCT_DEFINITION_SHAPE('','',#6981);
#6981 = PRODUCT_DEFINITION('design','',#6982,#6985);
#6982 = PRODUCT_DEFINITION_FORMATION('','',#6983);
#6983 = PRODUCT('SOLID','SOLID','',(#6984));
#6984 = PRODUCT_CONTEXT('',#2,'mechanical');
#6985 = PRODUCT_DEFINITION_CONTEXT('part definition',#2,'design');
#6986 = ADVANCED_BREP_SHAPE_REPRESENTATION('',(#11,#6987),#7169);
#6987 = MANIFOLD_SOLID_BREP('',#6988);
#6988 = CLOSED_SHELL('',(#6989,#7077,#7112,#7162));
#6989 = ADVANCED_FACE('',(#6990),#7003,.T.);
#6990 = FACE_BOUND('',#6991,.T.);
#6991 = EDGE_LOOP('',(#6992,#7026,#7049,#7076));
#6992 = ORIENTED_EDGE('',*,*,#6993,.F.);
#6993 = EDGE_CURVE('',#6994,#6994,#6996,.T.);
#6994 = VERTEX_POINT('',#6995);
#6995 = CARTESIAN_POINT('',(-8.4,10.,1.6));
#6996 = SURFACE_CURVE('',#6997,(#7002,#7014),.PCURVE_S1.);
#6997 = CIRCLE('',#6998,1.6);
#6998 = AXIS2_PLACEMENT_3D('',#6999,#7000,#7001);
#6999 = CARTESIAN_POINT('',(-10.,10.,1.6));
#7000 = DIRECTION('',(0.,0.,1.));
#7001 = DIRECTION('',(1.,0.,-0.));
#7002 = PCURVE('',#7003,#7008);
#7003 = CYLINDRICAL_SURFACE('',#7004,1.6);
#7004 = AXIS2_PLACEMENT_3D('',#7005,#7006,#7007);
#7005 = CARTESIAN_POINT('',(-10.,10.,0.));
#7006 = DIRECTION('',(0.,0.,1.));
#7007 = DIRECTION('',(1.,0.,-0.));
#7008 = DEFINITIONAL_REPRESENTATION('',(#7009),#7013);
#7009 = LINE('',#7010,#7011);
#7010 = CARTESIAN_POINT('',(0.,1.6));
#7011 = VECTOR('',#7012,1.);
#7012 = DIRECTION('',(1.,0.));
#7013 = ( GEOMETRIC_REPRESENTATION_CONTEXT(2) 
PARAMETRIC_REPRESENTATION_CONTEXT() REPRESENTATION_CONTEXT('2D SPACE',''
  ) );
#7014 = PCURVE('',#7015,#7020);
#7015 = PLANE('',#7016);
#7016 = AXIS2_PLACEMENT_3D('',#7017,#7018,#7019);
#7017 = CARTESIAN_POINT('',(-10.,10.,1.6));
#7018 = DIRECTION('',(0.,0.,1.));
#7019 = DIRECTION('',(1.,0.,-0.));
#7020 = DEFINITIONAL_REPRESENTATION('',(#7021),#7025);
#7021 = CIRCLE('',#7022,1.6);
#7022 = AXIS2_PLACEMENT_2D('',#7023,#7024);
#7023 = CARTESIAN_POINT('',(0.,0.));
#7024 = DIRECTION('',(1.,0.));
#7025 = ( GEOMETRIC_REPRESENTATION_CONTEXT(2) 
PARAMETRIC_REPRESENTATION_CONTEXT() REPRESENTATION_CONTEXT('2D SPACE',''
  ) );
#7026 = ORIENTED_EDGE('',*,*,#7027,.F.);
#7027 = EDGE_CURVE('',#7028,#6994,#7030,.T.);
#7028 = VERTEX_POINT('',#7029);
#7029 = CARTESIAN_POINT('',(-8.4,10.,0.));
#7030 = SEAM_CURVE('',#7031,(#7035,#7042),.PCURVE_S1.);
#7031 = LINE('',#7032,#7033);
#7032 = CARTESIAN_POINT('',(-8.4,10.,0.));
#7033 = VECTOR('',#7034,1.);
#7034 = DIRECTION('',(0.,0.,1.));
#7035 = PCURVE('',#7003,#7036);
#7036 = DEFINITIONAL_REPRESENTATION('',(#7037),#7041);
#7037 = LINE('',#7038,#7039);
#7038 = CARTESIAN_POINT('',(6.28318530718,-0.));
#7039 = VECTOR('',#7040,1.);
#7040 = DIRECTION('',(0.,1.));
#7041 = ( GEOMETRIC_REPRESENTATION_CONTEXT(2) 
PARAMETRIC_REPRESENTATION_CONTEXT() REPRESENTATION_CONTEXT('2D SPACE',''
  ) );
#7042 = PCURVE('',#7003,#7043);
#7043 = DEFINITIONAL_REPRESENTATION('',(#7044),#7048);
#7044 = LINE('',#7045,#7046);
#7045 = CARTESIAN_POINT('',(0.,-0.));
#7046 = VECTOR('',#7047,1.);
#7047 = DIRECTION('',(0.,1.));
#7048 = ( GEOMETRIC_REPRESENTATION_CONTEXT(2) 
PARAMETRIC_REPRESENTATION_CONTEXT() REPRESENTATION_CONTEXT('2D SPACE',''
  ) );
#7049 = ORIENTED_EDGE('',*,*,#7050,.T.);
#7050 = EDGE_CURVE('',#7028,#7028,#7051,.T.);
#7051 = SURFACE_CURVE('',#7052,(#7057,#7064),.PCURVE_S1.);
#7052 = CIRCLE('',#7053,1.6);
#7053 = AXIS2_PLACEMENT_3D('',#7054,#7055,#7056);
#7054 = CARTESIAN_POINT('',(-10.,10.,0.));
#7055 = DIRECTION('',(0.,0.,1.));
#7056 = DIRECTION('',(1.,0.,-0.));
#7057 = PCURVE('',#7003,#7058);
#7058 = DEFINITIONAL_REPRESENTATION('',(#7059),#7063);
#7059 = LINE('',#7060,#7061);
#7060 = CARTESIAN_POINT('',(0.,0.));
#7061 = VECTOR('',#7062,1.);
#7062 = DIRECTION('',(1.,0.));
#7063 = ( GEOMETRIC_REPRESENTATION_CONTEXT(2) 
PARAMETRIC_REPRESENTATION_CONTEXT() REPRESENTATION_CONTEXT('2D SPACE',''
  ) );
#7064 = PCURVE('',#7065,#7070);
#7065 = PLANE('',#7066);
#7066 = AXIS2_PLACEMENT_3D('',#7067,#7068,#7069);
#7067 = CARTESIAN_POINT('',(-10.,10.,0.));
#7068 = DIRECTION('',(0.,0.,1.));
#7069 = DIRECTION('',(1.,0.,-0.));
#7070 = DEFINITIONAL_REPRESENTATION('',(#7071),#7075);
#7071 = CIRCLE('',#7072,1.6);
#7072 = AXIS2_PLACEMENT_2D('',#7073,#7074);
#7073 = CARTESIAN_POINT('',(0.,0.));
#7074 = DIRECTION('',(1.,0.));
#7075 = ( GEOMETRIC_REPRESENTATION_CONTEXT(2) 
PARAMETRIC_REPRESENTATION_CONTEXT() REPRESENTATION_CONTEXT('2D SPACE',''
  ) );
#7076 = ORIENTED_EDGE('',*,*,#7027,.T.);
#7077 = ADVANCED_FACE('',(#7078,#7081),#7015,.T.);
#7078 = FACE_BOUND('',#7079,.T.);
#7079 = EDGE_LOOP('',(#7080));
#7080 = ORIENTED_EDGE('',*,*,#6993,.T.);
#7081 = FACE_BOUND('',#7082,.T.);
#7082 = EDGE_LOOP('',(#7083));
#7083 = ORIENTED_EDGE('',*,*,#7084,.F.);
#7084 = EDGE_CURVE('',#7085,#7085,#7087,.T.);
#7085 = VERTEX_POINT('',#7086);
#7086 = CARTESIAN_POINT('',(-8.65,10.,1.6));
#7087 = SURFACE_CURVE('',#7088,(#7093,#7100),.PCURVE_S1.);
#7088 = CIRCLE('',#7089,1.35);
#7089 = AXIS2_PLACEMENT_3D('',#7090,#7091,#7092);
#7090 = CARTESIAN_POINT('',(-10.,10.,1.6));
#7091 = DIRECTION('',(0.,0.,1.));
#7092 = DIRECTION('',(1.,0.,0.));
#7093 = PCURVE('',#7015,#7094);
#7094 = DEFINITIONAL_REPRESENTATION('',(#7095),#7099);
#7095 = CIRCLE('',#7096,1.35);
#7096 = AXIS2_PLACEMENT_2D('',#7097,#7098);
#7097 = CARTESIAN_POINT('',(0.,0.));
#7098 = DIRECTION('',(1.,0.));
#7099 = ( GEOMETRIC_REPRESENTATION_CONTEXT(2) 
PARAMETRIC_REPRESENTATION_CONTEXT() REPRESENTATION_CONTEXT('2D SPACE',''
  ) );
#7100 = PCURVE('',#7101,#7106);
#7101 = CYLINDRICAL_SURFACE('',#7102,1.35);
#7102 = AXIS2_PLACEMENT_3D('',#7103,#7104,#7105);
#7103 = CARTESIAN_POINT('',(-10.,10.,0.));
#7104 = DIRECTION('',(0.,0.,1.));
#7105 = DIRECTION('',(1.,0.,-0.));
#7106 = DEFINITIONAL_REPRESENTATION('',(#7107),#7111);
#7107 = LINE('',#7108,#7109);
#7108 = CARTESIAN_POINT('',(0.,1.6));
#7109 = VECTOR('',#7110,1.);
#7110 = DIRECTION('',(1.,0.));
#7111 = ( GEOMETRIC_REPRESENTATION_CONTEXT(2) 
PARAMETRIC_REPRESENTATION_CONTEXT() REPRESENTATION_CONTEXT('2D SPACE',''
  ) );
#7112 = ADVANCED_FACE('',(#7113),#7101,.F.);
#7113 = FACE_BOUND('',#7114,.F.);
#7114 = EDGE_LOOP('',(#7115,#7116,#7139,#7161));
#7115 = ORIENTED_EDGE('',*,*,#7084,.F.);
#7116 = ORIENTED_EDGE('',*,*,#7117,.F.);
#7117 = EDGE_CURVE('',#7118,#7085,#7120,.T.);
#7118 = VERTEX_POINT('',#7119);
#7119 = CARTESIAN_POINT('',(-8.65,10.,0.));
#7120 = SEAM_CURVE('',#7121,(#7125,#7132),.PCURVE_S1.);
#7121 = LINE('',#7122,#7123);
#7122 = CARTESIAN_POINT('',(-8.65,10.,0.));
#7123 = VECTOR('',#7124,1.);
#7124 = DIRECTION('',(0.,0.,1.));
#7125 = PCURVE('',#7101,#7126);
#7126 = DEFINITIONAL_REPRESENTATION('',(#7127),#7131);
#7127 = LINE('',#7128,#7129);
#7128 = CARTESIAN_POINT('',(6.28318530718,-0.));
#7129 = VECTOR('',#7130,1.);
#7130 = DIRECTION('',(0.,1.));
#7131 = ( GEOMETRIC_REPRESENTATION_CONTEXT(2) 
PARAMETRIC_REPRESENTATION_CONTEXT() REPRESENTATION_CONTEXT('2D SPACE',''
  ) );
#7132 = PCURVE('',#7101,#7133);
#7133 = DEFINITIONAL_REPRESENTATION('',(#7134),#7138);
#7134 = LINE('',#7135,#7136);
#7135 = CARTESIAN_POINT('',(0.,-0.));
#7136 = VECTOR('',#7137,1.);
#7137 = DIRECTION('',(0.,1.));
#7138 = ( GEOMETRIC_REPRESENTATION_CONTEXT(2) 
PARAMETRIC_REPRESENTATION_CONTEXT() REPRESENTATION_CONTEXT('2D SPACE',''
  ) );
#7139 = ORIENTED_EDGE('',*,*,#7140,.T.);
#7140 = EDGE_CURVE('',#7118,#7118,#7141,.T.);
#7141 = SURFACE_CURVE('',#7142,(#7147,#7154),.PCURVE_S1.);
#7142 = CIRCLE('',#7143,1.35);
#7143 = AXIS2_PLACEMENT_3D('',#7144,#7145,#7146);
#7144 = CARTESIAN_POINT('',(-10.,10.,0.));
#7145 = DIRECTION('',(0.,0.,1.));
#7146 = DIRECTION('',(1.,0.,0.));
#7147 = PCURVE('',#7101,#7148);
#7148 = DEFINITIONAL_REPRESENTATION('',(#7149),#7153);
#7149 = LINE('',#7150,#7151);
#7150 = CARTESIAN_POINT('',(0.,0.));
#7151 = VECTOR('',#7152,1.);
#7152 = DIRECTION('',(1.,0.));
#7153 = ( GEOMETRIC_REPRESENTATION_CONTEXT(2) 
PARAMETRIC_REPRESENTATION_CONTEXT() REPRESENTATION_CONTEXT('2D SPACE',''
  ) );
#7154 = PCURVE('',#7065,#7155);
#7155 = DEFINITIONAL_REPRESENTATION('',(#7156),#7160);
#7156 = CIRCLE('',#7157,1.35);
#7157 = AXIS2_PLACEMENT_2D('',#7158,#7159);
#7158 = CARTESIAN_POINT('',(0.,0.));
#7159 = DIRECTION('',(1.,0.));
#7160 = ( GEOMETRIC_REPRESENTATION_CONTEXT(2) 
PARAMETRIC_REPRESENTATION_CONTEXT() REPRESENTATION_CONTEXT('2D SPACE',''
  ) );
#7161 = ORIENTED_EDGE('',*,*,#7117,.T.);
#7162 = ADVANCED_FACE('',(#7163,#7166),#7065,.F.);
#7163 = FACE_BOUND('',#7164,.F.);
#7164 = EDGE_LOOP('',(#7165));
#7165 = ORIENTED_EDGE('',*,*,#7050,.T.);
#7166 = FACE_BOUND('',#7167,.F.);
#7167 = EDGE_LOOP('',(#7168));
#7168 = ORIENTED_EDGE('',*,*,#7140,.F.);
#7169 = ( GEOMETRIC_REPRESENTATION_CONTEXT(3) 
GLOBAL_UNCERTAINTY_ASSIGNED_CONTEXT((#7173)) 
GLOBAL_UNIT_ASSIGNED_CONTEXT((#7170,#7171,#7172)) REPRESENTATION_CONTEXT
('Context #1','3D Context with UNIT and UNCERTAINTY') );
#7170 = ( LENGTH_UNIT() NAMED_UNIT(*) SI_UNIT(.MILLI.,.METRE.) );
#7171 = ( NAMED_UNIT(*) PLANE_ANGLE_UNIT() SI_UNIT($,.RADIAN.) );
#7172 = ( NAMED_UNIT(*) SI_UNIT($,.STERADIAN.) SOLID_ANGLE_UNIT() );
#7173 = UNCERTAINTY_MEASURE_WITH_UNIT(LENGTH_MEASURE(1.E-07),#7170,
  'distance_accuracy_value','confusion accuracy');
#7174 = CONTEXT_DEPENDENT_SHAPE_REPRESENTATION(#7175,#7177);
#7175 = ( REPRESENTATION_RELATIONSHIP('','',#6986,#6549) 
REPRESENTATION_RELATIONSHIP_WITH_TRANSFORMATION(#7176) 
SHAPE_REPRESENTATION_RELATIONSHIP() );
#7176 = ITEM_DEFINED_TRANSFORMATION('','',#11,#6558);
#7177 = PRODUCT_DEFINITION_SHAPE('Placement','Placement of an item',
  #7178);
#7178 = NEXT_ASSEMBLY_USAGE_OCCURRENCE('29','=>[0:1:1:14]','',#6544,
  #6981,$);
#7179 = PRODUCT_RELATED_PRODUCT_CATEGORY('part',$,(#6983));
#7180 = SHAPE_DEFINITION_REPRESENTATION(#7181,#7187);
#7181 = PRODUCT_DEFINITION_SHAPE('','',#7182);
#7182 = PRODUCT_DEFINITION('design','',#7183,#7186);
#7183 = PRODUCT_DEFINITION_FORMATION('','',#7184);
#7184 = PRODUCT('SOLID','SOLID','',(#7185));
#7185 = PRODUCT_CONTEXT('',#2,'mechanical');
#7186 = PRODUCT_DEFINITION_CONTEXT('part definition',#2,'design');
#7187 = ADVANCED_BREP_SHAPE_REPRESENTATION('',(#11,#7188),#7370);
#7188 = MANIFOLD_SOLID_BREP('',#7189);
#7189 = CLOSED_SHELL('',(#7190,#7278,#7313,#7363));
#7190 = ADVANCED_FACE('',(#7191),#7204,.T.);
#7191 = FACE_BOUND('',#7192,.T.);
#7192 = EDGE_LOOP('',(#7193,#7227,#7250,#7277));
#7193 = ORIENTED_EDGE('',*,*,#7194,.F.);
#7194 = EDGE_CURVE('',#7195,#7195,#7197,.T.);
#7195 = VERTEX_POINT('',#7196);
#7196 = CARTESIAN_POINT('',(11.6,10.,1.6));
#7197 = SURFACE_CURVE('',#7198,(#7203,#7215),.PCURVE_S1.);
#7198 = CIRCLE('',#7199,1.6);
#7199 = AXIS2_PLACEMENT_3D('',#7200,#7201,#7202);
#7200 = CARTESIAN_POINT('',(10.,10.,1.6));
#7201 = DIRECTION('',(0.,0.,1.));
#7202 = DIRECTION('',(1.,0.,-0.));
#7203 = PCURVE('',#7204,#7209);
#7204 = CYLINDRICAL_SURFACE('',#7205,1.6);
#7205 = AXIS2_PLACEMENT_3D('',#7206,#7207,#7208);
#7206 = CARTESIAN_POINT('',(10.,10.,0.));
#7207 = DIRECTION('',(0.,0.,1.));
#7208 = DIRECTION('',(1.,0.,-0.));
#7209 = DEFINITIONAL_REPRESENTATION('',(#7210),#7214);
#7210 = LINE('',#7211,#7212);
#7211 = CARTESIAN_POINT('',(0.,1.6));
#7212 = VECTOR('',#7213,1.);
#7213 = DIRECTION('',(1.,0.));
#7214 = ( GEOMETRIC_REPRESENTATION_CONTEXT(2) 
PARAMETRIC_REPRESENTATION_CONTEXT() REPRESENTATION_CONTEXT('2D SPACE',''
  ) );
#7215 = PCURVE('',#7216,#7221);
#7216 = PLANE('',#7217);
#7217 = AXIS2_PLACEMENT_3D('',#7218,#7219,#7220);
#7218 = CARTESIAN_POINT('',(10.,10.,1.6));
#7219 = DIRECTION('',(0.,0.,1.));
#7220 = DIRECTION('',(1.,0.,-0.));
#7221 = DEFINITIONAL_REPRESENTATION('',(#7222),#7226);
#7222 = CIRCLE('',#7223,1.6);
#7223 = AXIS2_PLACEMENT_2D('',#7224,#7225);
#7224 = CARTESIAN_POINT('',(0.,0.));
#7225 = DIRECTION('',(1.,0.));
#7226 = ( GEOMETRIC_REPRESENTATION_CONTEXT(2) 
PARAMETRIC_REPRESENTATION_CONTEXT() REPRESENTATION_CONTEXT('2D SPACE',''
  ) );
#7227 = ORIENTED_EDGE('',*,*,#7228,.F.);
#7228 = EDGE_CURVE('',#7229,#7195,#7231,.T.);
#7229 = VERTEX_POINT('',#7230);
#7230 = CARTESIAN_POINT('',(11.6,10.,0.));
#7231 = SEAM_CURVE('',#7232,(#7236,#7243),.PCURVE_S1.);
#7232 = LINE('',#7233,#7234);
#7233 = CARTESIAN_POINT('',(11.6,10.,0.));
#7234 = VECTOR('',#7235,1.);
#7235 = DIRECTION('',(0.,0.,1.));
#7236 = PCURVE('',#7204,#7237);
#7237 = DEFINITIONAL_REPRESENTATION('',(#7238),#7242);
#7238 = LINE('',#7239,#7240);
#7239 = CARTESIAN_POINT('',(6.28318530718,-0.));
#7240 = VECTOR('',#7241,1.);
#7241 = DIRECTION('',(0.,1.));
#7242 = ( GEOMETRIC_REPRESENTATION_CONTEXT(2) 
PARAMETRIC_REPRESENTATION_CONTEXT() REPRESENTATION_CONTEXT('2D SPACE',''
  ) );
#7243 = PCURVE('',#7204,#7244);
#7244 = DEFINITIONAL_REPRESENTATION('',(#7245),#7249);
#7245 = LINE('',#7246,#7247);
#7246 = CARTESIAN_POINT('',(0.,-0.));
#7247 = VECTOR('',#7248,1.);
#7248 = DIRECTION('',(0.,1.));
#7249 = ( GEOMETRIC_REPRESENTATION_CONTEXT(2) 
PARAMETRIC_REPRESENTATION_CONTEXT() REPRESENTATION_CONTEXT('2D SPACE',''
  ) );
#7250 = ORIENTED_EDGE('',*,*,#7251,.T.);
#7251 = EDGE_CURVE('',#7229,#7229,#7252,.T.);
#7252 = SURFACE_CURVE('',#7253,(#7258,#7265),.PCURVE_S1.);
#7253 = CIRCLE('',#7254,1.6);
#7254 = AXIS2_PLACEMENT_3D('',#7255,#7256,#7257);
#7255 = CARTESIAN_POINT('',(10.,10.,0.));
#7256 = DIRECTION('',(0.,0.,1.));
#7257 = DIRECTION('',(1.,0.,-0.));
#7258 = PCURVE('',#7204,#7259);
#7259 = DEFINITIONAL_REPRESENTATION('',(#7260),#7264);
#7260 = LINE('',#7261,#7262);
#7261 = CARTESIAN_POINT('',(0.,0.));
#7262 = VECTOR('',#7263,1.);
#7263 = DIRECTION('',(1.,0.));
#7264 = ( GEOMETRIC_REPRESENTATION_CONTEXT(2) 
PARAMETRIC_REPRESENTATION_CONTEXT() REPRESENTATION_CONTEXT('2D SPACE',''
  ) );
#7265 = PCURVE('',#7266,#7271);
#7266 = PLANE('',#7267);
#7267 = AXIS2_PLACEMENT_3D('',#7268,#7269,#7270);
#7268 = CARTESIAN_POINT('',(10.,10.,0.));
#7269 = DIRECTION('',(0.,0.,1.));
#7270 = DIRECTION('',(1.,0.,-0.));
#7271 = DEFINITIONAL_REPRESENTATION('',(#7272),#7276);
#7272 = CIRCLE('',#7273,1.6);
#7273 = AXIS2_PLACEMENT_2D('',#7274,#7275);
#7274 = CARTESIAN_POINT('',(0.,0.));
#7275 = DIRECTION('',(1.,0.));
#7276 = ( GEOMETRIC_REPRESENTATION_CONTEXT(2) 
PARAMETRIC_REPRESENTATION_CONTEXT() REPRESENTATION_CONTEXT('2D SPACE',''
  ) );
#7277 = ORIENTED_EDGE('',*,*,#7228,.T.);
#7278 = ADVANCED_FACE('',(#7279,#7282),#7216,.T.);
#7279 = FACE_BOUND('',#7280,.T.);
#7280 = EDGE_LOOP('',(#7281));
#7281 = ORIENTED_EDGE('',*,*,#7194,.T.);
#7282 = FACE_BOUND('',#7283,.T.);
#7283 = EDGE_LOOP('',(#7284));
#7284 = ORIENTED_EDGE('',*,*,#7285,.F.);
#7285 = EDGE_CURVE('',#7286,#7286,#7288,.T.);
#7286 = VERTEX_POINT('',#7287);
#7287 = CARTESIAN_POINT('',(11.35,10.,1.6));
#7288 = SURFACE_CURVE('',#7289,(#7294,#7301),.PCURVE_S1.);
#7289 = CIRCLE('',#7290,1.35);
#7290 = AXIS2_PLACEMENT_3D('',#7291,#7292,#7293);
#7291 = CARTESIAN_POINT('',(10.,10.,1.6));
#7292 = DIRECTION('',(0.,0.,1.));
#7293 = DIRECTION('',(1.,0.,0.));
#7294 = PCURVE('',#7216,#7295);
#7295 = DEFINITIONAL_REPRESENTATION('',(#7296),#7300);
#7296 = CIRCLE('',#7297,1.35);
#7297 = AXIS2_PLACEMENT_2D('',#7298,#7299);
#7298 = CARTESIAN_POINT('',(0.,0.));
#7299 = DIRECTION('',(1.,0.));
#7300 = ( GEOMETRIC_REPRESENTATION_CONTEXT(2) 
PARAMETRIC_REPRESENTATION_CONTEXT() REPRESENTATION_CONTEXT('2D SPACE',''
  ) );
#7301 = PCURVE('',#7302,#7307);
#7302 = CYLINDRICAL_SURFACE('',#7303,1.35);
#7303 = AXIS2_PLACEMENT_3D('',#7304,#7305,#7306);
#7304 = CARTESIAN_POINT('',(10.,10.,0.));
#7305 = DIRECTION('',(0.,0.,1.));
#7306 = DIRECTION('',(1.,0.,-0.));
#7307 = DEFINITIONAL_REPRESENTATION('',(#7308),#7312);
#7308 = LINE('',#7309,#7310);
#7309 = CARTESIAN_POINT('',(0.,1.6));
#7310 = VECTOR('',#7311,1.);
#7311 = DIRECTION('',(1.,0.));
#7312 = ( GEOMETRIC_REPRESENTATION_CONTEXT(2) 
PARAMETRIC_REPRESENTATION_CONTEXT() REPRESENTATION_CONTEXT('2D SPACE',''
  ) );
#7313 = ADVANCED_FACE('',(#7314),#7302,.F.);
#7314 = FACE_BOUND('',#7315,.F.);
#7315 = EDGE_LOOP('',(#7316,#7317,#7340,#7362));
#7316 = ORIENTED_EDGE('',*,*,#7285,.F.);
#7317 = ORIENTED_EDGE('',*,*,#7318,.F.);
#7318 = EDGE_CURVE('',#7319,#7286,#7321,.T.);
#7319 = VERTEX_POINT('',#7320);
#7320 = CARTESIAN_POINT('',(11.35,10.,0.));
#7321 = SEAM_CURVE('',#7322,(#7326,#7333),.PCURVE_S1.);
#7322 = LINE('',#7323,#7324);
#7323 = CARTESIAN_POINT('',(11.35,10.,0.));
#7324 = VECTOR('',#7325,1.);
#7325 = DIRECTION('',(0.,0.,1.));
#7326 = PCURVE('',#7302,#7327);
#7327 = DEFINITIONAL_REPRESENTATION('',(#7328),#7332);
#7328 = LINE('',#7329,#7330);
#7329 = CARTESIAN_POINT('',(6.28318530718,-0.));
#7330 = VECTOR('',#7331,1.);
#7331 = DIRECTION('',(0.,1.));
#7332 = ( GEOMETRIC_REPRESENTATION_CONTEXT(2) 
PARAMETRIC_REPRESENTATION_CONTEXT() REPRESENTATION_CONTEXT('2D SPACE',''
  ) );
#7333 = PCURVE('',#7302,#7334);
#7334 = DEFINITIONAL_REPRESENTATION('',(#7335),#7339);
#7335 = LINE('',#7336,#7337);
#7336 = CARTESIAN_POINT('',(0.,-0.));
#7337 = VECTOR('',#7338,1.);
#7338 = DIRECTION('',(0.,1.));
#7339 = ( GEOMETRIC_REPRESENTATION_CONTEXT(2) 
PARAMETRIC_REPRESENTATION_CONTEXT() REPRESENTATION_CONTEXT('2D SPACE',''
  ) );
#7340 = ORIENTED_EDGE('',*,*,#7341,.T.);
#7341 = EDGE_CURVE('',#7319,#7319,#7342,.T.);
#7342 = SURFACE_CURVE('',#7343,(#7348,#7355),.PCURVE_S1.);
#7343 = CIRCLE('',#7344,1.35);
#7344 = AXIS2_PLACEMENT_3D('',#7345,#7346,#7347);
#7345 = CARTESIAN_POINT('',(10.,10.,0.));
#7346 = DIRECTION('',(0.,0.,1.));
#7347 = DIRECTION('',(1.,0.,0.));
#7348 = PCURVE('',#7302,#7349);
#7349 = DEFINITIONAL_REPRESENTATION('',(#7350),#7354);
#7350 = LINE('',#7351,#7352);
#7351 = CARTESIAN_POINT('',(0.,0.));
#7352 = VECTOR('',#7353,1.);
#7353 = DIRECTION('',(1.,0.));
#7354 = ( GEOMETRIC_REPRESENTATION_CONTEXT(2) 
PARAMETRIC_REPRESENTATION_CONTEXT() REPRESENTATION_CONTEXT('2D SPACE',''
  ) );
#7355 = PCURVE('',#7266,#7356);
#7356 = DEFINITIONAL_REPRESENTATION('',(#7357),#7361);
#7357 = CIRCLE('',#7358,1.35);
#7358 = AXIS2_PLACEMENT_2D('',#7359,#7360);
#7359 = CARTESIAN_POINT('',(0.,0.));
#7360 = DIRECTION('',(1.,0.));
#7361 = ( GEOMETRIC_REPRESENTATION_CONTEXT(2) 
PARAMETRIC_REPRESENTATION_CONTEXT() REPRESENTATION_CONTEXT('2D SPACE',''
  ) );
#7362 = ORIENTED_EDGE('',*,*,#7318,.T.);
#7363 = ADVANCED_FACE('',(#7364,#7367),#7266,.F.);
#7364 = FACE_BOUND('',#7365,.F.);
#7365 = EDGE_LOOP('',(#7366));
#7366 = ORIENTED_EDGE('',*,*,#7251,.T.);
#7367 = FACE_BOUND('',#7368,.F.);
#7368 = EDGE_LOOP('',(#7369));
#7369 = ORIENTED_EDGE('',*,*,#7341,.F.);
#7370 = ( GEOMETRIC_REPRESENTATION_CONTEXT(3) 
GLOBAL_UNCERTAINTY_ASSIGNED_CONTEXT((#7374)) 
GLOBAL_UNIT_ASSIGNED_CONTEXT((#7371,#7372,#7373)) REPRESENTATION_CONTEXT
('Context #1','3D Context with UNIT and UNCERTAINTY') );
#7371 = ( LENGTH_UNIT() NAMED_UNIT(*) SI_UNIT(.MILLI.,.METRE.) );
#7372 = ( NAMED_UNIT(*) PLANE_ANGLE_UNIT() SI_UNIT($,.RADIAN.) );
#7373 = ( NAMED_UNIT(*) SI_UNIT($,.STERADIAN.) SOLID_ANGLE_UNIT() );
#7374 = UNCERTAINTY_MEASURE_WITH_UNIT(LENGTH_MEASURE(1.E-07),#7371,
  'distance_accuracy_value','confusion accuracy');
#7375 = CONTEXT_DEPENDENT_SHAPE_REPRESENTATION(#7376,#7378);
#7376 = ( REPRESENTATION_RELATIONSHIP('','',#7187,#6549) 
REPRESENTATION_RELATIONSHIP_WITH_TRANSFORMATION(#7377) 
SHAPE_REPRESENTATION_RELATIONSHIP() );
#7377 = ITEM_DEFINED_TRANSFORMATION('','',#11,#6562);
#7378 = PRODUCT_DEFINITION_SHAPE('Placement','Placement of an item',
  #7379);
#7379 = NEXT_ASSEMBLY_USAGE_OCCURRENCE('30','=>[0:1:1:15]','',#6544,
  #7182,$);
#7380 = PRODUCT_RELATED_PRODUCT_CATEGORY('part',$,(#7184));
#7381 = SHAPE_DEFINITION_REPRESENTATION(#7382,#7388);
#7382 = PRODUCT_DEFINITION_SHAPE('','',#7383);
#7383 = PRODUCT_DEFINITION('design','',#7384,#7387);
#7384 = PRODUCT_DEFINITION_FORMATION('','',#7385);
#7385 = PRODUCT('motor_1','motor_1','',(#7386));
#7386 = PRODUCT_CONTEXT('',#2,'mechanical');
#7387 = PRODUCT_DEFINITION_CONTEXT('part definition',#2,'design');
#7388 = SHAPE_REPRESENTATION('',(#11,#7389),#7393);
#7389 = AXIS2_PLACEMENT_3D('',#7390,#7391,#7392);
#7390 = CARTESIAN_POINT('',(0.,0.,0.));
#7391 = DIRECTION('',(0.,0.,1.));
#7392 = DIRECTION('',(1.,0.,-0.));
#7393 = ( GEOMETRIC_REPRESENTATION_CONTEXT(3) 
GLOBAL_UNCERTAINTY_ASSIGNED_CONTEXT((#7397)) 
GLOBAL_UNIT_ASSIGNED_CONTEXT((#7394,#7395,#7396)) REPRESENTATION_CONTEXT
('Context #1','3D Context with UNIT and UNCERTAINTY') );
#7394 = ( LENGTH_UNIT() NAMED_UNIT(*) SI_UNIT(.MILLI.,.METRE.) );
#7395 = ( NAMED_UNIT(*) PLANE_ANGLE_UNIT() SI_UNIT($,.RADIAN.) );
#7396 = ( NAMED_UNIT(*) SI_UNIT($,.STERADIAN.) SOLID_ANGLE_UNIT() );
#7397 = UNCERTAINTY_MEASURE_WITH_UNIT(LENGTH_MEASURE(1.E-07),#7394,
  'distance_accuracy_value','confusion accuracy');
#7398 = CONTEXT_DEPENDENT_SHAPE_REPRESENTATION(#7399,#7401);
#7399 = ( REPRESENTATION_RELATIONSHIP('','',#7388,#10) 
REPRESENTATION_RELATIONSHIP_WITH_TRANSFORMATION(#7400) 
SHAPE_REPRESENTATION_RELATIONSHIP() );
#7400 = ITEM_DEFINED_TRANSFORMATION('','',#11,#51);
#7401 = PRODUCT_DEFINITION_SHAPE('Placement','Placement of an item',
  #7402);
#7402 = NEXT_ASSEMBLY_USAGE_OCCURRENCE('37','motor_1','',#5,#7383,$);
#7403 = PRODUCT_RELATED_PRODUCT_CATEGORY('part',$,(#7385));
#7404 = SHAPE_DEFINITION_REPRESENTATION(#7405,#7411);
#7405 = PRODUCT_DEFINITION_SHAPE('','',#7406);
#7406 = PRODUCT_DEFINITION('design','',#7407,#7410);
#7407 = PRODUCT_DEFINITION_FORMATION('','',#7408);
#7408 = PRODUCT('motor_1','motor_1','',(#7409));
#7409 = PRODUCT_CONTEXT('',#2,'mechanical');
#7410 = PRODUCT_DEFINITION_CONTEXT('part definition',#2,'design');
#7411 = SHAPE_REPRESENTATION('',(#11,#7412,#7416,#7420),#7424);
#7412 = AXIS2_PLACEMENT_3D('',#7413,#7414,#7415);
#7413 = CARTESIAN_POINT('',(0.,0.,0.));
#7414 = DIRECTION('',(0.,0.,1.));
#7415 = DIRECTION('',(1.,0.,-0.));
#7416 = AXIS2_PLACEMENT_3D('',#7417,#7418,#7419);
#7417 = CARTESIAN_POINT('',(0.,0.,0.));
#7418 = DIRECTION('',(0.,0.,1.));
#7419 = DIRECTION('',(1.,0.,-0.));
#7420 = AXIS2_PLACEMENT_3D('',#7421,#7422,#7423);
#7421 = CARTESIAN_POINT('',(0.,0.,0.));
#7422 = DIRECTION('',(0.,0.,1.));
#7423 = DIRECTION('',(1.,0.,-0.));
#7424 = ( GEOMETRIC_REPRESENTATION_CONTEXT(3) 
GLOBAL_UNCERTAINTY_ASSIGNED_CONTEXT((#7428)) 
GLOBAL_UNIT_ASSIGNED_CONTEXT((#7425,#7426,#7427)) REPRESENTATION_CONTEXT
('Context #1','3D Context with UNIT and UNCERTAINTY') );
#7425 = ( LENGTH_UNIT() NAMED_UNIT(*) SI_UNIT(.MILLI.,.METRE.) );
#7426 = ( NAMED_UNIT(*) PLANE_ANGLE_UNIT() SI_UNIT($,.RADIAN.) );
#7427 = ( NAMED_UNIT(*) SI_UNIT($,.STERADIAN.) SOLID_ANGLE_UNIT() );
#7428 = UNCERTAINTY_MEASURE_WITH_UNIT(LENGTH_MEASURE(1.E-07),#7425,
  'distance_accuracy_value','confusion accuracy');
#7429 = CONTEXT_DEPENDENT_SHAPE_REPRESENTATION(#7430,#7432);
#7430 = ( REPRESENTATION_RELATIONSHIP('','',#7411,#7388) 
REPRESENTATION_RELATIONSHIP_WITH_TRANSFORMATION(#7431) 
SHAPE_REPRESENTATION_RELATIONSHIP() );
#7431 = ITEM_DEFINED_TRANSFORMATION('','',#11,#7389);
#7432 = PRODUCT_DEFINITION_SHAPE('Placement','Placement of an item',
  #7433);
#7433 = NEXT_ASSEMBLY_USAGE_OCCURRENCE('36','motor_1','',#7383,#7406,$);
#7434 = PRODUCT_RELATED_PRODUCT_CATEGORY('part',$,(#7408));
#7435 = SHAPE_DEFINITION_REPRESENTATION(#7436,#7442);
#7436 = PRODUCT_DEFINITION_SHAPE('','',#7437);
#7437 = PRODUCT_DEFINITION('design','',#7438,#7441);
#7438 = PRODUCT_DEFINITION_FORMATION('','',#7439);
#7439 = PRODUCT('SOLID','SOLID','',(#7440));
#7440 = PRODUCT_CONTEXT('',#2,'mechanical');
#7441 = PRODUCT_DEFINITION_CONTEXT('part definition',#2,'design');
#7442 = ADVANCED_BREP_SHAPE_REPRESENTATION('',(#11,#7443),#7773);
#7443 = MANIFOLD_SOLID_BREP('',#7444);
#7444 = CLOSED_SHELL('',(#7445,#7565,#7641,#7712,#7759,#7766));
#7445 = ADVANCED_FACE('',(#7446),#7460,.T.);
#7446 = FACE_BOUND('',#7447,.T.);
#7447 = EDGE_LOOP('',(#7448,#7483,#7511,#7539));
#7448 = ORIENTED_EDGE('',*,*,#7449,.F.);
#7449 = EDGE_CURVE('',#7450,#7452,#7454,.T.);
#7450 = VERTEX_POINT('',#7451);
#7451 = CARTESIAN_POINT('',(-15.,-2.,1.9));
#7452 = VERTEX_POINT('',#7453);
#7453 = CARTESIAN_POINT('',(-15.,-2.,2.15));
#7454 = SURFACE_CURVE('',#7455,(#7459,#7471),.PCURVE_S1.);
#7455 = LINE('',#7456,#7457);
#7456 = CARTESIAN_POINT('',(-15.,-2.,1.9));
#7457 = VECTOR('',#7458,1.);
#7458 = DIRECTION('',(0.,0.,1.));
#7459 = PCURVE('',#7460,#7465);
#7460 = PLANE('',#7461);
#7461 = AXIS2_PLACEMENT_3D('',#7462,#7463,#7464);
#7462 = CARTESIAN_POINT('',(-15.,-4.,1.9));
#7463 = DIRECTION('',(-1.,-0.,0.));
#7464 = DIRECTION('',(-0.,1.,0.));
#7465 = DEFINITIONAL_REPRESENTATION('',(#7466),#7470);
#7466 = LINE('',#7467,#7468);
#7467 = CARTESIAN_POINT('',(2.,0.));
#7468 = VECTOR('',#7469,1.);
#7469 = DIRECTION('',(0.,-1.));
#7470 = ( GEOMETRIC_REPRESENTATION_CONTEXT(2) 
PARAMETRIC_REPRESENTATION_CONTEXT() REPRESENTATION_CONTEXT('2D SPACE',''
  ) );
#7471 = PCURVE('',#7472,#7477);
#7472 = PLANE('',#7473);
#7473 = AXIS2_PLACEMENT_3D('',#7474,#7475,#7476);
#7474 = CARTESIAN_POINT('',(-15.,-2.,1.9));
#7475 = DIRECTION('',(-0.,1.,0.));
#7476 = DIRECTION('',(1.,0.,-0.));
#7477 = DEFINITIONAL_REPRESENTATION('',(#7478),#7482);
#7478 = LINE('',#7479,#7480);
#7479 = CARTESIAN_POINT('',(0.,0.));
#7480 = VECTOR('',#7481,1.);
#7481 = DIRECTION('',(0.,-1.));
#7482 = ( GEOMETRIC_REPRESENTATION_CONTEXT(2) 
PARAMETRIC_REPRESENTATION_CONTEXT() REPRESENTATION_CONTEXT('2D SPACE',''
  ) );
#7483 = ORIENTED_EDGE('',*,*,#7484,.F.);
#7484 = EDGE_CURVE('',#7485,#7450,#7487,.T.);
#7485 = VERTEX_POINT('',#7486);
#7486 = CARTESIAN_POINT('',(-15.,-4.,1.9));
#7487 = SURFACE_CURVE('',#7488,(#7492,#7499),.PCURVE_S1.);
#7488 = LINE('',#7489,#7490);
#7489 = CARTESIAN_POINT('',(-15.,-4.,1.9));
#7490 = VECTOR('',#7491,1.);
#7491 = DIRECTION('',(-0.,1.,0.));
#7492 = PCURVE('',#7460,#7493);
#7493 = DEFINITIONAL_REPRESENTATION('',(#7494),#7498);
#7494 = LINE('',#7495,#7496);
#7495 = CARTESIAN_POINT('',(0.,0.));
#7496 = VECTOR('',#7497,1.);
#7497 = DIRECTION('',(1.,0.));
#7498 = ( GEOMETRIC_REPRESENTATION_CONTEXT(2) 
PARAMETRIC_REPRESENTATION_CONTEXT() REPRESENTATION_CONTEXT('2D SPACE',''
  ) );
#7499 = PCURVE('',#7500,#7505);
#7500 = PLANE('',#7501);
#7501 = AXIS2_PLACEMENT_3D('',#7502,#7503,#7504);
#7502 = CARTESIAN_POINT('',(-15.,-4.,1.9));
#7503 = DIRECTION('',(0.,0.,1.));
#7504 = DIRECTION('',(1.,0.,-0.));
#7505 = DEFINITIONAL_REPRESENTATION('',(#7506),#7510);
#7506 = LINE('',#7507,#7508);
#7507 = CARTESIAN_POINT('',(0.,0.));
#7508 = VECTOR('',#7509,1.);
#7509 = DIRECTION('',(0.,1.));
#7510 = ( GEOMETRIC_REPRESENTATION_CONTEXT(2) 
PARAMETRIC_REPRESENTATION_CONTEXT() REPRESENTATION_CONTEXT('2D SPACE',''
  ) );
#7511 = ORIENTED_EDGE('',*,*,#7512,.T.);
#7512 = EDGE_CURVE('',#7485,#7513,#7515,.T.);
#7513 = VERTEX_POINT('',#7514);
#7514 = CARTESIAN_POINT('',(-15.,-4.,2.15));
#7515 = SURFACE_CURVE('',#7516,(#7520,#7527),.PCURVE_S1.);
#7516 = LINE('',#7517,#7518);
#7517 = CARTESIAN_POINT('',(-15.,-4.,1.9));
#7518 = VECTOR('',#7519,1.);
#7519 = DIRECTION('',(0.,0.,1.));
#7520 = PCURVE('',#7460,#7521);
#7521 = DEFINITIONAL_REPRESENTATION('',(#7522),#7526);
#7522 = LINE('',#7523,#7524);
#7523 = CARTESIAN_POINT('',(0.,0.));
#7524 = VECTOR('',#7525,1.);
#7525 = DIRECTION('',(0.,-1.));
#7526 = ( GEOMETRIC_REPRESENTATION_CONTEXT(2) 
PARAMETRIC_REPRESENTATION_CONTEXT() REPRESENTATION_CONTEXT('2D SPACE',''
  ) );
#7527 = PCURVE('',#7528,#7533);
#7528 = PLANE('',#7529);
#7529 = AXIS2_PLACEMENT_3D('',#7530,#7531,#7532);
#7530 = CARTESIAN_POINT('',(-15.,-4.,1.9));
#7531 = DIRECTION('',(-0.,1.,0.));
#7532 = DIRECTION('',(1.,0.,-0.));
#7533 = DEFINITIONAL_REPRESENTATION('',(#7534),#7538);
#7534 = LINE('',#7535,#7536);
#7535 = CARTESIAN_POINT('',(0.,0.));
#7536 = VECTOR('',#7537,1.);
#7537 = DIRECTION('',(0.,-1.));
#7538 = ( GEOMETRIC_REPRESENTATION_CONTEXT(2) 
PARAMETRIC_REPRESENTATION_CONTEXT() REPRESENTATION_CONTEXT('2D SPACE',''
  ) );
#7539 = ORIENTED_EDGE('',*,*,#7540,.T.);
#7540 = EDGE_CURVE('',#7513,#7452,#7541,.T.);
#7541 = SURFACE_CURVE('',#7542,(#7546,#7553),.PCURVE_S1.);
#7542 = LINE('',#7543,#7544);
#7543 = CARTESIAN_POINT('',(-15.,-4.,2.15));
#7544 = VECTOR('',#7545,1.);
#7545 = DIRECTION('',(-0.,1.,0.));
#7546 = PCURVE('',#7460,#7547);
#7547 = DEFINITIONAL_REPRESENTATION('',(#7548),#7552);
#7548 = LINE('',#7549,#7550);
#7549 = CARTESIAN_POINT('',(0.,-0.25));
#7550 = VECTOR('',#7551,1.);
#7551 = DIRECTION('',(1.,0.));
#7552 = ( GEOMETRIC_REPRESENTATION_CONTEXT(2) 
PARAMETRIC_REPRESENTATION_CONTEXT() REPRESENTATION_CONTEXT('2D SPACE',''
  ) );
#7553 = PCURVE('',#7554,#7559);
#7554 = PLANE('',#7555);
#7555 = AXIS2_PLACEMENT_3D('',#7556,#7557,#7558);
#7556 = CARTESIAN_POINT('',(-15.,-4.,2.15));
#7557 = DIRECTION('',(0.,0.,1.));
#7558 = DIRECTION('',(1.,0.,-0.));
#7559 = DEFINITIONAL_REPRESENTATION('',(#7560),#7564);
#7560 = LINE('',#7561,#7562);
#7561 = CARTESIAN_POINT('',(0.,0.));
#7562 = VECTOR('',#7563,1.);
#7563 = DIRECTION('',(0.,1.));
#7564 = ( GEOMETRIC_REPRESENTATION_CONTEXT(2) 
PARAMETRIC_REPRESENTATION_CONTEXT() REPRESENTATION_CONTEXT('2D SPACE',''
  ) );
#7565 = ADVANCED_FACE('',(#7566),#7472,.T.);
#7566 = FACE_BOUND('',#7567,.T.);
#7567 = EDGE_LOOP('',(#7568,#7598,#7619,#7620));
#7568 = ORIENTED_EDGE('',*,*,#7569,.F.);
#7569 = EDGE_CURVE('',#7570,#7572,#7574,.T.);
#7570 = VERTEX_POINT('',#7571);
#7571 = CARTESIAN_POINT('',(-12.5,-2.,1.9));
#7572 = VERTEX_POINT('',#7573);
#7573 = CARTESIAN_POINT('',(-12.5,-2.,2.15));
#7574 = SURFACE_CURVE('',#7575,(#7579,#7586),.PCURVE_S1.);
#7575 = LINE('',#7576,#7577);
#7576 = CARTESIAN_POINT('',(-12.5,-2.,1.9));
#7577 = VECTOR('',#7578,1.);
#7578 = DIRECTION('',(0.,0.,1.));
#7579 = PCURVE('',#7472,#7580);
#7580 = DEFINITIONAL_REPRESENTATION('',(#7581),#7585);
#7581 = LINE('',#7582,#7583);
#7582 = CARTESIAN_POINT('',(2.5,0.));
#7583 = VECTOR('',#7584,1.);
#7584 = DIRECTION('',(0.,-1.));
#7585 = ( GEOMETRIC_REPRESENTATION_CONTEXT(2) 
PARAMETRIC_REPRESENTATION_CONTEXT() REPRESENTATION_CONTEXT('2D SPACE',''
  ) );
#7586 = PCURVE('',#7587,#7592);
#7587 = PLANE('',#7588);
#7588 = AXIS2_PLACEMENT_3D('',#7589,#7590,#7591);
#7589 = CARTESIAN_POINT('',(-12.5,-4.,1.9));
#7590 = DIRECTION('',(-1.,-0.,0.));
#7591 = DIRECTION('',(-0.,1.,0.));
#7592 = DEFINITIONAL_REPRESENTATION('',(#7593),#7597);
#7593 = LINE('',#7594,#7595);
#7594 = CARTESIAN_POINT('',(2.,0.));
#7595 = VECTOR('',#7596,1.);
#7596 = DIRECTION('',(0.,-1.));
#7597 = ( GEOMETRIC_REPRESENTATION_CONTEXT(2) 
PARAMETRIC_REPRESENTATION_CONTEXT() REPRESENTATION_CONTEXT('2D SPACE',''
  ) );
#7598 = ORIENTED_EDGE('',*,*,#7599,.F.);
#7599 = EDGE_CURVE('',#7450,#7570,#7600,.T.);
#7600 = SURFACE_CURVE('',#7601,(#7605,#7612),.PCURVE_S1.);
#7601 = LINE('',#7602,#7603);
#7602 = CARTESIAN_POINT('',(-15.,-2.,1.9));
#7603 = VECTOR('',#7604,1.);
#7604 = DIRECTION('',(1.,0.,-0.));
#7605 = PCURVE('',#7472,#7606);
#7606 = DEFINITIONAL_REPRESENTATION('',(#7607),#7611);
#7607 = LINE('',#7608,#7609);
#7608 = CARTESIAN_POINT('',(0.,0.));
#7609 = VECTOR('',#7610,1.);
#7610 = DIRECTION('',(1.,0.));
#7611 = ( GEOMETRIC_REPRESENTATION_CONTEXT(2) 
PARAMETRIC_REPRESENTATION_CONTEXT() REPRESENTATION_CONTEXT('2D SPACE',''
  ) );
#7612 = PCURVE('',#7500,#7613);
#7613 = DEFINITIONAL_REPRESENTATION('',(#7614),#7618);
#7614 = LINE('',#7615,#7616);
#7615 = CARTESIAN_POINT('',(0.,2.));
#7616 = VECTOR('',#7617,1.);
#7617 = DIRECTION('',(1.,0.));
#7618 = ( GEOMETRIC_REPRESENTATION_CONTEXT(2) 
PARAMETRIC_REPRESENTATION_CONTEXT() REPRESENTATION_CONTEXT('2D SPACE',''
  ) );
#7619 = ORIENTED_EDGE('',*,*,#7449,.T.);
#7620 = ORIENTED_EDGE('',*,*,#7621,.T.);
#7621 = EDGE_CURVE('',#7452,#7572,#7622,.T.);
#7622 = SURFACE_CURVE('',#7623,(#7627,#7634),.PCURVE_S1.);
#7623 = LINE('',#7624,#7625);
#7624 = CARTESIAN_POINT('',(-15.,-2.,2.15));
#7625 = VECTOR('',#7626,1.);
#7626 = DIRECTION('',(1.,0.,-0.));
#7627 = PCURVE('',#7472,#7628);
#7628 = DEFINITIONAL_REPRESENTATION('',(#7629),#7633);
#7629 = LINE('',#7630,#7631);
#7630 = CARTESIAN_POINT('',(0.,-0.25));
#7631 = VECTOR('',#7632,1.);
#7632 = DIRECTION('',(1.,0.));
#7633 = ( GEOMETRIC_REPRESENTATION_CONTEXT(2) 
PARAMETRIC_REPRESENTATION_CONTEXT() REPRESENTATION_CONTEXT('2D SPACE',''
  ) );
#7634 = PCURVE('',#7554,#7635);
#7635 = DEFINITIONAL_REPRESENTATION('',(#7636),#7640);
#7636 = LINE('',#7637,#7638);
#7637 = CARTESIAN_POINT('',(0.,2.));
#7638 = VECTOR('',#7639,1.);
#7639 = DIRECTION('',(1.,0.));
#7640 = ( GEOMETRIC_REPRESENTATION_CONTEXT(2) 
PARAMETRIC_REPRESENTATION_CONTEXT() REPRESENTATION_CONTEXT('2D SPACE',''
  ) );
#7641 = ADVANCED_FACE('',(#7642),#7587,.F.);
#7642 = FACE_BOUND('',#7643,.F.);
#7643 = EDGE_LOOP('',(#7644,#7645,#7668,#7691));
#7644 = ORIENTED_EDGE('',*,*,#7569,.F.);
#7645 = ORIENTED_EDGE('',*,*,#7646,.F.);
#7646 = EDGE_CURVE('',#7647,#7570,#7649,.T.);
#7647 = VERTEX_POINT('',#7648);
#7648 = CARTESIAN_POINT('',(-12.5,-4.,1.9));
#7649 = SURFACE_CURVE('',#7650,(#7654,#7661),.PCURVE_S1.);
#7650 = LINE('',#7651,#7652);
#7651 = CARTESIAN_POINT('',(-12.5,-4.,1.9));
#7652 = VECTOR('',#7653,1.);
#7653 = DIRECTION('',(-0.,1.,0.));
#7654 = PCURVE('',#7587,#7655);
#7655 = DEFINITIONAL_REPRESENTATION('',(#7656),#7660);
#7656 = LINE('',#7657,#7658);
#7657 = CARTESIAN_POINT('',(0.,0.));
#7658 = VECTOR('',#7659,1.);
#7659 = DIRECTION('',(1.,0.));
#7660 = ( GEOMETRIC_REPRESENTATION_CONTEXT(2) 
PARAMETRIC_REPRESENTATION_CONTEXT() REPRESENTATION_CONTEXT('2D SPACE',''
  ) );
#7661 = PCURVE('',#7500,#7662);
#7662 = DEFINITIONAL_REPRESENTATION('',(#7663),#7667);
#7663 = LINE('',#7664,#7665);
#7664 = CARTESIAN_POINT('',(2.5,0.));
#7665 = VECTOR('',#7666,1.);
#7666 = DIRECTION('',(0.,1.));
#7667 = ( GEOMETRIC_REPRESENTATION_CONTEXT(2) 
PARAMETRIC_REPRESENTATION_CONTEXT() REPRESENTATION_CONTEXT('2D SPACE',''
  ) );
#7668 = ORIENTED_EDGE('',*,*,#7669,.T.);
#7669 = EDGE_CURVE('',#7647,#7670,#7672,.T.);
#7670 = VERTEX_POINT('',#7671);
#7671 = CARTESIAN_POINT('',(-12.5,-4.,2.15));
#7672 = SURFACE_CURVE('',#7673,(#7677,#7684),.PCURVE_S1.);
#7673 = LINE('',#7674,#7675);
#7674 = CARTESIAN_POINT('',(-12.5,-4.,1.9));
#7675 = VECTOR('',#7676,1.);
#7676 = DIRECTION('',(0.,0.,1.));
#7677 = PCURVE('',#7587,#7678);
#7678 = DEFINITIONAL_REPRESENTATION('',(#7679),#7683);
#7679 = LINE('',#7680,#7681);
#7680 = CARTESIAN_POINT('',(0.,0.));
#7681 = VECTOR('',#7682,1.);
#7682 = DIRECTION('',(0.,-1.));
#7683 = ( GEOMETRIC_REPRESENTATION_CONTEXT(2) 
PARAMETRIC_REPRESENTATION_CONTEXT() REPRESENTATION_CONTEXT('2D SPACE',''
  ) );
#7684 = PCURVE('',#7528,#7685);
#7685 = DEFINITIONAL_REPRESENTATION('',(#7686),#7690);
#7686 = LINE('',#7687,#7688);
#7687 = CARTESIAN_POINT('',(2.5,0.));
#7688 = VECTOR('',#7689,1.);
#7689 = DIRECTION('',(0.,-1.));
#7690 = ( GEOMETRIC_REPRESENTATION_CONTEXT(2) 
PARAMETRIC_REPRESENTATION_CONTEXT() REPRESENTATION_CONTEXT('2D SPACE',''
  ) );
#7691 = ORIENTED_EDGE('',*,*,#7692,.T.);
#7692 = EDGE_CURVE('',#7670,#7572,#7693,.T.);
#7693 = SURFACE_CURVE('',#7694,(#7698,#7705),.PCURVE_S1.);
#7694 = LINE('',#7695,#7696);
#7695 = CARTESIAN_POINT('',(-12.5,-4.,2.15));
#7696 = VECTOR('',#7697,1.);
#7697 = DIRECTION('',(-0.,1.,0.));
#7698 = PCURVE('',#7587,#7699);
#7699 = DEFINITIONAL_REPRESENTATION('',(#7700),#7704);
#7700 = LINE('',#7701,#7702);
#7701 = CARTESIAN_POINT('',(0.,-0.25));
#7702 = VECTOR('',#7703,1.);
#7703 = DIRECTION('',(1.,0.));
#7704 = ( GEOMETRIC_REPRESENTATION_CONTEXT(2) 
PARAMETRIC_REPRESENTATION_CONTEXT() REPRESENTATION_CONTEXT('2D SPACE',''
  ) );
#7705 = PCURVE('',#7554,#7706);
#7706 = DEFINITIONAL_REPRESENTATION('',(#7707),#7711);
#7707 = LINE('',#7708,#7709);
#7708 = CARTESIAN_POINT('',(2.5,0.));
#7709 = VECTOR('',#7710,1.);
#7710 = DIRECTION('',(0.,1.));
#7711 = ( GEOMETRIC_REPRESENTATION_CONTEXT(2) 
PARAMETRIC_REPRESENTATION_CONTEXT() REPRESENTATION_CONTEXT('2D SPACE',''
  ) );
#7712 = ADVANCED_FACE('',(#7713),#7528,.F.);
#7713 = FACE_BOUND('',#7714,.F.);
#7714 = EDGE_LOOP('',(#7715,#7716,#7737,#7738));
#7715 = ORIENTED_EDGE('',*,*,#7669,.F.);
#7716 = ORIENTED_EDGE('',*,*,#7717,.F.);
#7717 = EDGE_CURVE('',#7485,#7647,#7718,.T.);
#7718 = SURFACE_CURVE('',#7719,(#7723,#7730),.PCURVE_S1.);
#7719 = LINE('',#7720,#7721);
#7720 = CARTESIAN_POINT('',(-15.,-4.,1.9));
#7721 = VECTOR('',#7722,1.);
#7722 = DIRECTION('',(1.,0.,-0.));
#7723 = PCURVE('',#7528,#7724);
#7724 = DEFINITIONAL_REPRESENTATION('',(#7725),#7729);
#7725 = LINE('',#7726,#7727);
#7726 = CARTESIAN_POINT('',(0.,0.));
#7727 = VECTOR('',#7728,1.);
#7728 = DIRECTION('',(1.,0.));
#7729 = ( GEOMETRIC_REPRESENTATION_CONTEXT(2) 
PARAMETRIC_REPRESENTATION_CONTEXT() REPRESENTATION_CONTEXT('2D SPACE',''
  ) );
#7730 = PCURVE('',#7500,#7731);
#7731 = DEFINITIONAL_REPRESENTATION('',(#7732),#7736);
#7732 = LINE('',#7733,#7734);
#7733 = CARTESIAN_POINT('',(0.,0.));
#7734 = VECTOR('',#7735,1.);
#7735 = DIRECTION('',(1.,0.));
#7736 = ( GEOMETRIC_REPRESENTATION_CONTEXT(2) 
PARAMETRIC_REPRESENTATION_CONTEXT() REPRESENTATION_CONTEXT('2D SPACE',''
  ) );
#7737 = ORIENTED_EDGE('',*,*,#7512,.T.);
#7738 = ORIENTED_EDGE('',*,*,#7739,.T.);
#7739 = EDGE_CURVE('',#7513,#7670,#7740,.T.);
#7740 = SURFACE_CURVE('',#7741,(#7745,#7752),.PCURVE_S1.);
#7741 = LINE('',#7742,#7743);
#7742 = CARTESIAN_POINT('',(-15.,-4.,2.15));
#7743 = VECTOR('',#7744,1.);
#7744 = DIRECTION('',(1.,0.,-0.));
#7745 = PCURVE('',#7528,#7746);
#7746 = DEFINITIONAL_REPRESENTATION('',(#7747),#7751);
#7747 = LINE('',#7748,#7749);
#7748 = CARTESIAN_POINT('',(0.,-0.25));
#7749 = VECTOR('',#7750,1.);
#7750 = DIRECTION('',(1.,0.));
#7751 = ( GEOMETRIC_REPRESENTATION_CONTEXT(2) 
PARAMETRIC_REPRESENTATION_CONTEXT() REPRESENTATION_CONTEXT('2D SPACE',''
  ) );
#7752 = PCURVE('',#7554,#7753);
#7753 = DEFINITIONAL_REPRESENTATION('',(#7754),#7758);
#7754 = LINE('',#7755,#7756);
#7755 = CARTESIAN_POINT('',(0.,0.));
#7756 = VECTOR('',#7757,1.);
#7757 = DIRECTION('',(1.,0.));
#7758 = ( GEOMETRIC_REPRESENTATION_CONTEXT(2) 
PARAMETRIC_REPRESENTATION_CONTEXT() REPRESENTATION_CONTEXT('2D SPACE',''
  ) );
#7759 = ADVANCED_FACE('',(#7760),#7500,.F.);
#7760 = FACE_BOUND('',#7761,.F.);
#7761 = EDGE_LOOP('',(#7762,#7763,#7764,#7765));
#7762 = ORIENTED_EDGE('',*,*,#7484,.F.);
#7763 = ORIENTED_EDGE('',*,*,#7717,.T.);
#7764 = ORIENTED_EDGE('',*,*,#7646,.T.);
#7765 = ORIENTED_EDGE('',*,*,#7599,.F.);
#7766 = ADVANCED_FACE('',(#7767),#7554,.T.);
#7767 = FACE_BOUND('',#7768,.T.);
#7768 = EDGE_LOOP('',(#7769,#7770,#7771,#7772));
#7769 = ORIENTED_EDGE('',*,*,#7540,.F.);
#7770 = ORIENTED_EDGE('',*,*,#7739,.T.);
#7771 = ORIENTED_EDGE('',*,*,#7692,.T.);
#7772 = ORIENTED_EDGE('',*,*,#7621,.F.);
#7773 = ( GEOMETRIC_REPRESENTATION_CONTEXT(3) 
GLOBAL_UNCERTAINTY_ASSIGNED_CONTEXT((#7777)) 
GLOBAL_UNIT_ASSIGNED_CONTEXT((#7774,#7775,#7776)) REPRESENTATION_CONTEXT
('Context #1','3D Context with UNIT and UNCERTAINTY') );
#7774 = ( LENGTH_UNIT() NAMED_UNIT(*) SI_UNIT(.MILLI.,.METRE.) );
#7775 = ( NAMED_UNIT(*) PLANE_ANGLE_UNIT() SI_UNIT($,.RADIAN.) );
#7776 = ( NAMED_UNIT(*) SI_UNIT($,.STERADIAN.) SOLID_ANGLE_UNIT() );
#7777 = UNCERTAINTY_MEASURE_WITH_UNIT(LENGTH_MEASURE(1.E-07),#7774,
  'distance_accuracy_value','confusion accuracy');
#7778 = CONTEXT_DEPENDENT_SHAPE_REPRESENTATION(#7779,#7781);
#7779 = ( REPRESENTATION_RELATIONSHIP('','',#7442,#7411) 
REPRESENTATION_RELATIONSHIP_WITH_TRANSFORMATION(#7780) 
SHAPE_REPRESENTATION_RELATIONSHIP() );
#7780 = ITEM_DEFINED_TRANSFORMATION('','',#11,#7412);
#7781 = PRODUCT_DEFINITION_SHAPE('Placement','Placement of an item',
  #7782);
#7782 = NEXT_ASSEMBLY_USAGE_OCCURRENCE('33','=>[0:1:1:18]','',#7406,
  #7437,$);
#7783 = PRODUCT_RELATED_PRODUCT_CATEGORY('part',$,(#7439));
#7784 = SHAPE_DEFINITION_REPRESENTATION(#7785,#7791);
#7785 = PRODUCT_DEFINITION_SHAPE('','',#7786);
#7786 = PRODUCT_DEFINITION('design','',#7787,#7790);
#7787 = PRODUCT_DEFINITION_FORMATION('','',#7788);
#7788 = PRODUCT('SOLID','SOLID','',(#7789));
#7789 = PRODUCT_CONTEXT('',#2,'mechanical');
#7790 = PRODUCT_DEFINITION_CONTEXT('part definition',#2,'design');
#7791 = ADVANCED_BREP_SHAPE_REPRESENTATION('',(#11,#7792),#8122);
#7792 = MANIFOLD_SOLID_BREP('',#7793);
#7793 = CLOSED_SHELL('',(#7794,#7914,#7990,#8061,#8108,#8115));
#7794 = ADVANCED_FACE('',(#7795),#7809,.T.);
#7795 = FACE_BOUND('',#7796,.T.);
#7796 = EDGE_LOOP('',(#7797,#7832,#7860,#7888));
#7797 = ORIENTED_EDGE('',*,*,#7798,.F.);
#7798 = EDGE_CURVE('',#7799,#7801,#7803,.T.);
#7799 = VERTEX_POINT('',#7800);
#7800 = CARTESIAN_POINT('',(-15.,-5.,1.9));
#7801 = VERTEX_POINT('',#7802);
#7802 = CARTESIAN_POINT('',(-15.,-5.,2.15));
#7803 = SURFACE_CURVE('',#7804,(#7808,#7820),.PCURVE_S1.);
#7804 = LINE('',#7805,#7806);
#7805 = CARTESIAN_POINT('',(-15.,-5.,1.9));
#7806 = VECTOR('',#7807,1.);
#7807 = DIRECTION('',(0.,0.,1.));
#7808 = PCURVE('',#7809,#7814);
#7809 = PLANE('',#7810);
#7810 = AXIS2_PLACEMENT_3D('',#7811,#7812,#7813);
#7811 = CARTESIAN_POINT('',(-15.,-7.,1.9));
#7812 = DIRECTION('',(-1.,-0.,0.));
#7813 = DIRECTION('',(-0.,1.,0.));
#7814 = DEFINITIONAL_REPRESENTATION('',(#7815),#7819);
#7815 = LINE('',#7816,#7817);
#7816 = CARTESIAN_POINT('',(2.,0.));
#7817 = VECTOR('',#7818,1.);
#7818 = DIRECTION('',(0.,-1.));
#7819 = ( GEOMETRIC_REPRESENTATION_CONTEXT(2) 
PARAMETRIC_REPRESENTATION_CONTEXT() REPRESENTATION_CONTEXT('2D SPACE',''
  ) );
#7820 = PCURVE('',#7821,#7826);
#7821 = PLANE('',#7822);
#7822 = AXIS2_PLACEMENT_3D('',#7823,#7824,#7825);
#7823 = CARTESIAN_POINT('',(-15.,-5.,1.9));
#7824 = DIRECTION('',(-0.,1.,0.));
#7825 = DIRECTION('',(1.,0.,-0.));
#7826 = DEFINITIONAL_REPRESENTATION('',(#7827),#7831);
#7827 = LINE('',#7828,#7829);
#7828 = CARTESIAN_POINT('',(0.,0.));
#7829 = VECTOR('',#7830,1.);
#7830 = DIRECTION('',(0.,-1.));
#7831 = ( GEOMETRIC_REPRESENTATION_CONTEXT(2) 
PARAMETRIC_REPRESENTATION_CONTEXT() REPRESENTATION_CONTEXT('2D SPACE',''
  ) );
#7832 = ORIENTED_EDGE('',*,*,#7833,.F.);
#7833 = EDGE_CURVE('',#7834,#7799,#7836,.T.);
#7834 = VERTEX_POINT('',#7835);
#7835 = CARTESIAN_POINT('',(-15.,-7.,1.9));
#7836 = SURFACE_CURVE('',#7837,(#7841,#7848),.PCURVE_S1.);
#7837 = LINE('',#7838,#7839);
#7838 = CARTESIAN_POINT('',(-15.,-7.,1.9));
#7839 = VECTOR('',#7840,1.);
#7840 = DIRECTION('',(-0.,1.,0.));
#7841 = PCURVE('',#7809,#7842);
#7842 = DEFINITIONAL_REPRESENTATION('',(#7843),#7847);
#7843 = LINE('',#7844,#7845);
#7844 = CARTESIAN_POINT('',(0.,0.));
#7845 = VECTOR('',#7846,1.);
#7846 = DIRECTION('',(1.,0.));
#7847 = ( GEOMETRIC_REPRESENTATION_CONTEXT(2) 
PARAMETRIC_REPRESENTATION_CONTEXT() REPRESENTATION_CONTEXT('2D SPACE',''
  ) );
#7848 = PCURVE('',#7849,#7854);
#7849 = PLANE('',#7850);
#7850 = AXIS2_PLACEMENT_3D('',#7851,#7852,#7853);
#7851 = CARTESIAN_POINT('',(-15.,-7.,1.9));
#7852 = DIRECTION('',(0.,0.,1.));
#7853 = DIRECTION('',(1.,0.,-0.));
#7854 = DEFINITIONAL_REPRESENTATION('',(#7855),#7859);
#7855 = LINE('',#7856,#7857);
#7856 = CARTESIAN_POINT('',(0.,0.));
#7857 = VECTOR('',#7858,1.);
#7858 = DIRECTION('',(0.,1.));
#7859 = ( GEOMETRIC_REPRESENTATION_CONTEXT(2) 
PARAMETRIC_REPRESENTATION_CONTEXT() REPRESENTATION_CONTEXT('2D SPACE',''
  ) );
#7860 = ORIENTED_EDGE('',*,*,#7861,.T.);
#7861 = EDGE_CURVE('',#7834,#7862,#7864,.T.);
#7862 = VERTEX_POINT('',#7863);
#7863 = CARTESIAN_POINT('',(-15.,-7.,2.15));
#7864 = SURFACE_CURVE('',#7865,(#7869,#7876),.PCURVE_S1.);
#7865 = LINE('',#7866,#7867);
#7866 = CARTESIAN_POINT('',(-15.,-7.,1.9));
#7867 = VECTOR('',#7868,1.);
#7868 = DIRECTION('',(0.,0.,1.));
#7869 = PCURVE('',#7809,#7870);
#7870 = DEFINITIONAL_REPRESENTATION('',(#7871),#7875);
#7871 = LINE('',#7872,#7873);
#7872 = CARTESIAN_POINT('',(0.,0.));
#7873 = VECTOR('',#7874,1.);
#7874 = DIRECTION('',(0.,-1.));
#7875 = ( GEOMETRIC_REPRESENTATION_CONTEXT(2) 
PARAMETRIC_REPRESENTATION_CONTEXT() REPRESENTATION_CONTEXT('2D SPACE',''
  ) );
#7876 = PCURVE('',#7877,#7882);
#7877 = PLANE('',#7878);
#7878 = AXIS2_PLACEMENT_3D('',#7879,#7880,#7881);
#7879 = CARTESIAN_POINT('',(-15.,-7.,1.9));
#7880 = DIRECTION('',(-0.,1.,0.));
#7881 = DIRECTION('',(1.,0.,-0.));
#7882 = DEFINITIONAL_REPRESENTATION('',(#7883),#7887);
#7883 = LINE('',#7884,#7885);
#7884 = CARTESIAN_POINT('',(0.,0.));
#7885 = VECTOR('',#7886,1.);
#7886 = DIRECTION('',(0.,-1.));
#7887 = ( GEOMETRIC_REPRESENTATION_CONTEXT(2) 
PARAMETRIC_REPRESENTATION_CONTEXT() REPRESENTATION_CONTEXT('2D SPACE',''
  ) );
#7888 = ORIENTED_EDGE('',*,*,#7889,.T.);
#7889 = EDGE_CURVE('',#7862,#7801,#7890,.T.);
#7890 = SURFACE_CURVE('',#7891,(#7895,#7902),.PCURVE_S1.);
#7891 = LINE('',#7892,#7893);
#7892 = CARTESIAN_POINT('',(-15.,-7.,2.15));
#7893 = VECTOR('',#7894,1.);
#7894 = DIRECTION('',(-0.,1.,0.));
#7895 = PCURVE('',#7809,#7896);
#7896 = DEFINITIONAL_REPRESENTATION('',(#7897),#7901);
#7897 = LINE('',#7898,#7899);
#7898 = CARTESIAN_POINT('',(0.,-0.25));
#7899 = VECTOR('',#7900,1.);
#7900 = DIRECTION('',(1.,0.));
#7901 = ( GEOMETRIC_REPRESENTATION_CONTEXT(2) 
PARAMETRIC_REPRESENTATION_CONTEXT() REPRESENTATION_CONTEXT('2D SPACE',''
  ) );
#7902 = PCURVE('',#7903,#7908);
#7903 = PLANE('',#7904);
#7904 = AXIS2_PLACEMENT_3D('',#7905,#7906,#7907);
#7905 = CARTESIAN_POINT('',(-15.,-7.,2.15));
#7906 = DIRECTION('',(0.,0.,1.));
#7907 = DIRECTION('',(1.,0.,-0.));
#7908 = DEFINITIONAL_REPRESENTATION('',(#7909),#7913);
#7909 = LINE('',#7910,#7911);
#7910 = CARTESIAN_POINT('',(0.,0.));
#7911 = VECTOR('',#7912,1.);
#7912 = DIRECTION('',(0.,1.));
#7913 = ( GEOMETRIC_REPRESENTATION_CONTEXT(2) 
PARAMETRIC_REPRESENTATION_CONTEXT() REPRESENTATION_CONTEXT('2D SPACE',''
  ) );
#7914 = ADVANCED_FACE('',(#7915),#7821,.T.);
#7915 = FACE_BOUND('',#7916,.T.);
#7916 = EDGE_LOOP('',(#7917,#7947,#7968,#7969));
#7917 = ORIENTED_EDGE('',*,*,#7918,.F.);
#7918 = EDGE_CURVE('',#7919,#7921,#7923,.T.);
#7919 = VERTEX_POINT('',#7920);
#7920 = CARTESIAN_POINT('',(-12.5,-5.,1.9));
#7921 = VERTEX_POINT('',#7922);
#7922 = CARTESIAN_POINT('',(-12.5,-5.,2.15));
#7923 = SURFACE_CURVE('',#7924,(#7928,#7935),.PCURVE_S1.);
#7924 = LINE('',#7925,#7926);
#7925 = CARTESIAN_POINT('',(-12.5,-5.,1.9));
#7926 = VECTOR('',#7927,1.);
#7927 = DIRECTION('',(0.,0.,1.));
#7928 = PCURVE('',#7821,#7929);
#7929 = DEFINITIONAL_REPRESENTATION('',(#7930),#7934);
#7930 = LINE('',#7931,#7932);
#7931 = CARTESIAN_POINT('',(2.5,0.));
#7932 = VECTOR('',#7933,1.);
#7933 = DIRECTION('',(0.,-1.));
#7934 = ( GEOMETRIC_REPRESENTATION_CONTEXT(2) 
PARAMETRIC_REPRESENTATION_CONTEXT() REPRESENTATION_CONTEXT('2D SPACE',''
  ) );
#7935 = PCURVE('',#7936,#7941);
#7936 = PLANE('',#7937);
#7937 = AXIS2_PLACEMENT_3D('',#7938,#7939,#7940);
#7938 = CARTESIAN_POINT('',(-12.5,-7.,1.9));
#7939 = DIRECTION('',(-1.,-0.,0.));
#7940 = DIRECTION('',(-0.,1.,0.));
#7941 = DEFINITIONAL_REPRESENTATION('',(#7942),#7946);
#7942 = LINE('',#7943,#7944);
#7943 = CARTESIAN_POINT('',(2.,0.));
#7944 = VECTOR('',#7945,1.);
#7945 = DIRECTION('',(0.,-1.));
#7946 = ( GEOMETRIC_REPRESENTATION_CONTEXT(2) 
PARAMETRIC_REPRESENTATION_CONTEXT() REPRESENTATION_CONTEXT('2D SPACE',''
  ) );
#7947 = ORIENTED_EDGE('',*,*,#7948,.F.);
#7948 = EDGE_CURVE('',#7799,#7919,#7949,.T.);
#7949 = SURFACE_CURVE('',#7950,(#7954,#7961),.PCURVE_S1.);
#7950 = LINE('',#7951,#7952);
#7951 = CARTESIAN_POINT('',(-15.,-5.,1.9));
#7952 = VECTOR('',#7953,1.);
#7953 = DIRECTION('',(1.,0.,-0.));
#7954 = PCURVE('',#7821,#7955);
#7955 = DEFINITIONAL_REPRESENTATION('',(#7956),#7960);
#7956 = LINE('',#7957,#7958);
#7957 = CARTESIAN_POINT('',(0.,0.));
#7958 = VECTOR('',#7959,1.);
#7959 = DIRECTION('',(1.,0.));
#7960 = ( GEOMETRIC_REPRESENTATION_CONTEXT(2) 
PARAMETRIC_REPRESENTATION_CONTEXT() REPRESENTATION_CONTEXT('2D SPACE',''
  ) );
#7961 = PCURVE('',#7849,#7962);
#7962 = DEFINITIONAL_REPRESENTATION('',(#7963),#7967);
#7963 = LINE('',#7964,#7965);
#7964 = CARTESIAN_POINT('',(0.,2.));
#7965 = VECTOR('',#7966,1.);
#7966 = DIRECTION('',(1.,0.));
#7967 = ( GEOMETRIC_REPRESENTATION_CONTEXT(2) 
PARAMETRIC_REPRESENTATION_CONTEXT() REPRESENTATION_CONTEXT('2D SPACE',''
  ) );
#7968 = ORIENTED_EDGE('',*,*,#7798,.T.);
#7969 = ORIENTED_EDGE('',*,*,#7970,.T.);
#7970 = EDGE_CURVE('',#7801,#7921,#7971,.T.);
#7971 = SURFACE_CURVE('',#7972,(#7976,#7983),.PCURVE_S1.);
#7972 = LINE('',#7973,#7974);
#7973 = CARTESIAN_POINT('',(-15.,-5.,2.15));
#7974 = VECTOR('',#7975,1.);
#7975 = DIRECTION('',(1.,0.,-0.));
#7976 = PCURVE('',#7821,#7977);
#7977 = DEFINITIONAL_REPRESENTATION('',(#7978),#7982);
#7978 = LINE('',#7979,#7980);
#7979 = CARTESIAN_POINT('',(0.,-0.25));
#7980 = VECTOR('',#7981,1.);
#7981 = DIRECTION('',(1.,0.));
#7982 = ( GEOMETRIC_REPRESENTATION_CONTEXT(2) 
PARAMETRIC_REPRESENTATION_CONTEXT() REPRESENTATION_CONTEXT('2D SPACE',''
  ) );
#7983 = PCURVE('',#7903,#7984);
#7984 = DEFINITIONAL_REPRESENTATION('',(#7985),#7989);
#7985 = LINE('',#7986,#7987);
#7986 = CARTESIAN_POINT('',(0.,2.));
#7987 = VECTOR('',#7988,1.);
#7988 = DIRECTION('',(1.,0.));
#7989 = ( GEOMETRIC_REPRESENTATION_CONTEXT(2) 
PARAMETRIC_REPRESENTATION_CONTEXT() REPRESENTATION_CONTEXT('2D SPACE',''
  ) );
#7990 = ADVANCED_FACE('',(#7991),#7936,.F.);
#7991 = FACE_BOUND('',#7992,.F.);
#7992 = EDGE_LOOP('',(#7993,#7994,#8017,#8040));
#7993 = ORIENTED_EDGE('',*,*,#7918,.F.);
#7994 = ORIENTED_EDGE('',*,*,#7995,.F.);
#7995 = EDGE_CURVE('',#7996,#7919,#7998,.T.);
#7996 = VERTEX_POINT('',#7997);
#7997 = CARTESIAN_POINT('',(-12.5,-7.,1.9));
#7998 = SURFACE_CURVE('',#7999,(#8003,#8010),.PCURVE_S1.);
#7999 = LINE('',#8000,#8001);
#8000 = CARTESIAN_POINT('',(-12.5,-7.,1.9));
#8001 = VECTOR('',#8002,1.);
#8002 = DIRECTION('',(-0.,1.,0.));
#8003 = PCURVE('',#7936,#8004);
#8004 = DEFINITIONAL_REPRESENTATION('',(#8005),#8009);
#8005 = LINE('',#8006,#8007);
#8006 = CARTESIAN_POINT('',(0.,0.));
#8007 = VECTOR('',#8008,1.);
#8008 = DIRECTION('',(1.,0.));
#8009 = ( GEOMETRIC_REPRESENTATION_CONTEXT(2) 
PARAMETRIC_REPRESENTATION_CONTEXT() REPRESENTATION_CONTEXT('2D SPACE',''
  ) );
#8010 = PCURVE('',#7849,#8011);
#8011 = DEFINITIONAL_REPRESENTATION('',(#8012),#8016);
#8012 = LINE('',#8013,#8014);
#8013 = CARTESIAN_POINT('',(2.5,0.));
#8014 = VECTOR('',#8015,1.);
#8015 = DIRECTION('',(0.,1.));
#8016 = ( GEOMETRIC_REPRESENTATION_CONTEXT(2) 
PARAMETRIC_REPRESENTATION_CONTEXT() REPRESENTATION_CONTEXT('2D SPACE',''
  ) );
#8017 = ORIENTED_EDGE('',*,*,#8018,.T.);
#8018 = EDGE_CURVE('',#7996,#8019,#8021,.T.);
#8019 = VERTEX_POINT('',#8020);
#8020 = CARTESIAN_POINT('',(-12.5,-7.,2.15));
#8021 = SURFACE_CURVE('',#8022,(#8026,#8033),.PCURVE_S1.);
#8022 = LINE('',#8023,#8024);
#8023 = CARTESIAN_POINT('',(-12.5,-7.,1.9));
#8024 = VECTOR('',#8025,1.);
#8025 = DIRECTION('',(0.,0.,1.));
#8026 = PCURVE('',#7936,#8027);
#8027 = DEFINITIONAL_REPRESENTATION('',(#8028),#8032);
#8028 = LINE('',#8029,#8030);
#8029 = CARTESIAN_POINT('',(0.,0.));
#8030 = VECTOR('',#8031,1.);
#8031 = DIRECTION('',(0.,-1.));
#8032 = ( GEOMETRIC_REPRESENTATION_CONTEXT(2) 
PARAMETRIC_REPRESENTATION_CONTEXT() REPRESENTATION_CONTEXT('2D SPACE',''
  ) );
#8033 = PCURVE('',#7877,#8034);
#8034 = DEFINITIONAL_REPRESENTATION('',(#8035),#8039);
#8035 = LINE('',#8036,#8037);
#8036 = CARTESIAN_POINT('',(2.5,0.));
#8037 = VECTOR('',#8038,1.);
#8038 = DIRECTION('',(0.,-1.));
#8039 = ( GEOMETRIC_REPRESENTATION_CONTEXT(2) 
PARAMETRIC_REPRESENTATION_CONTEXT() REPRESENTATION_CONTEXT('2D SPACE',''
  ) );
#8040 = ORIENTED_EDGE('',*,*,#8041,.T.);
#8041 = EDGE_CURVE('',#8019,#7921,#8042,.T.);
#8042 = SURFACE_CURVE('',#8043,(#8047,#8054),.PCURVE_S1.);
#8043 = LINE('',#8044,#8045);
#8044 = CARTESIAN_POINT('',(-12.5,-7.,2.15));
#8045 = VECTOR('',#8046,1.);
#8046 = DIRECTION('',(-0.,1.,0.));
#8047 = PCURVE('',#7936,#8048);
#8048 = DEFINITIONAL_REPRESENTATION('',(#8049),#8053);
#8049 = LINE('',#8050,#8051);
#8050 = CARTESIAN_POINT('',(0.,-0.25));
#8051 = VECTOR('',#8052,1.);
#8052 = DIRECTION('',(1.,0.));
#8053 = ( GEOMETRIC_REPRESENTATION_CONTEXT(2) 
PARAMETRIC_REPRESENTATION_CONTEXT() REPRESENTATION_CONTEXT('2D SPACE',''
  ) );
#8054 = PCURVE('',#7903,#8055);
#8055 = DEFINITIONAL_REPRESENTATION('',(#8056),#8060);
#8056 = LINE('',#8057,#8058);
#8057 = CARTESIAN_POINT('',(2.5,0.));
#8058 = VECTOR('',#8059,1.);
#8059 = DIRECTION('',(0.,1.));
#8060 = ( GEOMETRIC_REPRESENTATION_CONTEXT(2) 
PARAMETRIC_REPRESENTATION_CONTEXT() REPRESENTATION_CONTEXT('2D SPACE',''
  ) );
#8061 = ADVANCED_FACE('',(#8062),#7877,.F.);
#8062 = FACE_BOUND('',#8063,.F.);
#8063 = EDGE_LOOP('',(#8064,#8065,#8086,#8087));
#8064 = ORIENTED_EDGE('',*,*,#8018,.F.);
#8065 = ORIENTED_EDGE('',*,*,#8066,.F.);
#8066 = EDGE_CURVE('',#7834,#7996,#8067,.T.);
#8067 = SURFACE_CURVE('',#8068,(#8072,#8079),.PCURVE_S1.);
#8068 = LINE('',#8069,#8070);
#8069 = CARTESIAN_POINT('',(-15.,-7.,1.9));
#8070 = VECTOR('',#8071,1.);
#8071 = DIRECTION('',(1.,0.,-0.));
#8072 = PCURVE('',#7877,#8073);
#8073 = DEFINITIONAL_REPRESENTATION('',(#8074),#8078);
#8074 = LINE('',#8075,#8076);
#8075 = CARTESIAN_POINT('',(0.,0.));
#8076 = VECTOR('',#8077,1.);
#8077 = DIRECTION('',(1.,0.));
#8078 = ( GEOMETRIC_REPRESENTATION_CONTEXT(2) 
PARAMETRIC_REPRESENTATION_CONTEXT() REPRESENTATION_CONTEXT('2D SPACE',''
  ) );
#8079 = PCURVE('',#7849,#8080);
#8080 = DEFINITIONAL_REPRESENTATION('',(#8081),#8085);
#8081 = LINE('',#8082,#8083);
#8082 = CARTESIAN_POINT('',(0.,0.));
#8083 = VECTOR('',#8084,1.);
#8084 = DIRECTION('',(1.,0.));
#8085 = ( GEOMETRIC_REPRESENTATION_CONTEXT(2) 
PARAMETRIC_REPRESENTATION_CONTEXT() REPRESENTATION_CONTEXT('2D SPACE',''
  ) );
#8086 = ORIENTED_EDGE('',*,*,#7861,.T.);
#8087 = ORIENTED_EDGE('',*,*,#8088,.T.);
#8088 = EDGE_CURVE('',#7862,#8019,#8089,.T.);
#8089 = SURFACE_CURVE('',#8090,(#8094,#8101),.PCURVE_S1.);
#8090 = LINE('',#8091,#8092);
#8091 = CARTESIAN_POINT('',(-15.,-7.,2.15));
#8092 = VECTOR('',#8093,1.);
#8093 = DIRECTION('',(1.,0.,-0.));
#8094 = PCURVE('',#7877,#8095);
#8095 = DEFINITIONAL_REPRESENTATION('',(#8096),#8100);
#8096 = LINE('',#8097,#8098);
#8097 = CARTESIAN_POINT('',(0.,-0.25));
#8098 = VECTOR('',#8099,1.);
#8099 = DIRECTION('',(1.,0.));
#8100 = ( GEOMETRIC_REPRESENTATION_CONTEXT(2) 
PARAMETRIC_REPRESENTATION_CONTEXT() REPRESENTATION_CONTEXT('2D SPACE',''
  ) );
#8101 = PCURVE('',#7903,#8102);
#8102 = DEFINITIONAL_REPRESENTATION('',(#8103),#8107);
#8103 = LINE('',#8104,#8105);
#8104 = CARTESIAN_POINT('',(0.,0.));
#8105 = VECTOR('',#8106,1.);
#8106 = DIRECTION('',(1.,0.));
#8107 = ( GEOMETRIC_REPRESENTATION_CONTEXT(2) 
PARAMETRIC_REPRESENTATION_CONTEXT() REPRESENTATION_CONTEXT('2D SPACE',''
  ) );
#8108 = ADVANCED_FACE('',(#8109),#7849,.F.);
#8109 = FACE_BOUND('',#8110,.F.);
#8110 = EDGE_LOOP('',(#8111,#8112,#8113,#8114));
#8111 = ORIENTED_EDGE('',*,*,#7833,.F.);
#8112 = ORIENTED_EDGE('',*,*,#8066,.T.);
#8113 = ORIENTED_EDGE('',*,*,#7995,.T.);
#8114 = ORIENTED_EDGE('',*,*,#7948,.F.);
#8115 = ADVANCED_FACE('',(#8116),#7903,.T.);
#8116 = FACE_BOUND('',#8117,.T.);
#8117 = EDGE_LOOP('',(#8118,#8119,#8120,#8121));
#8118 = ORIENTED_EDGE('',*,*,#7889,.F.);
#8119 = ORIENTED_EDGE('',*,*,#8088,.T.);
#8120 = ORIENTED_EDGE('',*,*,#8041,.T.);
#8121 = ORIENTED_EDGE('',*,*,#7970,.F.);
#8122 = ( GEOMETRIC_REPRESENTATION_CONTEXT(3) 
GLOBAL_UNCERTAINTY_ASSIGNED_CONTEXT((#8126)) 
GLOBAL_UNIT_ASSIGNED_CONTEXT((#8123,#8124,#8125)) REPRESENTATION_CONTEXT
('Context #1','3D Context with UNIT and UNCERTAINTY') );
#8123 = ( LENGTH_UNIT() NAMED_UNIT(*) SI_UNIT(.MILLI.,.METRE.) );
#8124 = ( NAMED_UNIT(*) PLANE_ANGLE_UNIT() SI_UNIT($,.RADIAN.) );
#8125 = ( NAMED_UNIT(*) SI_UNIT($,.STERADIAN.) SOLID_ANGLE_UNIT() );
#8126 = UNCERTAINTY_MEASURE_WITH_UNIT(LENGTH_MEASURE(1.E-07),#8123,
  'distance_accuracy_value','confusion accuracy');
#8127 = CONTEXT_DEPENDENT_SHAPE_REPRESENTATION(#8128,#8130);
#8128 = ( REPRESENTATION_RELATIONSHIP('','',#7791,#7411) 
REPRESENTATION_RELATIONSHIP_WITH_TRANSFORMATION(#8129) 
SHAPE_REPRESENTATION_RELATIONSHIP() );
#8129 = ITEM_DEFINED_TRANSFORMATION('','',#11,#7416);
#8130 = PRODUCT_DEFINITION_SHAPE('Placement','Placement of an item',
  #8131);
#8131 = NEXT_ASSEMBLY_USAGE_OCCURRENCE('34','=>[0:1:1:19]','',#7406,
  #7786,$);
#8132 = PRODUCT_RELATED_PRODUCT_CATEGORY('part',$,(#7788));
#8133 = SHAPE_DEFINITION_REPRESENTATION(#8134,#8140);
#8134 = PRODUCT_DEFINITION_SHAPE('','',#8135);
#8135 = PRODUCT_DEFINITION('design','',#8136,#8139);
#8136 = PRODUCT_DEFINITION_FORMATION('','',#8137);
#8137 = PRODUCT('SOLID','SOLID','',(#8138));
#8138 = PRODUCT_CONTEXT('',#2,'mechanical');
#8139 = PRODUCT_DEFINITION_CONTEXT('part definition',#2,'design');
#8140 = ADVANCED_BREP_SHAPE_REPRESENTATION('',(#11,#8141),#8471);
#8141 = MANIFOLD_SOLID_BREP('',#8142);
#8142 = CLOSED_SHELL('',(#8143,#8263,#8339,#8410,#8457,#8464));
#8143 = ADVANCED_FACE('',(#8144),#8158,.T.);
#8144 = FACE_BOUND('',#8145,.T.);
#8145 = EDGE_LOOP('',(#8146,#8181,#8209,#8237));
#8146 = ORIENTED_EDGE('',*,*,#8147,.F.);
#8147 = EDGE_CURVE('',#8148,#8150,#8152,.T.);
#8148 = VERTEX_POINT('',#8149);
#8149 = CARTESIAN_POINT('',(-15.,-8.,1.9));
#8150 = VERTEX_POINT('',#8151);
#8151 = CARTESIAN_POINT('',(-15.,-8.,2.15));
#8152 = SURFACE_CURVE('',#8153,(#8157,#8169),.PCURVE_S1.);
#8153 = LINE('',#8154,#8155);
#8154 = CARTESIAN_POINT('',(-15.,-8.,1.9));
#8155 = VECTOR('',#8156,1.);
#8156 = DIRECTION('',(0.,0.,1.));
#8157 = PCURVE('',#8158,#8163);
#8158 = PLANE('',#8159);
#8159 = AXIS2_PLACEMENT_3D('',#8160,#8161,#8162);
#8160 = CARTESIAN_POINT('',(-15.,-10.,1.9));
#8161 = DIRECTION('',(-1.,-0.,0.));
#8162 = DIRECTION('',(-0.,1.,0.));
#8163 = DEFINITIONAL_REPRESENTATION('',(#8164),#8168);
#8164 = LINE('',#8165,#8166);
#8165 = CARTESIAN_POINT('',(2.,0.));
#8166 = VECTOR('',#8167,1.);
#8167 = DIRECTION('',(0.,-1.));
#8168 = ( GEOMETRIC_REPRESENTATION_CONTEXT(2) 
PARAMETRIC_REPRESENTATION_CONTEXT() REPRESENTATION_CONTEXT('2D SPACE',''
  ) );
#8169 = PCURVE('',#8170,#8175);
#8170 = PLANE('',#8171);
#8171 = AXIS2_PLACEMENT_3D('',#8172,#8173,#8174);
#8172 = CARTESIAN_POINT('',(-15.,-8.,1.9));
#8173 = DIRECTION('',(-0.,1.,0.));
#8174 = DIRECTION('',(1.,0.,-0.));
#8175 = DEFINITIONAL_REPRESENTATION('',(#8176),#8180);
#8176 = LINE('',#8177,#8178);
#8177 = CARTESIAN_POINT('',(0.,0.));
#8178 = VECTOR('',#8179,1.);
#8179 = DIRECTION('',(0.,-1.));
#8180 = ( GEOMETRIC_REPRESENTATION_CONTEXT(2) 
PARAMETRIC_REPRESENTATION_CONTEXT() REPRESENTATION_CONTEXT('2D SPACE',''
  ) );
#8181 = ORIENTED_EDGE('',*,*,#8182,.F.);
#8182 = EDGE_CURVE('',#8183,#8148,#8185,.T.);
#8183 = VERTEX_POINT('',#8184);
#8184 = CARTESIAN_POINT('',(-15.,-10.,1.9));
#8185 = SURFACE_CURVE('',#8186,(#8190,#8197),.PCURVE_S1.);
#8186 = LINE('',#8187,#8188);
#8187 = CARTESIAN_POINT('',(-15.,-10.,1.9));
#8188 = VECTOR('',#8189,1.);
#8189 = DIRECTION('',(-0.,1.,0.));
#8190 = PCURVE('',#8158,#8191);
#8191 = DEFINITIONAL_REPRESENTATION('',(#8192),#8196);
#8192 = LINE('',#8193,#8194);
#8193 = CARTESIAN_POINT('',(0.,0.));
#8194 = VECTOR('',#8195,1.);
#8195 = DIRECTION('',(1.,0.));
#8196 = ( GEOMETRIC_REPRESENTATION_CONTEXT(2) 
PARAMETRIC_REPRESENTATION_CONTEXT() REPRESENTATION_CONTEXT('2D SPACE',''
  ) );
#8197 = PCURVE('',#8198,#8203);
#8198 = PLANE('',#8199);
#8199 = AXIS2_PLACEMENT_3D('',#8200,#8201,#8202);
#8200 = CARTESIAN_POINT('',(-15.,-10.,1.9));
#8201 = DIRECTION('',(0.,0.,1.));
#8202 = DIRECTION('',(1.,0.,-0.));
#8203 = DEFINITIONAL_REPRESENTATION('',(#8204),#8208);
#8204 = LINE('',#8205,#8206);
#8205 = CARTESIAN_POINT('',(0.,0.));
#8206 = VECTOR('',#8207,1.);
#8207 = DIRECTION('',(0.,1.));
#8208 = ( GEOMETRIC_REPRESENTATION_CONTEXT(2) 
PARAMETRIC_REPRESENTATION_CONTEXT() REPRESENTATION_CONTEXT('2D SPACE',''
  ) );
#8209 = ORIENTED_EDGE('',*,*,#8210,.T.);
#8210 = EDGE_CURVE('',#8183,#8211,#8213,.T.);
#8211 = VERTEX_POINT('',#8212);
#8212 = CARTESIAN_POINT('',(-15.,-10.,2.15));
#8213 = SURFACE_CURVE('',#8214,(#8218,#8225),.PCURVE_S1.);
#8214 = LINE('',#8215,#8216);
#8215 = CARTESIAN_POINT('',(-15.,-10.,1.9));
#8216 = VECTOR('',#8217,1.);
#8217 = DIRECTION('',(0.,0.,1.));
#8218 = PCURVE('',#8158,#8219);
#8219 = DEFINITIONAL_REPRESENTATION('',(#8220),#8224);
#8220 = LINE('',#8221,#8222);
#8221 = CARTESIAN_POINT('',(0.,0.));
#8222 = VECTOR('',#8223,1.);
#8223 = DIRECTION('',(0.,-1.));
#8224 = ( GEOMETRIC_REPRESENTATION_CONTEXT(2) 
PARAMETRIC_REPRESENTATION_CONTEXT() REPRESENTATION_CONTEXT('2D SPACE',''
  ) );
#8225 = PCURVE('',#8226,#8231);
#8226 = PLANE('',#8227);
#8227 = AXIS2_PLACEMENT_3D('',#8228,#8229,#8230);
#8228 = CARTESIAN_POINT('',(-15.,-10.,1.9));
#8229 = DIRECTION('',(-0.,1.,0.));
#8230 = DIRECTION('',(1.,0.,-0.));
#8231 = DEFINITIONAL_REPRESENTATION('',(#8232),#8236);
#8232 = LINE('',#8233,#8234);
#8233 = CARTESIAN_POINT('',(0.,0.));
#8234 = VECTOR('',#8235,1.);
#8235 = DIRECTION('',(0.,-1.));
#8236 = ( GEOMETRIC_REPRESENTATION_CONTEXT(2) 
PARAMETRIC_REPRESENTATION_CONTEXT() REPRESENTATION_CONTEXT('2D SPACE',''
  ) );
#8237 = ORIENTED_EDGE('',*,*,#8238,.T.);
#8238 = EDGE_CURVE('',#8211,#8150,#8239,.T.);
#8239 = SURFACE_CURVE('',#8240,(#8244,#8251),.PCURVE_S1.);
#8240 = LINE('',#8241,#8242);
#8241 = CARTESIAN_POINT('',(-15.,-10.,2.15));
#8242 = VECTOR('',#8243,1.);
#8243 = DIRECTION('',(-0.,1.,0.));
#8244 = PCURVE('',#8158,#8245);
#8245 = DEFINITIONAL_REPRESENTATION('',(#8246),#8250);
#8246 = LINE('',#8247,#8248);
#8247 = CARTESIAN_POINT('',(0.,-0.25));
#8248 = VECTOR('',#8249,1.);
#8249 = DIRECTION('',(1.,0.));
#8250 = ( GEOMETRIC_REPRESENTATION_CONTEXT(2) 
PARAMETRIC_REPRESENTATION_CONTEXT() REPRESENTATION_CONTEXT('2D SPACE',''
  ) );
#8251 = PCURVE('',#8252,#8257);
#8252 = PLANE('',#8253);
#8253 = AXIS2_PLACEMENT_3D('',#8254,#8255,#8256);
#8254 = CARTESIAN_POINT('',(-15.,-10.,2.15));
#8255 = DIRECTION('',(0.,0.,1.));
#8256 = DIRECTION('',(1.,0.,-0.));
#8257 = DEFINITIONAL_REPRESENTATION('',(#8258),#8262);
#8258 = LINE('',#8259,#8260);
#8259 = CARTESIAN_POINT('',(0.,0.));
#8260 = VECTOR('',#8261,1.);
#8261 = DIRECTION('',(0.,1.));
#8262 = ( GEOMETRIC_REPRESENTATION_CONTEXT(2) 
PARAMETRIC_REPRESENTATION_CONTEXT() REPRESENTATION_CONTEXT('2D SPACE',''
  ) );
#8263 = ADVANCED_FACE('',(#8264),#8170,.T.);
#8264 = FACE_BOUND('',#8265,.T.);
#8265 = EDGE_LOOP('',(#8266,#8296,#8317,#8318));
#8266 = ORIENTED_EDGE('',*,*,#8267,.F.);
#8267 = EDGE_CURVE('',#8268,#8270,#8272,.T.);
#8268 = VERTEX_POINT('',#8269);
#8269 = CARTESIAN_POINT('',(-12.5,-8.,1.9));
#8270 = VERTEX_POINT('',#8271);
#8271 = CARTESIAN_POINT('',(-12.5,-8.,2.15));
#8272 = SURFACE_CURVE('',#8273,(#8277,#8284),.PCURVE_S1.);
#8273 = LINE('',#8274,#8275);
#8274 = CARTESIAN_POINT('',(-12.5,-8.,1.9));
#8275 = VECTOR('',#8276,1.);
#8276 = DIRECTION('',(0.,0.,1.));
#8277 = PCURVE('',#8170,#8278);
#8278 = DEFINITIONAL_REPRESENTATION('',(#8279),#8283);
#8279 = LINE('',#8280,#8281);
#8280 = CARTESIAN_POINT('',(2.5,0.));
#8281 = VECTOR('',#8282,1.);
#8282 = DIRECTION('',(0.,-1.));
#8283 = ( GEOMETRIC_REPRESENTATION_CONTEXT(2) 
PARAMETRIC_REPRESENTATION_CONTEXT() REPRESENTATION_CONTEXT('2D SPACE',''
  ) );
#8284 = PCURVE('',#8285,#8290);
#8285 = PLANE('',#8286);
#8286 = AXIS2_PLACEMENT_3D('',#8287,#8288,#8289);
#8287 = CARTESIAN_POINT('',(-12.5,-10.,1.9));
#8288 = DIRECTION('',(-1.,-0.,0.));
#8289 = DIRECTION('',(-0.,1.,0.));
#8290 = DEFINITIONAL_REPRESENTATION('',(#8291),#8295);
#8291 = LINE('',#8292,#8293);
#8292 = CARTESIAN_POINT('',(2.,0.));
#8293 = VECTOR('',#8294,1.);
#8294 = DIRECTION('',(0.,-1.));
#8295 = ( GEOMETRIC_REPRESENTATION_CONTEXT(2) 
PARAMETRIC_REPRESENTATION_CONTEXT() REPRESENTATION_CONTEXT('2D SPACE',''
  ) );
#8296 = ORIENTED_EDGE('',*,*,#8297,.F.);
#8297 = EDGE_CURVE('',#8148,#8268,#8298,.T.);
#8298 = SURFACE_CURVE('',#8299,(#8303,#8310),.PCURVE_S1.);
#8299 = LINE('',#8300,#8301);
#8300 = CARTESIAN_POINT('',(-15.,-8.,1.9));
#8301 = VECTOR('',#8302,1.);
#8302 = DIRECTION('',(1.,0.,-0.));
#8303 = PCURVE('',#8170,#8304);
#8304 = DEFINITIONAL_REPRESENTATION('',(#8305),#8309);
#8305 = LINE('',#8306,#8307);
#8306 = CARTESIAN_POINT('',(0.,0.));
#8307 = VECTOR('',#8308,1.);
#8308 = DIRECTION('',(1.,0.));
#8309 = ( GEOMETRIC_REPRESENTATION_CONTEXT(2) 
PARAMETRIC_REPRESENTATION_CONTEXT() REPRESENTATION_CONTEXT('2D SPACE',''
  ) );
#8310 = PCURVE('',#8198,#8311);
#8311 = DEFINITIONAL_REPRESENTATION('',(#8312),#8316);
#8312 = LINE('',#8313,#8314);
#8313 = CARTESIAN_POINT('',(0.,2.));
#8314 = VECTOR('',#8315,1.);
#8315 = DIRECTION('',(1.,0.));
#8316 = ( GEOMETRIC_REPRESENTATION_CONTEXT(2) 
PARAMETRIC_REPRESENTATION_CONTEXT() REPRESENTATION_CONTEXT('2D SPACE',''
  ) );
#8317 = ORIENTED_EDGE('',*,*,#8147,.T.);
#8318 = ORIENTED_EDGE('',*,*,#8319,.T.);
#8319 = EDGE_CURVE('',#8150,#8270,#8320,.T.);
#8320 = SURFACE_CURVE('',#8321,(#8325,#8332),.PCURVE_S1.);
#8321 = LINE('',#8322,#8323);
#8322 = CARTESIAN_POINT('',(-15.,-8.,2.15));
#8323 = VECTOR('',#8324,1.);
#8324 = DIRECTION('',(1.,0.,-0.));
#8325 = PCURVE('',#8170,#8326);
#8326 = DEFINITIONAL_REPRESENTATION('',(#8327),#8331);
#8327 = LINE('',#8328,#8329);
#8328 = CARTESIAN_POINT('',(0.,-0.25));
#8329 = VECTOR('',#8330,1.);
#8330 = DIRECTION('',(1.,0.));
#8331 = ( GEOMETRIC_REPRESENTATION_CONTEXT(2) 
PARAMETRIC_REPRESENTATION_CONTEXT() REPRESENTATION_CONTEXT('2D SPACE',''
  ) );
#8332 = PCURVE('',#8252,#8333);
#8333 = DEFINITIONAL_REPRESENTATION('',(#8334),#8338);
#8334 = LINE('',#8335,#8336);
#8335 = CARTESIAN_POINT('',(0.,2.));
#8336 = VECTOR('',#8337,1.);
#8337 = DIRECTION('',(1.,0.));
#8338 = ( GEOMETRIC_REPRESENTATION_CONTEXT(2) 
PARAMETRIC_REPRESENTATION_CONTEXT() REPRESENTATION_CONTEXT('2D SPACE',''
  ) );
#8339 = ADVANCED_FACE('',(#8340),#8285,.F.);
#8340 = FACE_BOUND('',#8341,.F.);
#8341 = EDGE_LOOP('',(#8342,#8343,#8366,#8389));
#8342 = ORIENTED_EDGE('',*,*,#8267,.F.);
#8343 = ORIENTED_EDGE('',*,*,#8344,.F.);
#8344 = EDGE_CURVE('',#8345,#8268,#8347,.T.);
#8345 = VERTEX_POINT('',#8346);
#8346 = CARTESIAN_POINT('',(-12.5,-10.,1.9));
#8347 = SURFACE_CURVE('',#8348,(#8352,#8359),.PCURVE_S1.);
#8348 = LINE('',#8349,#8350);
#8349 = CARTESIAN_POINT('',(-12.5,-10.,1.9));
#8350 = VECTOR('',#8351,1.);
#8351 = DIRECTION('',(-0.,1.,0.));
#8352 = PCURVE('',#8285,#8353);
#8353 = DEFINITIONAL_REPRESENTATION('',(#8354),#8358);
#8354 = LINE('',#8355,#8356);
#8355 = CARTESIAN_POINT('',(0.,0.));
#8356 = VECTOR('',#8357,1.);
#8357 = DIRECTION('',(1.,0.));
#8358 = ( GEOMETRIC_REPRESENTATION_CONTEXT(2) 
PARAMETRIC_REPRESENTATION_CONTEXT() REPRESENTATION_CONTEXT('2D SPACE',''
  ) );
#8359 = PCURVE('',#8198,#8360);
#8360 = DEFINITIONAL_REPRESENTATION('',(#8361),#8365);
#8361 = LINE('',#8362,#8363);
#8362 = CARTESIAN_POINT('',(2.5,0.));
#8363 = VECTOR('',#8364,1.);
#8364 = DIRECTION('',(0.,1.));
#8365 = ( GEOMETRIC_REPRESENTATION_CONTEXT(2) 
PARAMETRIC_REPRESENTATION_CONTEXT() REPRESENTATION_CONTEXT('2D SPACE',''
  ) );
#8366 = ORIENTED_EDGE('',*,*,#8367,.T.);
#8367 = EDGE_CURVE('',#8345,#8368,#8370,.T.);
#8368 = VERTEX_POINT('',#8369);
#8369 = CARTESIAN_POINT('',(-12.5,-10.,2.15));
#8370 = SURFACE_CURVE('',#8371,(#8375,#8382),.PCURVE_S1.);
#8371 = LINE('',#8372,#8373);
#8372 = CARTESIAN_POINT('',(-12.5,-10.,1.9));
#8373 = VECTOR('',#8374,1.);
#8374 = DIRECTION('',(0.,0.,1.));
#8375 = PCURVE('',#8285,#8376);
#8376 = DEFINITIONAL_REPRESENTATION('',(#8377),#8381);
#8377 = LINE('',#8378,#8379);
#8378 = CARTESIAN_POINT('',(0.,0.));
#8379 = VECTOR('',#8380,1.);
#8380 = DIRECTION('',(0.,-1.));
#8381 = ( GEOMETRIC_REPRESENTATION_CONTEXT(2) 
PARAMETRIC_REPRESENTATION_CONTEXT() REPRESENTATION_CONTEXT('2D SPACE',''
  ) );
#8382 = PCURVE('',#8226,#8383);
#8383 = DEFINITIONAL_REPRESENTATION('',(#8384),#8388);
#8384 = LINE('',#8385,#8386);
#8385 = CARTESIAN_POINT('',(2.5,0.));
#8386 = VECTOR('',#8387,1.);
#8387 = DIRECTION('',(0.,-1.));
#8388 = ( GEOMETRIC_REPRESENTATION_CONTEXT(2) 
PARAMETRIC_REPRESENTATION_CONTEXT() REPRESENTATION_CONTEXT('2D SPACE',''
  ) );
#8389 = ORIENTED_EDGE('',*,*,#8390,.T.);
#8390 = EDGE_CURVE('',#8368,#8270,#8391,.T.);
#8391 = SURFACE_CURVE('',#8392,(#8396,#8403),.PCURVE_S1.);
#8392 = LINE('',#8393,#8394);
#8393 = CARTESIAN_POINT('',(-12.5,-10.,2.15));
#8394 = VECTOR('',#8395,1.);
#8395 = DIRECTION('',(-0.,1.,0.));
#8396 = PCURVE('',#8285,#8397);
#8397 = DEFINITIONAL_REPRESENTATION('',(#8398),#8402);
#8398 = LINE('',#8399,#8400);
#8399 = CARTESIAN_POINT('',(0.,-0.25));
#8400 = VECTOR('',#8401,1.);
#8401 = DIRECTION('',(1.,0.));
#8402 = ( GEOMETRIC_REPRESENTATION_CONTEXT(2) 
PARAMETRIC_REPRESENTATION_CONTEXT() REPRESENTATION_CONTEXT('2D SPACE',''
  ) );
#8403 = PCURVE('',#8252,#8404);
#8404 = DEFINITIONAL_REPRESENTATION('',(#8405),#8409);
#8405 = LINE('',#8406,#8407);
#8406 = CARTESIAN_POINT('',(2.5,0.));
#8407 = VECTOR('',#8408,1.);
#8408 = DIRECTION('',(0.,1.));
#8409 = ( GEOMETRIC_REPRESENTATION_CONTEXT(2) 
PARAMETRIC_REPRESENTATION_CONTEXT() REPRESENTATION_CONTEXT('2D SPACE',''
  ) );
#8410 = ADVANCED_FACE('',(#8411),#8226,.F.);
#8411 = FACE_BOUND('',#8412,.F.);
#8412 = EDGE_LOOP('',(#8413,#8414,#8435,#8436));
#8413 = ORIENTED_EDGE('',*,*,#8367,.F.);
#8414 = ORIENTED_EDGE('',*,*,#8415,.F.);
#8415 = EDGE_CURVE('',#8183,#8345,#8416,.T.);
#8416 = SURFACE_CURVE('',#8417,(#8421,#8428),.PCURVE_S1.);
#8417 = LINE('',#8418,#8419);
#8418 = CARTESIAN_POINT('',(-15.,-10.,1.9));
#8419 = VECTOR('',#8420,1.);
#8420 = DIRECTION('',(1.,0.,-0.));
#8421 = PCURVE('',#8226,#8422);
#8422 = DEFINITIONAL_REPRESENTATION('',(#8423),#8427);
#8423 = LINE('',#8424,#8425);
#8424 = CARTESIAN_POINT('',(0.,0.));
#8425 = VECTOR('',#8426,1.);
#8426 = DIRECTION('',(1.,0.));
#8427 = ( GEOMETRIC_REPRESENTATION_CONTEXT(2) 
PARAMETRIC_REPRESENTATION_CONTEXT() REPRESENTATION_CONTEXT('2D SPACE',''
  ) );
#8428 = PCURVE('',#8198,#8429);
#8429 = DEFINITIONAL_REPRESENTATION('',(#8430),#8434);
#8430 = LINE('',#8431,#8432);
#8431 = CARTESIAN_POINT('',(0.,0.));
#8432 = VECTOR('',#8433,1.);
#8433 = DIRECTION('',(1.,0.));
#8434 = ( GEOMETRIC_REPRESENTATION_CONTEXT(2) 
PARAMETRIC_REPRESENTATION_CONTEXT() REPRESENTATION_CONTEXT('2D SPACE',''
  ) );
#8435 = ORIENTED_EDGE('',*,*,#8210,.T.);
#8436 = ORIENTED_EDGE('',*,*,#8437,.T.);
#8437 = EDGE_CURVE('',#8211,#8368,#8438,.T.);
#8438 = SURFACE_CURVE('',#8439,(#8443,#8450),.PCURVE_S1.);
#8439 = LINE('',#8440,#8441);
#8440 = CARTESIAN_POINT('',(-15.,-10.,2.15));
#8441 = VECTOR('',#8442,1.);
#8442 = DIRECTION('',(1.,0.,-0.));
#8443 = PCURVE('',#8226,#8444);
#8444 = DEFINITIONAL_REPRESENTATION('',(#8445),#8449);
#8445 = LINE('',#8446,#8447);
#8446 = CARTESIAN_POINT('',(0.,-0.25));
#8447 = VECTOR('',#8448,1.);
#8448 = DIRECTION('',(1.,0.));
#8449 = ( GEOMETRIC_REPRESENTATION_CONTEXT(2) 
PARAMETRIC_REPRESENTATION_CONTEXT() REPRESENTATION_CONTEXT('2D SPACE',''
  ) );
#8450 = PCURVE('',#8252,#8451);
#8451 = DEFINITIONAL_REPRESENTATION('',(#8452),#8456);
#8452 = LINE('',#8453,#8454);
#8453 = CARTESIAN_POINT('',(0.,0.));
#8454 = VECTOR('',#8455,1.);
#8455 = DIRECTION('',(1.,0.));
#8456 = ( GEOMETRIC_REPRESENTATION_CONTEXT(2) 
PARAMETRIC_REPRESENTATION_CONTEXT() REPRESENTATION_CONTEXT('2D SPACE',''
  ) );
#8457 = ADVANCED_FACE('',(#8458),#8198,.F.);
#8458 = FACE_BOUND('',#8459,.F.);
#8459 = EDGE_LOOP('',(#8460,#8461,#8462,#8463));
#8460 = ORIENTED_EDGE('',*,*,#8182,.F.);
#8461 = ORIENTED_EDGE('',*,*,#8415,.T.);
#8462 = ORIENTED_EDGE('',*,*,#8344,.T.);
#8463 = ORIENTED_EDGE('',*,*,#8297,.F.);
#8464 = ADVANCED_FACE('',(#8465),#8252,.T.);
#8465 = FACE_BOUND('',#8466,.T.);
#8466 = EDGE_LOOP('',(#8467,#8468,#8469,#8470));
#8467 = ORIENTED_EDGE('',*,*,#8238,.F.);
#8468 = ORIENTED_EDGE('',*,*,#8437,.T.);
#8469 = ORIENTED_EDGE('',*,*,#8390,.T.);
#8470 = ORIENTED_EDGE('',*,*,#8319,.F.);
#8471 = ( GEOMETRIC_REPRESENTATION_CONTEXT(3) 
GLOBAL_UNCERTAINTY_ASSIGNED_CONTEXT((#8475)) 
GLOBAL_UNIT_ASSIGNED_CONTEXT((#8472,#8473,#8474)) REPRESENTATION_CONTEXT
('Context #1','3D Context with UNIT and UNCERTAINTY') );
#8472 = ( LENGTH_UNIT() NAMED_UNIT(*) SI_UNIT(.MILLI.,.METRE.) );
#8473 = ( NAMED_UNIT(*) PLANE_ANGLE_UNIT() SI_UNIT($,.RADIAN.) );
#8474 = ( NAMED_UNIT(*) SI_UNIT($,.STERADIAN.) SOLID_ANGLE_UNIT() );
#8475 = UNCERTAINTY_MEASURE_WITH_UNIT(LENGTH_MEASURE(1.E-07),#8472,
  'distance_accuracy_value','confusion accuracy');
#8476 = CONTEXT_DEPENDENT_SHAPE_REPRESENTATION(#8477,#8479);
#8477 = ( REPRESENTATION_RELATIONSHIP('','',#8140,#7411) 
REPRESENTATION_RELATIONSHIP_WITH_TRANSFORMATION(#8478) 
SHAPE_REPRESENTATION_RELATIONSHIP() );
#8478 = ITEM_DEFINED_TRANSFORMATION('','',#11,#7420);
#8479 = PRODUCT_DEFINITION_SHAPE('Placement','Placement of an item',
  #8480);
#8480 = NEXT_ASSEMBLY_USAGE_OCCURRENCE('35','=>[0:1:1:20]','',#7406,
  #8135,$);
#8481 = PRODUCT_RELATED_PRODUCT_CATEGORY('part',$,(#8137));
#8482 = SHAPE_DEFINITION_REPRESENTATION(#8483,#8489);
#8483 = PRODUCT_DEFINITION_SHAPE('','',#8484);
#8484 = PRODUCT_DEFINITION('design','',#8485,#8488);
#8485 = PRODUCT_DEFINITION_FORMATION('','',#8486);
#8486 = PRODUCT('motor_2','motor_2','',(#8487));
#8487 = PRODUCT_CONTEXT('',#2,'mechanical');
#8488 = PRODUCT_DEFINITION_CONTEXT('part definition',#2,'design');
#8489 = SHAPE_REPRESENTATION('',(#11,#8490),#8494);
#8490 = AXIS2_PLACEMENT_3D('',#8491,#8492,#8493);
#8491 = CARTESIAN_POINT('',(0.,0.,0.));
#8492 = DIRECTION('',(0.,0.,1.));
#8493 = DIRECTION('',(1.,0.,-0.));
#8494 = ( GEOMETRIC_REPRESENTATION_CONTEXT(3) 
GLOBAL_UNCERTAINTY_ASSIGNED_CONTEXT((#8498)) 
GLOBAL_UNIT_ASSIGNED_CONTEXT((#8495,#8496,#8497)) REPRESENTATION_CONTEXT
('Context #1','3D Context with UNIT and UNCERTAINTY') );
#8495 = ( LENGTH_UNIT() NAMED_UNIT(*) SI_UNIT(.MILLI.,.METRE.) );
#8496 = ( NAMED_UNIT(*) PLANE_ANGLE_UNIT() SI_UNIT($,.RADIAN.) );
#8497 = ( NAMED_UNIT(*) SI_UNIT($,.STERADIAN.) SOLID_ANGLE_UNIT() );
#8498 = UNCERTAINTY_MEASURE_WITH_UNIT(LENGTH_MEASURE(1.E-07),#8495,
  'distance_accuracy_value','confusion accuracy');
#8499 = CONTEXT_DEPENDENT_SHAPE_REPRESENTATION(#8500,#8502);
#8500 = ( REPRESENTATION_RELATIONSHIP('','',#8489,#10) 
REPRESENTATION_RELATIONSHIP_WITH_TRANSFORMATION(#8501) 
SHAPE_REPRESENTATION_RELATIONSHIP() );
#8501 = ITEM_DEFINED_TRANSFORMATION('','',#11,#55);
#8502 = PRODUCT_DEFINITION_SHAPE('Placement','Placement of an item',
  #8503);
#8503 = NEXT_ASSEMBLY_USAGE_OCCURRENCE('42','motor_2','',#5,#8484,$);
#8504 = PRODUCT_RELATED_PRODUCT_CATEGORY('part',$,(#8486));
#8505 = SHAPE_DEFINITION_REPRESENTATION(#8506,#8512);
#8506 = PRODUCT_DEFINITION_SHAPE('','',#8507);
#8507 = PRODUCT_DEFINITION('design','',#8508,#8511);
#8508 = PRODUCT_DEFINITION_FORMATION('','',#8509);
#8509 = PRODUCT('motor_2','motor_2','',(#8510));
#8510 = PRODUCT_CONTEXT('',#2,'mechanical');
#8511 = PRODUCT_DEFINITION_CONTEXT('part definition',#2,'design');
#8512 = SHAPE_REPRESENTATION('',(#11,#8513,#8517,#8521),#8525);
#8513 = AXIS2_PLACEMENT_3D('',#8514,#8515,#8516);
#8514 = CARTESIAN_POINT('',(0.,0.,0.));
#8515 = DIRECTION('',(0.,0.,1.));
#8516 = DIRECTION('',(1.,0.,-0.));
#8517 = AXIS2_PLACEMENT_3D('',#8518,#8519,#8520);
#8518 = CARTESIAN_POINT('',(0.,0.,0.));
#8519 = DIRECTION('',(0.,0.,1.));
#8520 = DIRECTION('',(1.,0.,-0.));
#8521 = AXIS2_PLACEMENT_3D('',#8522,#8523,#8524);
#8522 = CARTESIAN_POINT('',(0.,0.,0.));
#8523 = DIRECTION('',(0.,0.,1.));
#8524 = DIRECTION('',(1.,0.,-0.));
#8525 = ( GEOMETRIC_REPRESENTATION_CONTEXT(3) 
GLOBAL_UNCERTAINTY_ASSIGNED_CONTEXT((#8529)) 
GLOBAL_UNIT_ASSIGNED_CONTEXT((#8526,#8527,#8528)) REPRESENTATION_CONTEXT
('Context #1','3D Context with UNIT and UNCERTAINTY') );
#8526 = ( LENGTH_UNIT() NAMED_UNIT(*) SI_UNIT(.MILLI.,.METRE.) );
#8527 = ( NAMED_UNIT(*) PLANE_ANGLE_UNIT() SI_UNIT($,.RADIAN.) );
#8528 = ( NAMED_UNIT(*) SI_UNIT($,.STERADIAN.) SOLID_ANGLE_UNIT() );
#8529 = UNCERTAINTY_MEASURE_WITH_UNIT(LENGTH_MEASURE(1.E-07),#8526,
  'distance_accuracy_value','confusion accuracy');
#8530 = CONTEXT_DEPENDENT_SHAPE_REPRESENTATION(#8531,#8533);
#8531 = ( REPRESENTATION_RELATIONSHIP('','',#8512,#8489) 
REPRESENTATION_RELATIONSHIP_WITH_TRANSFORMATION(#8532) 
SHAPE_REPRESENTATION_RELATIONSHIP() );
#8532 = ITEM_DEFINED_TRANSFORMATION('','',#11,#8490);
#8533 = PRODUCT_DEFINITION_SHAPE('Placement','Placement of an item',
  #8534);
#8534 = NEXT_ASSEMBLY_USAGE_OCCURRENCE('41','motor_2','',#8484,#8507,$);
#8535 = PRODUCT_RELATED_PRODUCT_CATEGORY('part',$,(#8509));
#8536 = SHAPE_DEFINITION_REPRESENTATION(#8537,#8543);
#8537 = PRODUCT_DEFINITION_SHAPE('','',#8538);
#8538 = PRODUCT_DEFINITION('design','',#8539,#8542);
#8539 = PRODUCT_DEFINITION_FORMATION('','',#8540);
#8540 = PRODUCT('SOLID','SOLID','',(#8541));
#8541 = PRODUCT_CONTEXT('',#2,'mechanical');
#8542 = PRODUCT_DEFINITION_CONTEXT('part definition',#2,'design');
#8543 = ADVANCED_BREP_SHAPE_REPRESENTATION('',(#11,#8544),#8874);
#8544 = MANIFOLD_SOLID_BREP('',#8545);
#8545 = CLOSED_SHELL('',(#8546,#8666,#8742,#8813,#8860,#8867));
#8546 = ADVANCED_FACE('',(#8547),#8561,.T.);
#8547 = FACE_BOUND('',#8548,.T.);
#8548 = EDGE_LOOP('',(#8549,#8584,#8612,#8640));
#8549 = ORIENTED_EDGE('',*,*,#8550,.F.);
#8550 = EDGE_CURVE('',#8551,#8553,#8555,.T.);
#8551 = VERTEX_POINT('',#8552);
#8552 = CARTESIAN_POINT('',(-15.,10.,1.9));
#8553 = VERTEX_POINT('',#8554);
#8554 = CARTESIAN_POINT('',(-15.,10.,2.15));
#8555 = SURFACE_CURVE('',#8556,(#8560,#8572),.PCURVE_S1.);
#8556 = LINE('',#8557,#8558);
#8557 = CARTESIAN_POINT('',(-15.,10.,1.9));
#8558 = VECTOR('',#8559,1.);
#8559 = DIRECTION('',(0.,0.,1.));
#8560 = PCURVE('',#8561,#8566);
#8561 = PLANE('',#8562);
#8562 = AXIS2_PLACEMENT_3D('',#8563,#8564,#8565);
#8563 = CARTESIAN_POINT('',(-15.,8.,1.9));
#8564 = DIRECTION('',(-1.,-0.,0.));
#8565 = DIRECTION('',(-0.,1.,0.));
#8566 = DEFINITIONAL_REPRESENTATION('',(#8567),#8571);
#8567 = LINE('',#8568,#8569);
#8568 = CARTESIAN_POINT('',(2.,0.));
#8569 = VECTOR('',#8570,1.);
#8570 = DIRECTION('',(0.,-1.));
#8571 = ( GEOMETRIC_REPRESENTATION_CONTEXT(2) 
PARAMETRIC_REPRESENTATION_CONTEXT() REPRESENTATION_CONTEXT('2D SPACE',''
  ) );
#8572 = PCURVE('',#8573,#8578);
#8573 = PLANE('',#8574);
#8574 = AXIS2_PLACEMENT_3D('',#8575,#8576,#8577);
#8575 = CARTESIAN_POINT('',(-15.,10.,1.9));
#8576 = DIRECTION('',(-0.,1.,0.));
#8577 = DIRECTION('',(1.,0.,-0.));
#8578 = DEFINITIONAL_REPRESENTATION('',(#8579),#8583);
#8579 = LINE('',#8580,#8581);
#8580 = CARTESIAN_POINT('',(0.,0.));
#8581 = VECTOR('',#8582,1.);
#8582 = DIRECTION('',(0.,-1.));
#8583 = ( GEOMETRIC_REPRESENTATION_CONTEXT(2) 
PARAMETRIC_REPRESENTATION_CONTEXT() REPRESENTATION_CONTEXT('2D SPACE',''
  ) );
#8584 = ORIENTED_EDGE('',*,*,#8585,.F.);
#8585 = EDGE_CURVE('',#8586,#8551,#8588,.T.);
#8586 = VERTEX_POINT('',#8587);
#8587 = CARTESIAN_POINT('',(-15.,8.,1.9));
#8588 = SURFACE_CURVE('',#8589,(#8593,#8600),.PCURVE_S1.);
#8589 = LINE('',#8590,#8591);
#8590 = CARTESIAN_POINT('',(-15.,8.,1.9));
#8591 = VECTOR('',#8592,1.);
#8592 = DIRECTION('',(-0.,1.,0.));
#8593 = PCURVE('',#8561,#8594);
#8594 = DEFINITIONAL_REPRESENTATION('',(#8595),#8599);
#8595 = LINE('',#8596,#8597);
#8596 = CARTESIAN_POINT('',(0.,0.));
#8597 = VECTOR('',#8598,1.);
#8598 = DIRECTION('',(1.,0.));
#8599 = ( GEOMETRIC_REPRESENTATION_CONTEXT(2) 
PARAMETRIC_REPRESENTATION_CONTEXT() REPRESENTATION_CONTEXT('2D SPACE',''
  ) );
#8600 = PCURVE('',#8601,#8606);
#8601 = PLANE('',#8602);
#8602 = AXIS2_PLACEMENT_3D('',#8603,#8604,#8605);
#8603 = CARTESIAN_POINT('',(-15.,8.,1.9));
#8604 = DIRECTION('',(0.,0.,1.));
#8605 = DIRECTION('',(1.,0.,-0.));
#8606 = DEFINITIONAL_REPRESENTATION('',(#8607),#8611);
#8607 = LINE('',#8608,#8609);
#8608 = CARTESIAN_POINT('',(0.,0.));
#8609 = VECTOR('',#8610,1.);
#8610 = DIRECTION('',(0.,1.));
#8611 = ( GEOMETRIC_REPRESENTATION_CONTEXT(2) 
PARAMETRIC_REPRESENTATION_CONTEXT() REPRESENTATION_CONTEXT('2D SPACE',''
  ) );
#8612 = ORIENTED_EDGE('',*,*,#8613,.T.);
#8613 = EDGE_CURVE('',#8586,#8614,#8616,.T.);
#8614 = VERTEX_POINT('',#8615);
#8615 = CARTESIAN_POINT('',(-15.,8.,2.15));
#8616 = SURFACE_CURVE('',#8617,(#8621,#8628),.PCURVE_S1.);
#8617 = LINE('',#8618,#8619);
#8618 = CARTESIAN_POINT('',(-15.,8.,1.9));
#8619 = VECTOR('',#8620,1.);
#8620 = DIRECTION('',(0.,0.,1.));
#8621 = PCURVE('',#8561,#8622);
#8622 = DEFINITIONAL_REPRESENTATION('',(#8623),#8627);
#8623 = LINE('',#8624,#8625);
#8624 = CARTESIAN_POINT('',(0.,0.));
#8625 = VECTOR('',#8626,1.);
#8626 = DIRECTION('',(0.,-1.));
#8627 = ( GEOMETRIC_REPRESENTATION_CONTEXT(2) 
PARAMETRIC_REPRESENTATION_CONTEXT() REPRESENTATION_CONTEXT('2D SPACE',''
  ) );
#8628 = PCURVE('',#8629,#8634);
#8629 = PLANE('',#8630);
#8630 = AXIS2_PLACEMENT_3D('',#8631,#8632,#8633);
#8631 = CARTESIAN_POINT('',(-15.,8.,1.9));
#8632 = DIRECTION('',(-0.,1.,0.));
#8633 = DIRECTION('',(1.,0.,-0.));
#8634 = DEFINITIONAL_REPRESENTATION('',(#8635),#8639);
#8635 = LINE('',#8636,#8637);
#8636 = CARTESIAN_POINT('',(0.,0.));
#8637 = VECTOR('',#8638,1.);
#8638 = DIRECTION('',(0.,-1.));
#8639 = ( GEOMETRIC_REPRESENTATION_CONTEXT(2) 
PARAMETRIC_REPRESENTATION_CONTEXT() REPRESENTATION_CONTEXT('2D SPACE',''
  ) );
#8640 = ORIENTED_EDGE('',*,*,#8641,.T.);
#8641 = EDGE_CURVE('',#8614,#8553,#8642,.T.);
#8642 = SURFACE_CURVE('',#8643,(#8647,#8654),.PCURVE_S1.);
#8643 = LINE('',#8644,#8645);
#8644 = CARTESIAN_POINT('',(-15.,8.,2.15));
#8645 = VECTOR('',#8646,1.);
#8646 = DIRECTION('',(-0.,1.,0.));
#8647 = PCURVE('',#8561,#8648);
#8648 = DEFINITIONAL_REPRESENTATION('',(#8649),#8653);
#8649 = LINE('',#8650,#8651);
#8650 = CARTESIAN_POINT('',(0.,-0.25));
#8651 = VECTOR('',#8652,1.);
#8652 = DIRECTION('',(1.,0.));
#8653 = ( GEOMETRIC_REPRESENTATION_CONTEXT(2) 
PARAMETRIC_REPRESENTATION_CONTEXT() REPRESENTATION_CONTEXT('2D SPACE',''
  ) );
#8654 = PCURVE('',#8655,#8660);
#8655 = PLANE('',#8656);
#8656 = AXIS2_PLACEMENT_3D('',#8657,#8658,#8659);
#8657 = CARTESIAN_POINT('',(-15.,8.,2.15));
#8658 = DIRECTION('',(0.,0.,1.));
#8659 = DIRECTION('',(1.,0.,-0.));
#8660 = DEFINITIONAL_REPRESENTATION('',(#8661),#8665);
#8661 = LINE('',#8662,#8663);
#8662 = CARTESIAN_POINT('',(0.,0.));
#8663 = VECTOR('',#8664,1.);
#8664 = DIRECTION('',(0.,1.));
#8665 = ( GEOMETRIC_REPRESENTATION_CONTEXT(2) 
PARAMETRIC_REPRESENTATION_CONTEXT() REPRESENTATION_CONTEXT('2D SPACE',''
  ) );
#8666 = ADVANCED_FACE('',(#8667),#8573,.T.);
#8667 = FACE_BOUND('',#8668,.T.);
#8668 = EDGE_LOOP('',(#8669,#8699,#8720,#8721));
#8669 = ORIENTED_EDGE('',*,*,#8670,.F.);
#8670 = EDGE_CURVE('',#8671,#8673,#8675,.T.);
#8671 = VERTEX_POINT('',#8672);
#8672 = CARTESIAN_POINT('',(-12.5,10.,1.9));
#8673 = VERTEX_POINT('',#8674);
#8674 = CARTESIAN_POINT('',(-12.5,10.,2.15));
#8675 = SURFACE_CURVE('',#8676,(#8680,#8687),.PCURVE_S1.);
#8676 = LINE('',#8677,#8678);
#8677 = CARTESIAN_POINT('',(-12.5,10.,1.9));
#8678 = VECTOR('',#8679,1.);
#8679 = DIRECTION('',(0.,0.,1.));
#8680 = PCURVE('',#8573,#8681);
#8681 = DEFINITIONAL_REPRESENTATION('',(#8682),#8686);
#8682 = LINE('',#8683,#8684);
#8683 = CARTESIAN_POINT('',(2.5,0.));
#8684 = VECTOR('',#8685,1.);
#8685 = DIRECTION('',(0.,-1.));
#8686 = ( GEOMETRIC_REPRESENTATION_CONTEXT(2) 
PARAMETRIC_REPRESENTATION_CONTEXT() REPRESENTATION_CONTEXT('2D SPACE',''
  ) );
#8687 = PCURVE('',#8688,#8693);
#8688 = PLANE('',#8689);
#8689 = AXIS2_PLACEMENT_3D('',#8690,#8691,#8692);
#8690 = CARTESIAN_POINT('',(-12.5,8.,1.9));
#8691 = DIRECTION('',(-1.,-0.,0.));
#8692 = DIRECTION('',(-0.,1.,0.));
#8693 = DEFINITIONAL_REPRESENTATION('',(#8694),#8698);
#8694 = LINE('',#8695,#8696);
#8695 = CARTESIAN_POINT('',(2.,0.));
#8696 = VECTOR('',#8697,1.);
#8697 = DIRECTION('',(0.,-1.));
#8698 = ( GEOMETRIC_REPRESENTATION_CONTEXT(2) 
PARAMETRIC_REPRESENTATION_CONTEXT() REPRESENTATION_CONTEXT('2D SPACE',''
  ) );
#8699 = ORIENTED_EDGE('',*,*,#8700,.F.);
#8700 = EDGE_CURVE('',#8551,#8671,#8701,.T.);
#8701 = SURFACE_CURVE('',#8702,(#8706,#8713),.PCURVE_S1.);
#8702 = LINE('',#8703,#8704);
#8703 = CARTESIAN_POINT('',(-15.,10.,1.9));
#8704 = VECTOR('',#8705,1.);
#8705 = DIRECTION('',(1.,0.,-0.));
#8706 = PCURVE('',#8573,#8707);
#8707 = DEFINITIONAL_REPRESENTATION('',(#8708),#8712);
#8708 = LINE('',#8709,#8710);
#8709 = CARTESIAN_POINT('',(0.,0.));
#8710 = VECTOR('',#8711,1.);
#8711 = DIRECTION('',(1.,0.));
#8712 = ( GEOMETRIC_REPRESENTATION_CONTEXT(2) 
PARAMETRIC_REPRESENTATION_CONTEXT() REPRESENTATION_CONTEXT('2D SPACE',''
  ) );
#8713 = PCURVE('',#8601,#8714);
#8714 = DEFINITIONAL_REPRESENTATION('',(#8715),#8719);
#8715 = LINE('',#8716,#8717);
#8716 = CARTESIAN_POINT('',(0.,2.));
#8717 = VECTOR('',#8718,1.);
#8718 = DIRECTION('',(1.,0.));
#8719 = ( GEOMETRIC_REPRESENTATION_CONTEXT(2) 
PARAMETRIC_REPRESENTATION_CONTEXT() REPRESENTATION_CONTEXT('2D SPACE',''
  ) );
#8720 = ORIENTED_EDGE('',*,*,#8550,.T.);
#8721 = ORIENTED_EDGE('',*,*,#8722,.T.);
#8722 = EDGE_CURVE('',#8553,#8673,#8723,.T.);
#8723 = SURFACE_CURVE('',#8724,(#8728,#8735),.PCURVE_S1.);
#8724 = LINE('',#8725,#8726);
#8725 = CARTESIAN_POINT('',(-15.,10.,2.15));
#8726 = VECTOR('',#8727,1.);
#8727 = DIRECTION('',(1.,0.,-0.));
#8728 = PCURVE('',#8573,#8729);
#8729 = DEFINITIONAL_REPRESENTATION('',(#8730),#8734);
#8730 = LINE('',#8731,#8732);
#8731 = CARTESIAN_POINT('',(0.,-0.25));
#8732 = VECTOR('',#8733,1.);
#8733 = DIRECTION('',(1.,0.));
#8734 = ( GEOMETRIC_REPRESENTATION_CONTEXT(2) 
PARAMETRIC_REPRESENTATION_CONTEXT() REPRESENTATION_CONTEXT('2D SPACE',''
  ) );
#8735 = PCURVE('',#8655,#8736);
#8736 = DEFINITIONAL_REPRESENTATION('',(#8737),#8741);
#8737 = LINE('',#8738,#8739);
#8738 = CARTESIAN_POINT('',(0.,2.));
#8739 = VECTOR('',#8740,1.);
#8740 = DIRECTION('',(1.,0.));
#8741 = ( GEOMETRIC_REPRESENTATION_CONTEXT(2) 
PARAMETRIC_REPRESENTATION_CONTEXT() REPRESENTATION_CONTEXT('2D SPACE',''
  ) );
#8742 = ADVANCED_FACE('',(#8743),#8688,.F.);
#8743 = FACE_BOUND('',#8744,.F.);
#8744 = EDGE_LOOP('',(#8745,#8746,#8769,#8792));
#8745 = ORIENTED_EDGE('',*,*,#8670,.F.);
#8746 = ORIENTED_EDGE('',*,*,#8747,.F.);
#8747 = EDGE_CURVE('',#8748,#8671,#8750,.T.);
#8748 = VERTEX_POINT('',#8749);
#8749 = CARTESIAN_POINT('',(-12.5,8.,1.9));
#8750 = SURFACE_CURVE('',#8751,(#8755,#8762),.PCURVE_S1.);
#8751 = LINE('',#8752,#8753);
#8752 = CARTESIAN_POINT('',(-12.5,8.,1.9));
#8753 = VECTOR('',#8754,1.);
#8754 = DIRECTION('',(-0.,1.,0.));
#8755 = PCURVE('',#8688,#8756);
#8756 = DEFINITIONAL_REPRESENTATION('',(#8757),#8761);
#8757 = LINE('',#8758,#8759);
#8758 = CARTESIAN_POINT('',(0.,0.));
#8759 = VECTOR('',#8760,1.);
#8760 = DIRECTION('',(1.,0.));
#8761 = ( GEOMETRIC_REPRESENTATION_CONTEXT(2) 
PARAMETRIC_REPRESENTATION_CONTEXT() REPRESENTATION_CONTEXT('2D SPACE',''
  ) );
#8762 = PCURVE('',#8601,#8763);
#8763 = DEFINITIONAL_REPRESENTATION('',(#8764),#8768);
#8764 = LINE('',#8765,#8766);
#8765 = CARTESIAN_POINT('',(2.5,0.));
#8766 = VECTOR('',#8767,1.);
#8767 = DIRECTION('',(0.,1.));
#8768 = ( GEOMETRIC_REPRESENTATION_CONTEXT(2) 
PARAMETRIC_REPRESENTATION_CONTEXT() REPRESENTATION_CONTEXT('2D SPACE',''
  ) );
#8769 = ORIENTED_EDGE('',*,*,#8770,.T.);
#8770 = EDGE_CURVE('',#8748,#8771,#8773,.T.);
#8771 = VERTEX_POINT('',#8772);
#8772 = CARTESIAN_POINT('',(-12.5,8.,2.15));
#8773 = SURFACE_CURVE('',#8774,(#8778,#8785),.PCURVE_S1.);
#8774 = LINE('',#8775,#8776);
#8775 = CARTESIAN_POINT('',(-12.5,8.,1.9));
#8776 = VECTOR('',#8777,1.);
#8777 = DIRECTION('',(0.,0.,1.));
#8778 = PCURVE('',#8688,#8779);
#8779 = DEFINITIONAL_REPRESENTATION('',(#8780),#8784);
#8780 = LINE('',#8781,#8782);
#8781 = CARTESIAN_POINT('',(0.,0.));
#8782 = VECTOR('',#8783,1.);
#8783 = DIRECTION('',(0.,-1.));
#8784 = ( GEOMETRIC_REPRESENTATION_CONTEXT(2) 
PARAMETRIC_REPRESENTATION_CONTEXT() REPRESENTATION_CONTEXT('2D SPACE',''
  ) );
#8785 = PCURVE('',#8629,#8786);
#8786 = DEFINITIONAL_REPRESENTATION('',(#8787),#8791);
#8787 = LINE('',#8788,#8789);
#8788 = CARTESIAN_POINT('',(2.5,0.));
#8789 = VECTOR('',#8790,1.);
#8790 = DIRECTION('',(0.,-1.));
#8791 = ( GEOMETRIC_REPRESENTATION_CONTEXT(2) 
PARAMETRIC_REPRESENTATION_CONTEXT() REPRESENTATION_CONTEXT('2D SPACE',''
  ) );
#8792 = ORIENTED_EDGE('',*,*,#8793,.T.);
#8793 = EDGE_CURVE('',#8771,#8673,#8794,.T.);
#8794 = SURFACE_CURVE('',#8795,(#8799,#8806),.PCURVE_S1.);
#8795 = LINE('',#8796,#8797);
#8796 = CARTESIAN_POINT('',(-12.5,8.,2.15));
#8797 = VECTOR('',#8798,1.);
#8798 = DIRECTION('',(-0.,1.,0.));
#8799 = PCURVE('',#8688,#8800);
#8800 = DEFINITIONAL_REPRESENTATION('',(#8801),#8805);
#8801 = LINE('',#8802,#8803);
#8802 = CARTESIAN_POINT('',(0.,-0.25));
#8803 = VECTOR('',#8804,1.);
#8804 = DIRECTION('',(1.,0.));
#8805 = ( GEOMETRIC_REPRESENTATION_CONTEXT(2) 
PARAMETRIC_REPRESENTATION_CONTEXT() REPRESENTATION_CONTEXT('2D SPACE',''
  ) );
#8806 = PCURVE('',#8655,#8807);
#8807 = DEFINITIONAL_REPRESENTATION('',(#8808),#8812);
#8808 = LINE('',#8809,#8810);
#8809 = CARTESIAN_POINT('',(2.5,0.));
#8810 = VECTOR('',#8811,1.);
#8811 = DIRECTION('',(0.,1.));
#8812 = ( GEOMETRIC_REPRESENTATION_CONTEXT(2) 
PARAMETRIC_REPRESENTATION_CONTEXT() REPRESENTATION_CONTEXT('2D SPACE',''
  ) );
#8813 = ADVANCED_FACE('',(#8814),#8629,.F.);
#8814 = FACE_BOUND('',#8815,.F.);
#8815 = EDGE_LOOP('',(#8816,#8817,#8838,#8839));
#8816 = ORIENTED_EDGE('',*,*,#8770,.F.);
#8817 = ORIENTED_EDGE('',*,*,#8818,.F.);
#8818 = EDGE_CURVE('',#8586,#8748,#8819,.T.);
#8819 = SURFACE_CURVE('',#8820,(#8824,#8831),.PCURVE_S1.);
#8820 = LINE('',#8821,#8822);
#8821 = CARTESIAN_POINT('',(-15.,8.,1.9));
#8822 = VECTOR('',#8823,1.);
#8823 = DIRECTION('',(1.,0.,-0.));
#8824 = PCURVE('',#8629,#8825);
#8825 = DEFINITIONAL_REPRESENTATION('',(#8826),#8830);
#8826 = LINE('',#8827,#8828);
#8827 = CARTESIAN_POINT('',(0.,0.));
#8828 = VECTOR('',#8829,1.);
#8829 = DIRECTION('',(1.,0.));
#8830 = ( GEOMETRIC_REPRESENTATION_CONTEXT(2) 
PARAMETRIC_REPRESENTATION_CONTEXT() REPRESENTATION_CONTEXT('2D SPACE',''
  ) );
#8831 = PCURVE('',#8601,#8832);
#8832 = DEFINITIONAL_REPRESENTATION('',(#8833),#8837);
#8833 = LINE('',#8834,#8835);
#8834 = CARTESIAN_POINT('',(0.,0.));
#8835 = VECTOR('',#8836,1.);
#8836 = DIRECTION('',(1.,0.));
#8837 = ( GEOMETRIC_REPRESENTATION_CONTEXT(2) 
PARAMETRIC_REPRESENTATION_CONTEXT() REPRESENTATION_CONTEXT('2D SPACE',''
  ) );
#8838 = ORIENTED_EDGE('',*,*,#8613,.T.);
#8839 = ORIENTED_EDGE('',*,*,#8840,.T.);
#8840 = EDGE_CURVE('',#8614,#8771,#8841,.T.);
#8841 = SURFACE_CURVE('',#8842,(#8846,#8853),.PCURVE_S1.);
#8842 = LINE('',#8843,#8844);
#8843 = CARTESIAN_POINT('',(-15.,8.,2.15));
#8844 = VECTOR('',#8845,1.);
#8845 = DIRECTION('',(1.,0.,-0.));
#8846 = PCURVE('',#8629,#8847);
#8847 = DEFINITIONAL_REPRESENTATION('',(#8848),#8852);
#8848 = LINE('',#8849,#8850);
#8849 = CARTESIAN_POINT('',(0.,-0.25));
#8850 = VECTOR('',#8851,1.);
#8851 = DIRECTION('',(1.,0.));
#8852 = ( GEOMETRIC_REPRESENTATION_CONTEXT(2) 
PARAMETRIC_REPRESENTATION_CONTEXT() REPRESENTATION_CONTEXT('2D SPACE',''
  ) );
#8853 = PCURVE('',#8655,#8854);
#8854 = DEFINITIONAL_REPRESENTATION('',(#8855),#8859);
#8855 = LINE('',#8856,#8857);
#8856 = CARTESIAN_POINT('',(0.,0.));
#8857 = VECTOR('',#8858,1.);
#8858 = DIRECTION('',(1.,0.));
#8859 = ( GEOMETRIC_REPRESENTATION_CONTEXT(2) 
PARAMETRIC_REPRESENTATION_CONTEXT() REPRESENTATION_CONTEXT('2D SPACE',''
  ) );
#8860 = ADVANCED_FACE('',(#8861),#8601,.F.);
#8861 = FACE_BOUND('',#8862,.F.);
#8862 = EDGE_LOOP('',(#8863,#8864,#8865,#8866));
#8863 = ORIENTED_EDGE('',*,*,#8585,.F.);
#8864 = ORIENTED_EDGE('',*,*,#8818,.T.);
#8865 = ORIENTED_EDGE('',*,*,#8747,.T.);
#8866 = ORIENTED_EDGE('',*,*,#8700,.F.);
#8867 = ADVANCED_FACE('',(#8868),#8655,.T.);
#8868 = FACE_BOUND('',#8869,.T.);
#8869 = EDGE_LOOP('',(#8870,#8871,#8872,#8873));
#8870 = ORIENTED_EDGE('',*,*,#8641,.F.);
#8871 = ORIENTED_EDGE('',*,*,#8840,.T.);
#8872 = ORIENTED_EDGE('',*,*,#8793,.T.);
#8873 = ORIENTED_EDGE('',*,*,#8722,.F.);
#8874 = ( GEOMETRIC_REPRESENTATION_CONTEXT(3) 
GLOBAL_UNCERTAINTY_ASSIGNED_CONTEXT((#8878)) 
GLOBAL_UNIT_ASSIGNED_CONTEXT((#8875,#8876,#8877)) REPRESENTATION_CONTEXT
('Context #1','3D Context with UNIT and UNCERTAINTY') );
#8875 = ( LENGTH_UNIT() NAMED_UNIT(*) SI_UNIT(.MILLI.,.METRE.) );
#8876 = ( NAMED_UNIT(*) PLANE_ANGLE_UNIT() SI_UNIT($,.RADIAN.) );
#8877 = ( NAMED_UNIT(*) SI_UNIT($,.STERADIAN.) SOLID_ANGLE_UNIT() );
#8878 = UNCERTAINTY_MEASURE_WITH_UNIT(LENGTH_MEASURE(1.E-07),#8875,
  'distance_accuracy_value','confusion accuracy');
#8879 = CONTEXT_DEPENDENT_SHAPE_REPRESENTATION(#8880,#8882);
#8880 = ( REPRESENTATION_RELATIONSHIP('','',#8543,#8512) 
REPRESENTATION_RELATIONSHIP_WITH_TRANSFORMATION(#8881) 
SHAPE_REPRESENTATION_RELATIONSHIP() );
#8881 = ITEM_DEFINED_TRANSFORMATION('','',#11,#8513);
#8882 = PRODUCT_DEFINITION_SHAPE('Placement','Placement of an item',
  #8883);
#8883 = NEXT_ASSEMBLY_USAGE_OCCURRENCE('38','=>[0:1:1:23]','',#8507,
  #8538,$);
#8884 = PRODUCT_RELATED_PRODUCT_CATEGORY('part',$,(#8540));
#8885 = SHAPE_DEFINITION_REPRESENTATION(#8886,#8892);
#8886 = PRODUCT_DEFINITION_SHAPE('','',#8887);
#8887 = PRODUCT_DEFINITION('design','',#8888,#8891);
#8888 = PRODUCT_DEFINITION_FORMATION('','',#8889);
#8889 = PRODUCT('SOLID','SOLID','',(#8890));
#8890 = PRODUCT_CONTEXT('',#2,'mechanical');
#8891 = PRODUCT_DEFINITION_CONTEXT('part definition',#2,'design');
#8892 = ADVANCED_BREP_SHAPE_REPRESENTATION('',(#11,#8893),#9223);
#8893 = MANIFOLD_SOLID_BREP('',#8894);
#8894 = CLOSED_SHELL('',(#8895,#9015,#9091,#9162,#9209,#9216));
#8895 = ADVANCED_FACE('',(#8896),#8910,.T.);
#8896 = FACE_BOUND('',#8897,.T.);
#8897 = EDGE_LOOP('',(#8898,#8933,#8961,#8989));
#8898 = ORIENTED_EDGE('',*,*,#8899,.F.);
#8899 = EDGE_CURVE('',#8900,#8902,#8904,.T.);
#8900 = VERTEX_POINT('',#8901);
#8901 = CARTESIAN_POINT('',(-15.,7.,1.9));
#8902 = VERTEX_POINT('',#8903);
#8903 = CARTESIAN_POINT('',(-15.,7.,2.15));
#8904 = SURFACE_CURVE('',#8905,(#8909,#8921),.PCURVE_S1.);
#8905 = LINE('',#8906,#8907);
#8906 = CARTESIAN_POINT('',(-15.,7.,1.9));
#8907 = VECTOR('',#8908,1.);
#8908 = DIRECTION('',(0.,0.,1.));
#8909 = PCURVE('',#8910,#8915);
#8910 = PLANE('',#8911);
#8911 = AXIS2_PLACEMENT_3D('',#8912,#8913,#8914);
#8912 = CARTESIAN_POINT('',(-15.,5.,1.9));
#8913 = DIRECTION('',(-1.,-0.,0.));
#8914 = DIRECTION('',(-0.,1.,0.));
#8915 = DEFINITIONAL_REPRESENTATION('',(#8916),#8920);
#8916 = LINE('',#8917,#8918);
#8917 = CARTESIAN_POINT('',(2.,0.));
#8918 = VECTOR('',#8919,1.);
#8919 = DIRECTION('',(0.,-1.));
#8920 = ( GEOMETRIC_REPRESENTATION_CONTEXT(2) 
PARAMETRIC_REPRESENTATION_CONTEXT() REPRESENTATION_CONTEXT('2D SPACE',''
  ) );
#8921 = PCURVE('',#8922,#8927);
#8922 = PLANE('',#8923);
#8923 = AXIS2_PLACEMENT_3D('',#8924,#8925,#8926);
#8924 = CARTESIAN_POINT('',(-15.,7.,1.9));
#8925 = DIRECTION('',(-0.,1.,0.));
#8926 = DIRECTION('',(1.,0.,-0.));
#8927 = DEFINITIONAL_REPRESENTATION('',(#8928),#8932);
#8928 = LINE('',#8929,#8930);
#8929 = CARTESIAN_POINT('',(0.,0.));
#8930 = VECTOR('',#8931,1.);
#8931 = DIRECTION('',(0.,-1.));
#8932 = ( GEOMETRIC_REPRESENTATION_CONTEXT(2) 
PARAMETRIC_REPRESENTATION_CONTEXT() REPRESENTATION_CONTEXT('2D SPACE',''
  ) );
#8933 = ORIENTED_EDGE('',*,*,#8934,.F.);
#8934 = EDGE_CURVE('',#8935,#8900,#8937,.T.);
#8935 = VERTEX_POINT('',#8936);
#8936 = CARTESIAN_POINT('',(-15.,5.,1.9));
#8937 = SURFACE_CURVE('',#8938,(#8942,#8949),.PCURVE_S1.);
#8938 = LINE('',#8939,#8940);
#8939 = CARTESIAN_POINT('',(-15.,5.,1.9));
#8940 = VECTOR('',#8941,1.);
#8941 = DIRECTION('',(-0.,1.,0.));
#8942 = PCURVE('',#8910,#8943);
#8943 = DEFINITIONAL_REPRESENTATION('',(#8944),#8948);
#8944 = LINE('',#8945,#8946);
#8945 = CARTESIAN_POINT('',(0.,0.));
#8946 = VECTOR('',#8947,1.);
#8947 = DIRECTION('',(1.,0.));
#8948 = ( GEOMETRIC_REPRESENTATION_CONTEXT(2) 
PARAMETRIC_REPRESENTATION_CONTEXT() REPRESENTATION_CONTEXT('2D SPACE',''
  ) );
#8949 = PCURVE('',#8950,#8955);
#8950 = PLANE('',#8951);
#8951 = AXIS2_PLACEMENT_3D('',#8952,#8953,#8954);
#8952 = CARTESIAN_POINT('',(-15.,5.,1.9));
#8953 = DIRECTION('',(0.,0.,1.));
#8954 = DIRECTION('',(1.,0.,-0.));
#8955 = DEFINITIONAL_REPRESENTATION('',(#8956),#8960);
#8956 = LINE('',#8957,#8958);
#8957 = CARTESIAN_POINT('',(0.,0.));
#8958 = VECTOR('',#8959,1.);
#8959 = DIRECTION('',(0.,1.));
#8960 = ( GEOMETRIC_REPRESENTATION_CONTEXT(2) 
PARAMETRIC_REPRESENTATION_CONTEXT() REPRESENTATION_CONTEXT('2D SPACE',''
  ) );
#8961 = ORIENTED_EDGE('',*,*,#8962,.T.);
#8962 = EDGE_CURVE('',#8935,#8963,#8965,.T.);
#8963 = VERTEX_POINT('',#8964);
#8964 = CARTESIAN_POINT('',(-15.,5.,2.15));
#8965 = SURFACE_CURVE('',#8966,(#8970,#8977),.PCURVE_S1.);
#8966 = LINE('',#8967,#8968);
#8967 = CARTESIAN_POINT('',(-15.,5.,1.9));
#8968 = VECTOR('',#8969,1.);
#8969 = DIRECTION('',(0.,0.,1.));
#8970 = PCURVE('',#8910,#8971);
#8971 = DEFINITIONAL_REPRESENTATION('',(#8972),#8976);
#8972 = LINE('',#8973,#8974);
#8973 = CARTESIAN_POINT('',(0.,0.));
#8974 = VECTOR('',#8975,1.);
#8975 = DIRECTION('',(0.,-1.));
#8976 = ( GEOMETRIC_REPRESENTATION_CONTEXT(2) 
PARAMETRIC_REPRESENTATION_CONTEXT() REPRESENTATION_CONTEXT('2D SPACE',''
  ) );
#8977 = PCURVE('',#8978,#8983);
#8978 = PLANE('',#8979);
#8979 = AXIS2_PLACEMENT_3D('',#8980,#8981,#8982);
#8980 = CARTESIAN_POINT('',(-15.,5.,1.9));
#8981 = DIRECTION('',(-0.,1.,0.));
#8982 = DIRECTION('',(1.,0.,-0.));
#8983 = DEFINITIONAL_REPRESENTATION('',(#8984),#8988);
#8984 = LINE('',#8985,#8986);
#8985 = CARTESIAN_POINT('',(0.,0.));
#8986 = VECTOR('',#8987,1.);
#8987 = DIRECTION('',(0.,-1.));
#8988 = ( GEOMETRIC_REPRESENTATION_CONTEXT(2) 
PARAMETRIC_REPRESENTATION_CONTEXT() REPRESENTATION_CONTEXT('2D SPACE',''
  ) );
#8989 = ORIENTED_EDGE('',*,*,#8990,.T.);
#8990 = EDGE_CURVE('',#8963,#8902,#8991,.T.);
#8991 = SURFACE_CURVE('',#8992,(#8996,#9003),.PCURVE_S1.);
#8992 = LINE('',#8993,#8994);
#8993 = CARTESIAN_POINT('',(-15.,5.,2.15));
#8994 = VECTOR('',#8995,1.);
#8995 = DIRECTION('',(-0.,1.,0.));
#8996 = PCURVE('',#8910,#8997);
#8997 = DEFINITIONAL_REPRESENTATION('',(#8998),#9002);
#8998 = LINE('',#8999,#9000);
#8999 = CARTESIAN_POINT('',(0.,-0.25));
#9000 = VECTOR('',#9001,1.);
#9001 = DIRECTION('',(1.,0.));
#9002 = ( GEOMETRIC_REPRESENTATION_CONTEXT(2) 
PARAMETRIC_REPRESENTATION_CONTEXT() REPRESENTATION_CONTEXT('2D SPACE',''
  ) );
#9003 = PCURVE('',#9004,#9009);
#9004 = PLANE('',#9005);
#9005 = AXIS2_PLACEMENT_3D('',#9006,#9007,#9008);
#9006 = CARTESIAN_POINT('',(-15.,5.,2.15));
#9007 = DIRECTION('',(0.,0.,1.));
#9008 = DIRECTION('',(1.,0.,-0.));
#9009 = DEFINITIONAL_REPRESENTATION('',(#9010),#9014);
#9010 = LINE('',#9011,#9012);
#9011 = CARTESIAN_POINT('',(0.,0.));
#9012 = VECTOR('',#9013,1.);
#9013 = DIRECTION('',(0.,1.));
#9014 = ( GEOMETRIC_REPRESENTATION_CONTEXT(2) 
PARAMETRIC_REPRESENTATION_CONTEXT() REPRESENTATION_CONTEXT('2D SPACE',''
  ) );
#9015 = ADVANCED_FACE('',(#9016),#8922,.T.);
#9016 = FACE_BOUND('',#9017,.T.);
#9017 = EDGE_LOOP('',(#9018,#9048,#9069,#9070));
#9018 = ORIENTED_EDGE('',*,*,#9019,.F.);
#9019 = EDGE_CURVE('',#9020,#9022,#9024,.T.);
#9020 = VERTEX_POINT('',#9021);
#9021 = CARTESIAN_POINT('',(-12.5,7.,1.9));
#9022 = VERTEX_POINT('',#9023);
#9023 = CARTESIAN_POINT('',(-12.5,7.,2.15));
#9024 = SURFACE_CURVE('',#9025,(#9029,#9036),.PCURVE_S1.);
#9025 = LINE('',#9026,#9027);
#9026 = CARTESIAN_POINT('',(-12.5,7.,1.9));
#9027 = VECTOR('',#9028,1.);
#9028 = DIRECTION('',(0.,0.,1.));
#9029 = PCURVE('',#8922,#9030);
#9030 = DEFINITIONAL_REPRESENTATION('',(#9031),#9035);
#9031 = LINE('',#9032,#9033);
#9032 = CARTESIAN_POINT('',(2.5,0.));
#9033 = VECTOR('',#9034,1.);
#9034 = DIRECTION('',(0.,-1.));
#9035 = ( GEOMETRIC_REPRESENTATION_CONTEXT(2) 
PARAMETRIC_REPRESENTATION_CONTEXT() REPRESENTATION_CONTEXT('2D SPACE',''
  ) );
#9036 = PCURVE('',#9037,#9042);
#9037 = PLANE('',#9038);
#9038 = AXIS2_PLACEMENT_3D('',#9039,#9040,#9041);
#9039 = CARTESIAN_POINT('',(-12.5,5.,1.9));
#9040 = DIRECTION('',(-1.,-0.,0.));
#9041 = DIRECTION('',(-0.,1.,0.));
#9042 = DEFINITIONAL_REPRESENTATION('',(#9043),#9047);
#9043 = LINE('',#9044,#9045);
#9044 = CARTESIAN_POINT('',(2.,0.));
#9045 = VECTOR('',#9046,1.);
#9046 = DIRECTION('',(0.,-1.));
#9047 = ( GEOMETRIC_REPRESENTATION_CONTEXT(2) 
PARAMETRIC_REPRESENTATION_CONTEXT() REPRESENTATION_CONTEXT('2D SPACE',''
  ) );
#9048 = ORIENTED_EDGE('',*,*,#9049,.F.);
#9049 = EDGE_CURVE('',#8900,#9020,#9050,.T.);
#9050 = SURFACE_CURVE('',#9051,(#9055,#9062),.PCURVE_S1.);
#9051 = LINE('',#9052,#9053);
#9052 = CARTESIAN_POINT('',(-15.,7.,1.9));
#9053 = VECTOR('',#9054,1.);
#9054 = DIRECTION('',(1.,0.,-0.));
#9055 = PCURVE('',#8922,#9056);
#9056 = DEFINITIONAL_REPRESENTATION('',(#9057),#9061);
#9057 = LINE('',#9058,#9059);
#9058 = CARTESIAN_POINT('',(0.,0.));
#9059 = VECTOR('',#9060,1.);
#9060 = DIRECTION('',(1.,0.));
#9061 = ( GEOMETRIC_REPRESENTATION_CONTEXT(2) 
PARAMETRIC_REPRESENTATION_CONTEXT() REPRESENTATION_CONTEXT('2D SPACE',''
  ) );
#9062 = PCURVE('',#8950,#9063);
#9063 = DEFINITIONAL_REPRESENTATION('',(#9064),#9068);
#9064 = LINE('',#9065,#9066);
#9065 = CARTESIAN_POINT('',(0.,2.));
#9066 = VECTOR('',#9067,1.);
#9067 = DIRECTION('',(1.,0.));
#9068 = ( GEOMETRIC_REPRESENTATION_CONTEXT(2) 
PARAMETRIC_REPRESENTATION_CONTEXT() REPRESENTATION_CONTEXT('2D SPACE',''
  ) );
#9069 = ORIENTED_EDGE('',*,*,#8899,.T.);
#9070 = ORIENTED_EDGE('',*,*,#9071,.T.);
#9071 = EDGE_CURVE('',#8902,#9022,#9072,.T.);
#9072 = SURFACE_CURVE('',#9073,(#9077,#9084),.PCURVE_S1.);
#9073 = LINE('',#9074,#9075);
#9074 = CARTESIAN_POINT('',(-15.,7.,2.15));
#9075 = VECTOR('',#9076,1.);
#9076 = DIRECTION('',(1.,0.,-0.));
#9077 = PCURVE('',#8922,#9078);
#9078 = DEFINITIONAL_REPRESENTATION('',(#9079),#9083);
#9079 = LINE('',#9080,#9081);
#9080 = CARTESIAN_POINT('',(0.,-0.25));
#9081 = VECTOR('',#9082,1.);
#9082 = DIRECTION('',(1.,0.));
#9083 = ( GEOMETRIC_REPRESENTATION_CONTEXT(2) 
PARAMETRIC_REPRESENTATION_CONTEXT() REPRESENTATION_CONTEXT('2D SPACE',''
  ) );
#9084 = PCURVE('',#9004,#9085);
#9085 = DEFINITIONAL_REPRESENTATION('',(#9086),#9090);
#9086 = LINE('',#9087,#9088);
#9087 = CARTESIAN_POINT('',(0.,2.));
#9088 = VECTOR('',#9089,1.);
#9089 = DIRECTION('',(1.,0.));
#9090 = ( GEOMETRIC_REPRESENTATION_CONTEXT(2) 
PARAMETRIC_REPRESENTATION_CONTEXT() REPRESENTATION_CONTEXT('2D SPACE',''
  ) );
#9091 = ADVANCED_FACE('',(#9092),#9037,.F.);
#9092 = FACE_BOUND('',#9093,.F.);
#9093 = EDGE_LOOP('',(#9094,#9095,#9118,#9141));
#9094 = ORIENTED_EDGE('',*,*,#9019,.F.);
#9095 = ORIENTED_EDGE('',*,*,#9096,.F.);
#9096 = EDGE_CURVE('',#9097,#9020,#9099,.T.);
#9097 = VERTEX_POINT('',#9098);
#9098 = CARTESIAN_POINT('',(-12.5,5.,1.9));
#9099 = SURFACE_CURVE('',#9100,(#9104,#9111),.PCURVE_S1.);
#9100 = LINE('',#9101,#9102);
#9101 = CARTESIAN_POINT('',(-12.5,5.,1.9));
#9102 = VECTOR('',#9103,1.);
#9103 = DIRECTION('',(-0.,1.,0.));
#9104 = PCURVE('',#9037,#9105);
#9105 = DEFINITIONAL_REPRESENTATION('',(#9106),#9110);
#9106 = LINE('',#9107,#9108);
#9107 = CARTESIAN_POINT('',(0.,0.));
#9108 = VECTOR('',#9109,1.);
#9109 = DIRECTION('',(1.,0.));
#9110 = ( GEOMETRIC_REPRESENTATION_CONTEXT(2) 
PARAMETRIC_REPRESENTATION_CONTEXT() REPRESENTATION_CONTEXT('2D SPACE',''
  ) );
#9111 = PCURVE('',#8950,#9112);
#9112 = DEFINITIONAL_REPRESENTATION('',(#9113),#9117);
#9113 = LINE('',#9114,#9115);
#9114 = CARTESIAN_POINT('',(2.5,0.));
#9115 = VECTOR('',#9116,1.);
#9116 = DIRECTION('',(0.,1.));
#9117 = ( GEOMETRIC_REPRESENTATION_CONTEXT(2) 
PARAMETRIC_REPRESENTATION_CONTEXT() REPRESENTATION_CONTEXT('2D SPACE',''
  ) );
#9118 = ORIENTED_EDGE('',*,*,#9119,.T.);
#9119 = EDGE_CURVE('',#9097,#9120,#9122,.T.);
#9120 = VERTEX_POINT('',#9121);
#9121 = CARTESIAN_POINT('',(-12.5,5.,2.15));
#9122 = SURFACE_CURVE('',#9123,(#9127,#9134),.PCURVE_S1.);
#9123 = LINE('',#9124,#9125);
#9124 = CARTESIAN_POINT('',(-12.5,5.,1.9));
#9125 = VECTOR('',#9126,1.);
#9126 = DIRECTION('',(0.,0.,1.));
#9127 = PCURVE('',#9037,#9128);
#9128 = DEFINITIONAL_REPRESENTATION('',(#9129),#9133);
#9129 = LINE('',#9130,#9131);
#9130 = CARTESIAN_POINT('',(0.,0.));
#9131 = VECTOR('',#9132,1.);
#9132 = DIRECTION('',(0.,-1.));
#9133 = ( GEOMETRIC_REPRESENTATION_CONTEXT(2) 
PARAMETRIC_REPRESENTATION_CONTEXT() REPRESENTATION_CONTEXT('2D SPACE',''
  ) );
#9134 = PCURVE('',#8978,#9135);
#9135 = DEFINITIONAL_REPRESENTATION('',(#9136),#9140);
#9136 = LINE('',#9137,#9138);
#9137 = CARTESIAN_POINT('',(2.5,0.));
#9138 = VECTOR('',#9139,1.);
#9139 = DIRECTION('',(0.,-1.));
#9140 = ( GEOMETRIC_REPRESENTATION_CONTEXT(2) 
PARAMETRIC_REPRESENTATION_CONTEXT() REPRESENTATION_CONTEXT('2D SPACE',''
  ) );
#9141 = ORIENTED_EDGE('',*,*,#9142,.T.);
#9142 = EDGE_CURVE('',#9120,#9022,#9143,.T.);
#9143 = SURFACE_CURVE('',#9144,(#9148,#9155),.PCURVE_S1.);
#9144 = LINE('',#9145,#9146);
#9145 = CARTESIAN_POINT('',(-12.5,5.,2.15));
#9146 = VECTOR('',#9147,1.);
#9147 = DIRECTION('',(-0.,1.,0.));
#9148 = PCURVE('',#9037,#9149);
#9149 = DEFINITIONAL_REPRESENTATION('',(#9150),#9154);
#9150 = LINE('',#9151,#9152);
#9151 = CARTESIAN_POINT('',(0.,-0.25));
#9152 = VECTOR('',#9153,1.);
#9153 = DIRECTION('',(1.,0.));
#9154 = ( GEOMETRIC_REPRESENTATION_CONTEXT(2) 
PARAMETRIC_REPRESENTATION_CONTEXT() REPRESENTATION_CONTEXT('2D SPACE',''
  ) );
#9155 = PCURVE('',#9004,#9156);
#9156 = DEFINITIONAL_REPRESENTATION('',(#9157),#9161);
#9157 = LINE('',#9158,#9159);
#9158 = CARTESIAN_POINT('',(2.5,0.));
#9159 = VECTOR('',#9160,1.);
#9160 = DIRECTION('',(0.,1.));
#9161 = ( GEOMETRIC_REPRESENTATION_CONTEXT(2) 
PARAMETRIC_REPRESENTATION_CONTEXT() REPRESENTATION_CONTEXT('2D SPACE',''
  ) );
#9162 = ADVANCED_FACE('',(#9163),#8978,.F.);
#9163 = FACE_BOUND('',#9164,.F.);
#9164 = EDGE_LOOP('',(#9165,#9166,#9187,#9188));
#9165 = ORIENTED_EDGE('',*,*,#9119,.F.);
#9166 = ORIENTED_EDGE('',*,*,#9167,.F.);
#9167 = EDGE_CURVE('',#8935,#9097,#9168,.T.);
#9168 = SURFACE_CURVE('',#9169,(#9173,#9180),.PCURVE_S1.);
#9169 = LINE('',#9170,#9171);
#9170 = CARTESIAN_POINT('',(-15.,5.,1.9));
#9171 = VECTOR('',#9172,1.);
#9172 = DIRECTION('',(1.,0.,-0.));
#9173 = PCURVE('',#8978,#9174);
#9174 = DEFINITIONAL_REPRESENTATION('',(#9175),#9179);
#9175 = LINE('',#9176,#9177);
#9176 = CARTESIAN_POINT('',(0.,0.));
#9177 = VECTOR('',#9178,1.);
#9178 = DIRECTION('',(1.,0.));
#9179 = ( GEOMETRIC_REPRESENTATION_CONTEXT(2) 
PARAMETRIC_REPRESENTATION_CONTEXT() REPRESENTATION_CONTEXT('2D SPACE',''
  ) );
#9180 = PCURVE('',#8950,#9181);
#9181 = DEFINITIONAL_REPRESENTATION('',(#9182),#9186);
#9182 = LINE('',#9183,#9184);
#9183 = CARTESIAN_POINT('',(0.,0.));
#9184 = VECTOR('',#9185,1.);
#9185 = DIRECTION('',(1.,0.));
#9186 = ( GEOMETRIC_REPRESENTATION_CONTEXT(2) 
PARAMETRIC_REPRESENTATION_CONTEXT() REPRESENTATION_CONTEXT('2D SPACE',''
  ) );
#9187 = ORIENTED_EDGE('',*,*,#8962,.T.);
#9188 = ORIENTED_EDGE('',*,*,#9189,.T.);
#9189 = EDGE_CURVE('',#8963,#9120,#9190,.T.);
#9190 = SURFACE_CURVE('',#9191,(#9195,#9202),.PCURVE_S1.);
#9191 = LINE('',#9192,#9193);
#9192 = CARTESIAN_POINT('',(-15.,5.,2.15));
#9193 = VECTOR('',#9194,1.);
#9194 = DIRECTION('',(1.,0.,-0.));
#9195 = PCURVE('',#8978,#9196);
#9196 = DEFINITIONAL_REPRESENTATION('',(#9197),#9201);
#9197 = LINE('',#9198,#9199);
#9198 = CARTESIAN_POINT('',(0.,-0.25));
#9199 = VECTOR('',#9200,1.);
#9200 = DIRECTION('',(1.,0.));
#9201 = ( GEOMETRIC_REPRESENTATION_CONTEXT(2) 
PARAMETRIC_REPRESENTATION_CONTEXT() REPRESENTATION_CONTEXT('2D SPACE',''
  ) );
#9202 = PCURVE('',#9004,#9203);
#9203 = DEFINITIONAL_REPRESENTATION('',(#9204),#9208);
#9204 = LINE('',#9205,#9206);
#9205 = CARTESIAN_POINT('',(0.,0.));
#9206 = VECTOR('',#9207,1.);
#9207 = DIRECTION('',(1.,0.));
#9208 = ( GEOMETRIC_REPRESENTATION_CONTEXT(2) 
PARAMETRIC_REPRESENTATION_CONTEXT() REPRESENTATION_CONTEXT('2D SPACE',''
  ) );
#9209 = ADVANCED_FACE('',(#9210),#8950,.F.);
#9210 = FACE_BOUND('',#9211,.F.);
#9211 = EDGE_LOOP('',(#9212,#9213,#9214,#9215));
#9212 = ORIENTED_EDGE('',*,*,#8934,.F.);
#9213 = ORIENTED_EDGE('',*,*,#9167,.T.);
#9214 = ORIENTED_EDGE('',*,*,#9096,.T.);
#9215 = ORIENTED_EDGE('',*,*,#9049,.F.);
#9216 = ADVANCED_FACE('',(#9217),#9004,.T.);
#9217 = FACE_BOUND('',#9218,.T.);
#9218 = EDGE_LOOP('',(#9219,#9220,#9221,#9222));
#9219 = ORIENTED_EDGE('',*,*,#8990,.F.);
#9220 = ORIENTED_EDGE('',*,*,#9189,.T.);
#9221 = ORIENTED_EDGE('',*,*,#9142,.T.);
#9222 = ORIENTED_EDGE('',*,*,#9071,.F.);
#9223 = ( GEOMETRIC_REPRESENTATION_CONTEXT(3) 
GLOBAL_UNCERTAINTY_ASSIGNED_CONTEXT((#9227)) 
GLOBAL_UNIT_ASSIGNED_CONTEXT((#9224,#9225,#9226)) REPRESENTATION_CONTEXT
('Context #1','3D Context with UNIT and UNCERTAINTY') );
#9224 = ( LENGTH_UNIT() NAMED_UNIT(*) SI_UNIT(.MILLI.,.METRE.) );
#9225 = ( NAMED_UNIT(*) PLANE_ANGLE_UNIT() SI_UNIT($,.RADIAN.) );
#9226 = ( NAMED_UNIT(*) SI_UNIT($,.STERADIAN.) SOLID_ANGLE_UNIT() );
#9227 = UNCERTAINTY_MEASURE_WITH_UNIT(LENGTH_MEASURE(1.E-07),#9224,
  'distance_accuracy_value','confusion accuracy');
#9228 = CONTEXT_DEPENDENT_SHAPE_REPRESENTATION(#9229,#9231);
#9229 = ( REPRESENTATION_RELATIONSHIP('','',#8892,#8512) 
REPRESENTATION_RELATIONSHIP_WITH_TRANSFORMATION(#9230) 
SHAPE_REPRESENTATION_RELATIONSHIP() );
#9230 = ITEM_DEFINED_TRANSFORMATION('','',#11,#8517);
#9231 = PRODUCT_DEFINITION_SHAPE('Placement','Placement of an item',
  #9232);
#9232 = NEXT_ASSEMBLY_USAGE_OCCURRENCE('39','=>[0:1:1:24]','',#8507,
  #8887,$);
#9233 = PRODUCT_RELATED_PRODUCT_CATEGORY('part',$,(#8889));
#9234 = SHAPE_DEFINITION_REPRESENTATION(#9235,#9241);
#9235 = PRODUCT_DEFINITION_SHAPE('','',#9236);
#9236 = PRODUCT_DEFINITION('design','',#9237,#9240);
#9237 = PRODUCT_DEFINITION_FORMATION('','',#9238);
#9238 = PRODUCT('SOLID','SOLID','',(#9239));
#9239 = PRODUCT_CONTEXT('',#2,'mechanical');
#9240 = PRODUCT_DEFINITION_CONTEXT('part definition',#2,'design');
#9241 = ADVANCED_BREP_SHAPE_REPRESENTATION('',(#11,#9242),#9572);
#9242 = MANIFOLD_SOLID_BREP('',#9243);
#9243 = CLOSED_SHELL('',(#9244,#9364,#9440,#9511,#9558,#9565));
#9244 = ADVANCED_FACE('',(#9245),#9259,.T.);
#9245 = FACE_BOUND('',#9246,.T.);
#9246 = EDGE_LOOP('',(#9247,#9282,#9310,#9338));
#9247 = ORIENTED_EDGE('',*,*,#9248,.F.);
#9248 = EDGE_CURVE('',#9249,#9251,#9253,.T.);
#9249 = VERTEX_POINT('',#9250);
#9250 = CARTESIAN_POINT('',(-15.,4.,1.9));
#9251 = VERTEX_POINT('',#9252);
#9252 = CARTESIAN_POINT('',(-15.,4.,2.15));
#9253 = SURFACE_CURVE('',#9254,(#9258,#9270),.PCURVE_S1.);
#9254 = LINE('',#9255,#9256);
#9255 = CARTESIAN_POINT('',(-15.,4.,1.9));
#9256 = VECTOR('',#9257,1.);
#9257 = DIRECTION('',(0.,0.,1.));
#9258 = PCURVE('',#9259,#9264);
#9259 = PLANE('',#9260);
#9260 = AXIS2_PLACEMENT_3D('',#9261,#9262,#9263);
#9261 = CARTESIAN_POINT('',(-15.,2.,1.9));
#9262 = DIRECTION('',(-1.,-0.,0.));
#9263 = DIRECTION('',(-0.,1.,0.));
#9264 = DEFINITIONAL_REPRESENTATION('',(#9265),#9269);
#9265 = LINE('',#9266,#9267);
#9266 = CARTESIAN_POINT('',(2.,0.));
#9267 = VECTOR('',#9268,1.);
#9268 = DIRECTION('',(0.,-1.));
#9269 = ( GEOMETRIC_REPRESENTATION_CONTEXT(2) 
PARAMETRIC_REPRESENTATION_CONTEXT() REPRESENTATION_CONTEXT('2D SPACE',''
  ) );
#9270 = PCURVE('',#9271,#9276);
#9271 = PLANE('',#9272);
#9272 = AXIS2_PLACEMENT_3D('',#9273,#9274,#9275);
#9273 = CARTESIAN_POINT('',(-15.,4.,1.9));
#9274 = DIRECTION('',(-0.,1.,0.));
#9275 = DIRECTION('',(1.,0.,-0.));
#9276 = DEFINITIONAL_REPRESENTATION('',(#9277),#9281);
#9277 = LINE('',#9278,#9279);
#9278 = CARTESIAN_POINT('',(0.,0.));
#9279 = VECTOR('',#9280,1.);
#9280 = DIRECTION('',(0.,-1.));
#9281 = ( GEOMETRIC_REPRESENTATION_CONTEXT(2) 
PARAMETRIC_REPRESENTATION_CONTEXT() REPRESENTATION_CONTEXT('2D SPACE',''
  ) );
#9282 = ORIENTED_EDGE('',*,*,#9283,.F.);
#9283 = EDGE_CURVE('',#9284,#9249,#9286,.T.);
#9284 = VERTEX_POINT('',#9285);
#9285 = CARTESIAN_POINT('',(-15.,2.,1.9));
#9286 = SURFACE_CURVE('',#9287,(#9291,#9298),.PCURVE_S1.);
#9287 = LINE('',#9288,#9289);
#9288 = CARTESIAN_POINT('',(-15.,2.,1.9));
#9289 = VECTOR('',#9290,1.);
#9290 = DIRECTION('',(-0.,1.,0.));
#9291 = PCURVE('',#9259,#9292);
#9292 = DEFINITIONAL_REPRESENTATION('',(#9293),#9297);
#9293 = LINE('',#9294,#9295);
#9294 = CARTESIAN_POINT('',(0.,0.));
#9295 = VECTOR('',#9296,1.);
#9296 = DIRECTION('',(1.,0.));
#9297 = ( GEOMETRIC_REPRESENTATION_CONTEXT(2) 
PARAMETRIC_REPRESENTATION_CONTEXT() REPRESENTATION_CONTEXT('2D SPACE',''
  ) );
#9298 = PCURVE('',#9299,#9304);
#9299 = PLANE('',#9300);
#9300 = AXIS2_PLACEMENT_3D('',#9301,#9302,#9303);
#9301 = CARTESIAN_POINT('',(-15.,2.,1.9));
#9302 = DIRECTION('',(0.,0.,1.));
#9303 = DIRECTION('',(1.,0.,-0.));
#9304 = DEFINITIONAL_REPRESENTATION('',(#9305),#9309);
#9305 = LINE('',#9306,#9307);
#9306 = CARTESIAN_POINT('',(0.,0.));
#9307 = VECTOR('',#9308,1.);
#9308 = DIRECTION('',(0.,1.));
#9309 = ( GEOMETRIC_REPRESENTATION_CONTEXT(2) 
PARAMETRIC_REPRESENTATION_CONTEXT() REPRESENTATION_CONTEXT('2D SPACE',''
  ) );
#9310 = ORIENTED_EDGE('',*,*,#9311,.T.);
#9311 = EDGE_CURVE('',#9284,#9312,#9314,.T.);
#9312 = VERTEX_POINT('',#9313);
#9313 = CARTESIAN_POINT('',(-15.,2.,2.15));
#9314 = SURFACE_CURVE('',#9315,(#9319,#9326),.PCURVE_S1.);
#9315 = LINE('',#9316,#9317);
#9316 = CARTESIAN_POINT('',(-15.,2.,1.9));
#9317 = VECTOR('',#9318,1.);
#9318 = DIRECTION('',(0.,0.,1.));
#9319 = PCURVE('',#9259,#9320);
#9320 = DEFINITIONAL_REPRESENTATION('',(#9321),#9325);
#9321 = LINE('',#9322,#9323);
#9322 = CARTESIAN_POINT('',(0.,0.));
#9323 = VECTOR('',#9324,1.);
#9324 = DIRECTION('',(0.,-1.));
#9325 = ( GEOMETRIC_REPRESENTATION_CONTEXT(2) 
PARAMETRIC_REPRESENTATION_CONTEXT() REPRESENTATION_CONTEXT('2D SPACE',''
  ) );
#9326 = PCURVE('',#9327,#9332);
#9327 = PLANE('',#9328);
#9328 = AXIS2_PLACEMENT_3D('',#9329,#9330,#9331);
#9329 = CARTESIAN_POINT('',(-15.,2.,1.9));
#9330 = DIRECTION('',(-0.,1.,0.));
#9331 = DIRECTION('',(1.,0.,-0.));
#9332 = DEFINITIONAL_REPRESENTATION('',(#9333),#9337);
#9333 = LINE('',#9334,#9335);
#9334 = CARTESIAN_POINT('',(0.,0.));
#9335 = VECTOR('',#9336,1.);
#9336 = DIRECTION('',(0.,-1.));
#9337 = ( GEOMETRIC_REPRESENTATION_CONTEXT(2) 
PARAMETRIC_REPRESENTATION_CONTEXT() REPRESENTATION_CONTEXT('2D SPACE',''
  ) );
#9338 = ORIENTED_EDGE('',*,*,#9339,.T.);
#9339 = EDGE_CURVE('',#9312,#9251,#9340,.T.);
#9340 = SURFACE_CURVE('',#9341,(#9345,#9352),.PCURVE_S1.);
#9341 = LINE('',#9342,#9343);
#9342 = CARTESIAN_POINT('',(-15.,2.,2.15));
#9343 = VECTOR('',#9344,1.);
#9344 = DIRECTION('',(-0.,1.,0.));
#9345 = PCURVE('',#9259,#9346);
#9346 = DEFINITIONAL_REPRESENTATION('',(#9347),#9351);
#9347 = LINE('',#9348,#9349);
#9348 = CARTESIAN_POINT('',(0.,-0.25));
#9349 = VECTOR('',#9350,1.);
#9350 = DIRECTION('',(1.,0.));
#9351 = ( GEOMETRIC_REPRESENTATION_CONTEXT(2) 
PARAMETRIC_REPRESENTATION_CONTEXT() REPRESENTATION_CONTEXT('2D SPACE',''
  ) );
#9352 = PCURVE('',#9353,#9358);
#9353 = PLANE('',#9354);
#9354 = AXIS2_PLACEMENT_3D('',#9355,#9356,#9357);
#9355 = CARTESIAN_POINT('',(-15.,2.,2.15));
#9356 = DIRECTION('',(0.,0.,1.));
#9357 = DIRECTION('',(1.,0.,-0.));
#9358 = DEFINITIONAL_REPRESENTATION('',(#9359),#9363);
#9359 = LINE('',#9360,#9361);
#9360 = CARTESIAN_POINT('',(0.,0.));
#9361 = VECTOR('',#9362,1.);
#9362 = DIRECTION('',(0.,1.));
#9363 = ( GEOMETRIC_REPRESENTATION_CONTEXT(2) 
PARAMETRIC_REPRESENTATION_CONTEXT() REPRESENTATION_CONTEXT('2D SPACE',''
  ) );
#9364 = ADVANCED_FACE('',(#9365),#9271,.T.);
#9365 = FACE_BOUND('',#9366,.T.);
#9366 = EDGE_LOOP('',(#9367,#9397,#9418,#9419));
#9367 = ORIENTED_EDGE('',*,*,#9368,.F.);
#9368 = EDGE_CURVE('',#9369,#9371,#9373,.T.);
#9369 = VERTEX_POINT('',#9370);
#9370 = CARTESIAN_POINT('',(-12.5,4.,1.9));
#9371 = VERTEX_POINT('',#9372);
#9372 = CARTESIAN_POINT('',(-12.5,4.,2.15));
#9373 = SURFACE_CURVE('',#9374,(#9378,#9385),.PCURVE_S1.);
#9374 = LINE('',#9375,#9376);
#9375 = CARTESIAN_POINT('',(-12.5,4.,1.9));
#9376 = VECTOR('',#9377,1.);
#9377 = DIRECTION('',(0.,0.,1.));
#9378 = PCURVE('',#9271,#9379);
#9379 = DEFINITIONAL_REPRESENTATION('',(#9380),#9384);
#9380 = LINE('',#9381,#9382);
#9381 = CARTESIAN_POINT('',(2.5,0.));
#9382 = VECTOR('',#9383,1.);
#9383 = DIRECTION('',(0.,-1.));
#9384 = ( GEOMETRIC_REPRESENTATION_CONTEXT(2) 
PARAMETRIC_REPRESENTATION_CONTEXT() REPRESENTATION_CONTEXT('2D SPACE',''
  ) );
#9385 = PCURVE('',#9386,#9391);
#9386 = PLANE('',#9387);
#9387 = AXIS2_PLACEMENT_3D('',#9388,#9389,#9390);
#9388 = CARTESIAN_POINT('',(-12.5,2.,1.9));
#9389 = DIRECTION('',(-1.,-0.,0.));
#9390 = DIRECTION('',(-0.,1.,0.));
#9391 = DEFINITIONAL_REPRESENTATION('',(#9392),#9396);
#9392 = LINE('',#9393,#9394);
#9393 = CARTESIAN_POINT('',(2.,0.));
#9394 = VECTOR('',#9395,1.);
#9395 = DIRECTION('',(0.,-1.));
#9396 = ( GEOMETRIC_REPRESENTATION_CONTEXT(2) 
PARAMETRIC_REPRESENTATION_CONTEXT() REPRESENTATION_CONTEXT('2D SPACE',''
  ) );
#9397 = ORIENTED_EDGE('',*,*,#9398,.F.);
#9398 = EDGE_CURVE('',#9249,#9369,#9399,.T.);
#9399 = SURFACE_CURVE('',#9400,(#9404,#9411),.PCURVE_S1.);
#9400 = LINE('',#9401,#9402);
#9401 = CARTESIAN_POINT('',(-15.,4.,1.9));
#9402 = VECTOR('',#9403,1.);
#9403 = DIRECTION('',(1.,0.,-0.));
#9404 = PCURVE('',#9271,#9405);
#9405 = DEFINITIONAL_REPRESENTATION('',(#9406),#9410);
#9406 = LINE('',#9407,#9408);
#9407 = CARTESIAN_POINT('',(0.,0.));
#9408 = VECTOR('',#9409,1.);
#9409 = DIRECTION('',(1.,0.));
#9410 = ( GEOMETRIC_REPRESENTATION_CONTEXT(2) 
PARAMETRIC_REPRESENTATION_CONTEXT() REPRESENTATION_CONTEXT('2D SPACE',''
  ) );
#9411 = PCURVE('',#9299,#9412);
#9412 = DEFINITIONAL_REPRESENTATION('',(#9413),#9417);
#9413 = LINE('',#9414,#9415);
#9414 = CARTESIAN_POINT('',(0.,2.));
#9415 = VECTOR('',#9416,1.);
#9416 = DIRECTION('',(1.,0.));
#9417 = ( GEOMETRIC_REPRESENTATION_CONTEXT(2) 
PARAMETRIC_REPRESENTATION_CONTEXT() REPRESENTATION_CONTEXT('2D SPACE',''
  ) );
#9418 = ORIENTED_EDGE('',*,*,#9248,.T.);
#9419 = ORIENTED_EDGE('',*,*,#9420,.T.);
#9420 = EDGE_CURVE('',#9251,#9371,#9421,.T.);
#9421 = SURFACE_CURVE('',#9422,(#9426,#9433),.PCURVE_S1.);
#9422 = LINE('',#9423,#9424);
#9423 = CARTESIAN_POINT('',(-15.,4.,2.15));
#9424 = VECTOR('',#9425,1.);
#9425 = DIRECTION('',(1.,0.,-0.));
#9426 = PCURVE('',#9271,#9427);
#9427 = DEFINITIONAL_REPRESENTATION('',(#9428),#9432);
#9428 = LINE('',#9429,#9430);
#9429 = CARTESIAN_POINT('',(0.,-0.25));
#9430 = VECTOR('',#9431,1.);
#9431 = DIRECTION('',(1.,0.));
#9432 = ( GEOMETRIC_REPRESENTATION_CONTEXT(2) 
PARAMETRIC_REPRESENTATION_CONTEXT() REPRESENTATION_CONTEXT('2D SPACE',''
  ) );
#9433 = PCURVE('',#9353,#9434);
#9434 = DEFINITIONAL_REPRESENTATION('',(#9435),#9439);
#9435 = LINE('',#9436,#9437);
#9436 = CARTESIAN_POINT('',(0.,2.));
#9437 = VECTOR('',#9438,1.);
#9438 = DIRECTION('',(1.,0.));
#9439 = ( GEOMETRIC_REPRESENTATION_CONTEXT(2) 
PARAMETRIC_REPRESENTATION_CONTEXT() REPRESENTATION_CONTEXT('2D SPACE',''
  ) );
#9440 = ADVANCED_FACE('',(#9441),#9386,.F.);
#9441 = FACE_BOUND('',#9442,.F.);
#9442 = EDGE_LOOP('',(#9443,#9444,#9467,#9490));
#9443 = ORIENTED_EDGE('',*,*,#9368,.F.);
#9444 = ORIENTED_EDGE('',*,*,#9445,.F.);
#9445 = EDGE_CURVE('',#9446,#9369,#9448,.T.);
#9446 = VERTEX_POINT('',#9447);
#9447 = CARTESIAN_POINT('',(-12.5,2.,1.9));
#9448 = SURFACE_CURVE('',#9449,(#9453,#9460),.PCURVE_S1.);
#9449 = LINE('',#9450,#9451);
#9450 = CARTESIAN_POINT('',(-12.5,2.,1.9));
#9451 = VECTOR('',#9452,1.);
#9452 = DIRECTION('',(-0.,1.,0.));
#9453 = PCURVE('',#9386,#9454);
#9454 = DEFINITIONAL_REPRESENTATION('',(#9455),#9459);
#9455 = LINE('',#9456,#9457);
#9456 = CARTESIAN_POINT('',(0.,0.));
#9457 = VECTOR('',#9458,1.);
#9458 = DIRECTION('',(1.,0.));
#9459 = ( GEOMETRIC_REPRESENTATION_CONTEXT(2) 
PARAMETRIC_REPRESENTATION_CONTEXT() REPRESENTATION_CONTEXT('2D SPACE',''
  ) );
#9460 = PCURVE('',#9299,#9461);
#9461 = DEFINITIONAL_REPRESENTATION('',(#9462),#9466);
#9462 = LINE('',#9463,#9464);
#9463 = CARTESIAN_POINT('',(2.5,0.));
#9464 = VECTOR('',#9465,1.);
#9465 = DIRECTION('',(0.,1.));
#9466 = ( GEOMETRIC_REPRESENTATION_CONTEXT(2) 
PARAMETRIC_REPRESENTATION_CONTEXT() REPRESENTATION_CONTEXT('2D SPACE',''
  ) );
#9467 = ORIENTED_EDGE('',*,*,#9468,.T.);
#9468 = EDGE_CURVE('',#9446,#9469,#9471,.T.);
#9469 = VERTEX_POINT('',#9470);
#9470 = CARTESIAN_POINT('',(-12.5,2.,2.15));
#9471 = SURFACE_CURVE('',#9472,(#9476,#9483),.PCURVE_S1.);
#9472 = LINE('',#9473,#9474);
#9473 = CARTESIAN_POINT('',(-12.5,2.,1.9));
#9474 = VECTOR('',#9475,1.);
#9475 = DIRECTION('',(0.,0.,1.));
#9476 = PCURVE('',#9386,#9477);
#9477 = DEFINITIONAL_REPRESENTATION('',(#9478),#9482);
#9478 = LINE('',#9479,#9480);
#9479 = CARTESIAN_POINT('',(0.,0.));
#9480 = VECTOR('',#9481,1.);
#9481 = DIRECTION('',(0.,-1.));
#9482 = ( GEOMETRIC_REPRESENTATION_CONTEXT(2) 
PARAMETRIC_REPRESENTATION_CONTEXT() REPRESENTATION_CONTEXT('2D SPACE',''
  ) );
#9483 = PCURVE('',#9327,#9484);
#9484 = DEFINITIONAL_REPRESENTATION('',(#9485),#9489);
#9485 = LINE('',#9486,#9487);
#9486 = CARTESIAN_POINT('',(2.5,0.));
#9487 = VECTOR('',#9488,1.);
#9488 = DIRECTION('',(0.,-1.));
#9489 = ( GEOMETRIC_REPRESENTATION_CONTEXT(2) 
PARAMETRIC_REPRESENTATION_CONTEXT() REPRESENTATION_CONTEXT('2D SPACE',''
  ) );
#9490 = ORIENTED_EDGE('',*,*,#9491,.T.);
#9491 = EDGE_CURVE('',#9469,#9371,#9492,.T.);
#9492 = SURFACE_CURVE('',#9493,(#9497,#9504),.PCURVE_S1.);
#9493 = LINE('',#9494,#9495);
#9494 = CARTESIAN_POINT('',(-12.5,2.,2.15));
#9495 = VECTOR('',#9496,1.);
#9496 = DIRECTION('',(-0.,1.,0.));
#9497 = PCURVE('',#9386,#9498);
#9498 = DEFINITIONAL_REPRESENTATION('',(#9499),#9503);
#9499 = LINE('',#9500,#9501);
#9500 = CARTESIAN_POINT('',(0.,-0.25));
#9501 = VECTOR('',#9502,1.);
#9502 = DIRECTION('',(1.,0.));
#9503 = ( GEOMETRIC_REPRESENTATION_CONTEXT(2) 
PARAMETRIC_REPRESENTATION_CONTEXT() REPRESENTATION_CONTEXT('2D SPACE',''
  ) );
#9504 = PCURVE('',#9353,#9505);
#9505 = DEFINITIONAL_REPRESENTATION('',(#9506),#9510);
#9506 = LINE('',#9507,#9508);
#9507 = CARTESIAN_POINT('',(2.5,0.));
#9508 = VECTOR('',#9509,1.);
#9509 = DIRECTION('',(0.,1.));
#9510 = ( GEOMETRIC_REPRESENTATION_CONTEXT(2) 
PARAMETRIC_REPRESENTATION_CONTEXT() REPRESENTATION_CONTEXT('2D SPACE',''
  ) );
#9511 = ADVANCED_FACE('',(#9512),#9327,.F.);
#9512 = FACE_BOUND('',#9513,.F.);
#9513 = EDGE_LOOP('',(#9514,#9515,#9536,#9537));
#9514 = ORIENTED_EDGE('',*,*,#9468,.F.);
#9515 = ORIENTED_EDGE('',*,*,#9516,.F.);
#9516 = EDGE_CURVE('',#9284,#9446,#9517,.T.);
#9517 = SURFACE_CURVE('',#9518,(#9522,#9529),.PCURVE_S1.);
#9518 = LINE('',#9519,#9520);
#9519 = CARTESIAN_POINT('',(-15.,2.,1.9));
#9520 = VECTOR('',#9521,1.);
#9521 = DIRECTION('',(1.,0.,-0.));
#9522 = PCURVE('',#9327,#9523);
#9523 = DEFINITIONAL_REPRESENTATION('',(#9524),#9528);
#9524 = LINE('',#9525,#9526);
#9525 = CARTESIAN_POINT('',(0.,0.));
#9526 = VECTOR('',#9527,1.);
#9527 = DIRECTION('',(1.,0.));
#9528 = ( GEOMETRIC_REPRESENTATION_CONTEXT(2) 
PARAMETRIC_REPRESENTATION_CONTEXT() REPRESENTATION_CONTEXT('2D SPACE',''
  ) );
#9529 = PCURVE('',#9299,#9530);
#9530 = DEFINITIONAL_REPRESENTATION('',(#9531),#9535);
#9531 = LINE('',#9532,#9533);
#9532 = CARTESIAN_POINT('',(0.,0.));
#9533 = VECTOR('',#9534,1.);
#9534 = DIRECTION('',(1.,0.));
#9535 = ( GEOMETRIC_REPRESENTATION_CONTEXT(2) 
PARAMETRIC_REPRESENTATION_CONTEXT() REPRESENTATION_CONTEXT('2D SPACE',''
  ) );
#9536 = ORIENTED_EDGE('',*,*,#9311,.T.);
#9537 = ORIENTED_EDGE('',*,*,#9538,.T.);
#9538 = EDGE_CURVE('',#9312,#9469,#9539,.T.);
#9539 = SURFACE_CURVE('',#9540,(#9544,#9551),.PCURVE_S1.);
#9540 = LINE('',#9541,#9542);
#9541 = CARTESIAN_POINT('',(-15.,2.,2.15));
#9542 = VECTOR('',#9543,1.);
#9543 = DIRECTION('',(1.,0.,-0.));
#9544 = PCURVE('',#9327,#9545);
#9545 = DEFINITIONAL_REPRESENTATION('',(#9546),#9550);
#9546 = LINE('',#9547,#9548);
#9547 = CARTESIAN_POINT('',(0.,-0.25));
#9548 = VECTOR('',#9549,1.);
#9549 = DIRECTION('',(1.,0.));
#9550 = ( GEOMETRIC_REPRESENTATION_CONTEXT(2) 
PARAMETRIC_REPRESENTATION_CONTEXT() REPRESENTATION_CONTEXT('2D SPACE',''
  ) );
#9551 = PCURVE('',#9353,#9552);
#9552 = DEFINITIONAL_REPRESENTATION('',(#9553),#9557);
#9553 = LINE('',#9554,#9555);
#9554 = CARTESIAN_POINT('',(0.,0.));
#9555 = VECTOR('',#9556,1.);
#9556 = DIRECTION('',(1.,0.));
#9557 = ( GEOMETRIC_REPRESENTATION_CONTEXT(2) 
PARAMETRIC_REPRESENTATION_CONTEXT() REPRESENTATION_CONTEXT('2D SPACE',''
  ) );
#9558 = ADVANCED_FACE('',(#9559),#9299,.F.);
#9559 = FACE_BOUND('',#9560,.F.);
#9560 = EDGE_LOOP('',(#9561,#9562,#9563,#9564));
#9561 = ORIENTED_EDGE('',*,*,#9283,.F.);
#9562 = ORIENTED_EDGE('',*,*,#9516,.T.);
#9563 = ORIENTED_EDGE('',*,*,#9445,.T.);
#9564 = ORIENTED_EDGE('',*,*,#9398,.F.);
#9565 = ADVANCED_FACE('',(#9566),#9353,.T.);
#9566 = FACE_BOUND('',#9567,.T.);
#9567 = EDGE_LOOP('',(#9568,#9569,#9570,#9571));
#9568 = ORIENTED_EDGE('',*,*,#9339,.F.);
#9569 = ORIENTED_EDGE('',*,*,#9538,.T.);
#9570 = ORIENTED_EDGE('',*,*,#9491,.T.);
#9571 = ORIENTED_EDGE('',*,*,#9420,.F.);
#9572 = ( GEOMETRIC_REPRESENTATION_CONTEXT(3) 
GLOBAL_UNCERTAINTY_ASSIGNED_CONTEXT((#9576)) 
GLOBAL_UNIT_ASSIGNED_CONTEXT((#9573,#9574,#9575)) REPRESENTATION_CONTEXT
('Context #1','3D Context with UNIT and UNCERTAINTY') );
#9573 = ( LENGTH_UNIT() NAMED_UNIT(*) SI_UNIT(.MILLI.,.METRE.) );
#9574 = ( NAMED_UNIT(*) PLANE_ANGLE_UNIT() SI_UNIT($,.RADIAN.) );
#9575 = ( NAMED_UNIT(*) SI_UNIT($,.STERADIAN.) SOLID_ANGLE_UNIT() );
#9576 = UNCERTAINTY_MEASURE_WITH_UNIT(LENGTH_MEASURE(1.E-07),#9573,
  'distance_accuracy_value','confusion accuracy');
#9577 = CONTEXT_DEPENDENT_SHAPE_REPRESENTATION(#9578,#9580);
#9578 = ( REPRESENTATION_RELATIONSHIP('','',#9241,#8512) 
REPRESENTATION_RELATIONSHIP_WITH_TRANSFORMATION(#9579) 
SHAPE_REPRESENTATION_RELATIONSHIP() );
#9579 = ITEM_DEFINED_TRANSFORMATION('','',#11,#8521);
#9580 = PRODUCT_DEFINITION_SHAPE('Placement','Placement of an item',
  #9581);
#9581 = NEXT_ASSEMBLY_USAGE_OCCURRENCE('40','=>[0:1:1:25]','',#8507,
  #9236,$);
#9582 = PRODUCT_RELATED_PRODUCT_CATEGORY('part',$,(#9238));
#9583 = SHAPE_DEFINITION_REPRESENTATION(#9584,#9590);
#9584 = PRODUCT_DEFINITION_SHAPE('','',#9585);
#9585 = PRODUCT_DEFINITION('design','',#9586,#9589);
#9586 = PRODUCT_DEFINITION_FORMATION('','',#9587);
#9587 = PRODUCT('motor_3','motor_3','',(#9588));
#9588 = PRODUCT_CONTEXT('',#2,'mechanical');
#9589 = PRODUCT_DEFINITION_CONTEXT('part definition',#2,'design');
#9590 = SHAPE_REPRESENTATION('',(#11,#9591),#9595);
#9591 = AXIS2_PLACEMENT_3D('',#9592,#9593,#9594);
#9592 = CARTESIAN_POINT('',(0.,0.,0.));
#9593 = DIRECTION('',(0.,0.,1.));
#9594 = DIRECTION('',(1.,0.,-0.));
#9595 = ( GEOMETRIC_REPRESENTATION_CONTEXT(3) 
GLOBAL_UNCERTAINTY_ASSIGNED_CONTEXT((#9599)) 
GLOBAL_UNIT_ASSIGNED_CONTEXT((#9596,#9597,#9598)) REPRESENTATION_CONTEXT
('Context #1','3D Context with UNIT and UNCERTAINTY') );
#9596 = ( LENGTH_UNIT() NAMED_UNIT(*) SI_UNIT(.MILLI.,.METRE.) );
#9597 = ( NAMED_UNIT(*) PLANE_ANGLE_UNIT() SI_UNIT($,.RADIAN.) );
#9598 = ( NAMED_UNIT(*) SI_UNIT($,.STERADIAN.) SOLID_ANGLE_UNIT() );
#9599 = UNCERTAINTY_MEASURE_WITH_UNIT(LENGTH_MEASURE(1.E-07),#9596,
  'distance_accuracy_value','confusion accuracy');
#9600 = CONTEXT_DEPENDENT_SHAPE_REPRESENTATION(#9601,#9603);
#9601 = ( REPRESENTATION_RELATIONSHIP('','',#9590,#10) 
REPRESENTATION_RELATIONSHIP_WITH_TRANSFORMATION(#9602) 
SHAPE_REPRESENTATION_RELATIONSHIP() );
#9602 = ITEM_DEFINED_TRANSFORMATION('','',#11,#59);
#9603 = PRODUCT_DEFINITION_SHAPE('Placement','Placement of an item',
  #9604);
#9604 = NEXT_ASSEMBLY_USAGE_OCCURRENCE('47','motor_3','',#5,#9585,$);
#9605 = PRODUCT_RELATED_PRODUCT_CATEGORY('part',$,(#9587));
#9606 = SHAPE_DEFINITION_REPRESENTATION(#9607,#9613);
#9607 = PRODUCT_DEFINITION_SHAPE('','',#9608);
#9608 = PRODUCT_DEFINITION('design','',#9609,#9612);
#9609 = PRODUCT_DEFINITION_FORMATION('','',#9610);
#9610 = PRODUCT('motor_3','motor_3','',(#9611));
#9611 = PRODUCT_CONTEXT('',#2,'mechanical');
#9612 = PRODUCT_DEFINITION_CONTEXT('part definition',#2,'design');
#9613 = SHAPE_REPRESENTATION('',(#11,#9614,#9618,#9622),#9626);
#9614 = AXIS2_PLACEMENT_3D('',#9615,#9616,#9617);
#9615 = CARTESIAN_POINT('',(0.,0.,0.));
#9616 = DIRECTION('',(0.,0.,1.));
#9617 = DIRECTION('',(1.,0.,-0.));
#9618 = AXIS2_PLACEMENT_3D('',#9619,#9620,#9621);
#9619 = CARTESIAN_POINT('',(0.,0.,0.));
#9620 = DIRECTION('',(0.,0.,1.));
#9621 = DIRECTION('',(1.,0.,-0.));
#9622 = AXIS2_PLACEMENT_3D('',#9623,#9624,#9625);
#9623 = CARTESIAN_POINT('',(0.,0.,0.));
#9624 = DIRECTION('',(0.,0.,1.));
#9625 = DIRECTION('',(1.,0.,-0.));
#9626 = ( GEOMETRIC_REPRESENTATION_CONTEXT(3) 
GLOBAL_UNCERTAINTY_ASSIGNED_CONTEXT((#9630)) 
GLOBAL_UNIT_ASSIGNED_CONTEXT((#9627,#9628,#9629)) REPRESENTATION_CONTEXT
('Context #1','3D Context with UNIT and UNCERTAINTY') );
#9627 = ( LENGTH_UNIT() NAMED_UNIT(*) SI_UNIT(.MILLI.,.METRE.) );
#9628 = ( NAMED_UNIT(*) PLANE_ANGLE_UNIT() SI_UNIT($,.RADIAN.) );
#9629 = ( NAMED_UNIT(*) SI_UNIT($,.STERADIAN.) SOLID_ANGLE_UNIT() );
#9630 = UNCERTAINTY_MEASURE_WITH_UNIT(LENGTH_MEASURE(1.E-07),#9627,
  'distance_accuracy_value','confusion accuracy');
#9631 = CONTEXT_DEPENDENT_SHAPE_REPRESENTATION(#9632,#9634);
#9632 = ( REPRESENTATION_RELATIONSHIP('','',#9613,#9590) 
REPRESENTATION_RELATIONSHIP_WITH_TRANSFORMATION(#9633) 
SHAPE_REPRESENTATION_RELATIONSHIP() );
#9633 = ITEM_DEFINED_TRANSFORMATION('','',#11,#9591);
#9634 = PRODUCT_DEFINITION_SHAPE('Placement','Placement of an item',
  #9635);
#9635 = NEXT_ASSEMBLY_USAGE_OCCURRENCE('46','motor_3','',#9585,#9608,$);
#9636 = PRODUCT_RELATED_PRODUCT_CATEGORY('part',$,(#9610));
#9637 = SHAPE_DEFINITION_REPRESENTATION(#9638,#9644);
#9638 = PRODUCT_DEFINITION_SHAPE('','',#9639);
#9639 = PRODUCT_DEFINITION('design','',#9640,#9643);
#9640 = PRODUCT_DEFINITION_FORMATION('','',#9641);
#9641 = PRODUCT('SOLID','SOLID','',(#9642));
#9642 = PRODUCT_CONTEXT('',#2,'mechanical');
#9643 = PRODUCT_DEFINITION_CONTEXT('part definition',#2,'design');
#9644 = ADVANCED_BREP_SHAPE_REPRESENTATION('',(#11,#9645),#9975);
#9645 = MANIFOLD_SOLID_BREP('',#9646);
#9646 = CLOSED_SHELL('',(#9647,#9767,#9843,#9914,#9961,#9968));
#9647 = ADVANCED_FACE('',(#9648),#9662,.T.);
#9648 = FACE_BOUND('',#9649,.T.);
#9649 = EDGE_LOOP('',(#9650,#9685,#9713,#9741));
#9650 = ORIENTED_EDGE('',*,*,#9651,.F.);
#9651 = EDGE_CURVE('',#9652,#9654,#9656,.T.);
#9652 = VERTEX_POINT('',#9653);
#9653 = CARTESIAN_POINT('',(12.5,-2.,1.9));
#9654 = VERTEX_POINT('',#9655);
#9655 = CARTESIAN_POINT('',(12.5,-2.,2.15));
#9656 = SURFACE_CURVE('',#9657,(#9661,#9673),.PCURVE_S1.);
#9657 = LINE('',#9658,#9659);
#9658 = CARTESIAN_POINT('',(12.5,-2.,1.9));
#9659 = VECTOR('',#9660,1.);
#9660 = DIRECTION('',(0.,0.,1.));
#9661 = PCURVE('',#9662,#9667);
#9662 = PLANE('',#9663);
#9663 = AXIS2_PLACEMENT_3D('',#9664,#9665,#9666);
#9664 = CARTESIAN_POINT('',(12.5,-4.,1.9));
#9665 = DIRECTION('',(-1.,-0.,0.));
#9666 = DIRECTION('',(-0.,1.,0.));
#9667 = DEFINITIONAL_REPRESENTATION('',(#9668),#9672);
#9668 = LINE('',#9669,#9670);
#9669 = CARTESIAN_POINT('',(2.,0.));
#9670 = VECTOR('',#9671,1.);
#9671 = DIRECTION('',(0.,-1.));
#9672 = ( GEOMETRIC_REPRESENTATION_CONTEXT(2) 
PARAMETRIC_REPRESENTATION_CONTEXT() REPRESENTATION_CONTEXT('2D SPACE',''
  ) );
#9673 = PCURVE('',#9674,#9679);
#9674 = PLANE('',#9675);
#9675 = AXIS2_PLACEMENT_3D('',#9676,#9677,#9678);
#9676 = CARTESIAN_POINT('',(12.5,-2.,1.9));
#9677 = DIRECTION('',(-0.,1.,0.));
#9678 = DIRECTION('',(1.,0.,-0.));
#9679 = DEFINITIONAL_REPRESENTATION('',(#9680),#9684);
#9680 = LINE('',#9681,#9682);
#9681 = CARTESIAN_POINT('',(0.,0.));
#9682 = VECTOR('',#9683,1.);
#9683 = DIRECTION('',(0.,-1.));
#9684 = ( GEOMETRIC_REPRESENTATION_CONTEXT(2) 
PARAMETRIC_REPRESENTATION_CONTEXT() REPRESENTATION_CONTEXT('2D SPACE',''
  ) );
#9685 = ORIENTED_EDGE('',*,*,#9686,.F.);
#9686 = EDGE_CURVE('',#9687,#9652,#9689,.T.);
#9687 = VERTEX_POINT('',#9688);
#9688 = CARTESIAN_POINT('',(12.5,-4.,1.9));
#9689 = SURFACE_CURVE('',#9690,(#9694,#9701),.PCURVE_S1.);
#9690 = LINE('',#9691,#9692);
#9691 = CARTESIAN_POINT('',(12.5,-4.,1.9));
#9692 = VECTOR('',#9693,1.);
#9693 = DIRECTION('',(-0.,1.,0.));
#9694 = PCURVE('',#9662,#9695);
#9695 = DEFINITIONAL_REPRESENTATION('',(#9696),#9700);
#9696 = LINE('',#9697,#9698);
#9697 = CARTESIAN_POINT('',(0.,0.));
#9698 = VECTOR('',#9699,1.);
#9699 = DIRECTION('',(1.,0.));
#9700 = ( GEOMETRIC_REPRESENTATION_CONTEXT(2) 
PARAMETRIC_REPRESENTATION_CONTEXT() REPRESENTATION_CONTEXT('2D SPACE',''
  ) );
#9701 = PCURVE('',#9702,#9707);
#9702 = PLANE('',#9703);
#9703 = AXIS2_PLACEMENT_3D('',#9704,#9705,#9706);
#9704 = CARTESIAN_POINT('',(12.5,-4.,1.9));
#9705 = DIRECTION('',(0.,0.,1.));
#9706 = DIRECTION('',(1.,0.,-0.));
#9707 = DEFINITIONAL_REPRESENTATION('',(#9708),#9712);
#9708 = LINE('',#9709,#9710);
#9709 = CARTESIAN_POINT('',(0.,0.));
#9710 = VECTOR('',#9711,1.);
#9711 = DIRECTION('',(0.,1.));
#9712 = ( GEOMETRIC_REPRESENTATION_CONTEXT(2) 
PARAMETRIC_REPRESENTATION_CONTEXT() REPRESENTATION_CONTEXT('2D SPACE',''
  ) );
#9713 = ORIENTED_EDGE('',*,*,#9714,.T.);
#9714 = EDGE_CURVE('',#9687,#9715,#9717,.T.);
#9715 = VERTEX_POINT('',#9716);
#9716 = CARTESIAN_POINT('',(12.5,-4.,2.15));
#9717 = SURFACE_CURVE('',#9718,(#9722,#9729),.PCURVE_S1.);
#9718 = LINE('',#9719,#9720);
#9719 = CARTESIAN_POINT('',(12.5,-4.,1.9));
#9720 = VECTOR('',#9721,1.);
#9721 = DIRECTION('',(0.,0.,1.));
#9722 = PCURVE('',#9662,#9723);
#9723 = DEFINITIONAL_REPRESENTATION('',(#9724),#9728);
#9724 = LINE('',#9725,#9726);
#9725 = CARTESIAN_POINT('',(0.,0.));
#9726 = VECTOR('',#9727,1.);
#9727 = DIRECTION('',(0.,-1.));
#9728 = ( GEOMETRIC_REPRESENTATION_CONTEXT(2) 
PARAMETRIC_REPRESENTATION_CONTEXT() REPRESENTATION_CONTEXT('2D SPACE',''
  ) );
#9729 = PCURVE('',#9730,#9735);
#9730 = PLANE('',#9731);
#9731 = AXIS2_PLACEMENT_3D('',#9732,#9733,#9734);
#9732 = CARTESIAN_POINT('',(12.5,-4.,1.9));
#9733 = DIRECTION('',(-0.,1.,0.));
#9734 = DIRECTION('',(1.,0.,-0.));
#9735 = DEFINITIONAL_REPRESENTATION('',(#9736),#9740);
#9736 = LINE('',#9737,#9738);
#9737 = CARTESIAN_POINT('',(0.,0.));
#9738 = VECTOR('',#9739,1.);
#9739 = DIRECTION('',(0.,-1.));
#9740 = ( GEOMETRIC_REPRESENTATION_CONTEXT(2) 
PARAMETRIC_REPRESENTATION_CONTEXT() REPRESENTATION_CONTEXT('2D SPACE',''
  ) );
#9741 = ORIENTED_EDGE('',*,*,#9742,.T.);
#9742 = EDGE_CURVE('',#9715,#9654,#9743,.T.);
#9743 = SURFACE_CURVE('',#9744,(#9748,#9755),.PCURVE_S1.);
#9744 = LINE('',#9745,#9746);
#9745 = CARTESIAN_POINT('',(12.5,-4.,2.15));
#9746 = VECTOR('',#9747,1.);
#9747 = DIRECTION('',(-0.,1.,0.));
#9748 = PCURVE('',#9662,#9749);
#9749 = DEFINITIONAL_REPRESENTATION('',(#9750),#9754);
#9750 = LINE('',#9751,#9752);
#9751 = CARTESIAN_POINT('',(0.,-0.25));
#9752 = VECTOR('',#9753,1.);
#9753 = DIRECTION('',(1.,0.));
#9754 = ( GEOMETRIC_REPRESENTATION_CONTEXT(2) 
PARAMETRIC_REPRESENTATION_CONTEXT() REPRESENTATION_CONTEXT('2D SPACE',''
  ) );
#9755 = PCURVE('',#9756,#9761);
#9756 = PLANE('',#9757);
#9757 = AXIS2_PLACEMENT_3D('',#9758,#9759,#9760);
#9758 = CARTESIAN_POINT('',(12.5,-4.,2.15));
#9759 = DIRECTION('',(0.,0.,1.));
#9760 = DIRECTION('',(1.,0.,-0.));
#9761 = DEFINITIONAL_REPRESENTATION('',(#9762),#9766);
#9762 = LINE('',#9763,#9764);
#9763 = CARTESIAN_POINT('',(0.,0.));
#9764 = VECTOR('',#9765,1.);
#9765 = DIRECTION('',(0.,1.));
#9766 = ( GEOMETRIC_REPRESENTATION_CONTEXT(2) 
PARAMETRIC_REPRESENTATION_CONTEXT() REPRESENTATION_CONTEXT('2D SPACE',''
  ) );
#9767 = ADVANCED_FACE('',(#9768),#9674,.T.);
#9768 = FACE_BOUND('',#9769,.T.);
#9769 = EDGE_LOOP('',(#9770,#9800,#9821,#9822));
#9770 = ORIENTED_EDGE('',*,*,#9771,.F.);
#9771 = EDGE_CURVE('',#9772,#9774,#9776,.T.);
#9772 = VERTEX_POINT('',#9773);
#9773 = CARTESIAN_POINT('',(15.,-2.,1.9));
#9774 = VERTEX_POINT('',#9775);
#9775 = CARTESIAN_POINT('',(15.,-2.,2.15));
#9776 = SURFACE_CURVE('',#9777,(#9781,#9788),.PCURVE_S1.);
#9777 = LINE('',#9778,#9779);
#9778 = CARTESIAN_POINT('',(15.,-2.,1.9));
#9779 = VECTOR('',#9780,1.);
#9780 = DIRECTION('',(0.,0.,1.));
#9781 = PCURVE('',#9674,#9782);
#9782 = DEFINITIONAL_REPRESENTATION('',(#9783),#9787);
#9783 = LINE('',#9784,#9785);
#9784 = CARTESIAN_POINT('',(2.5,0.));
#9785 = VECTOR('',#9786,1.);
#9786 = DIRECTION('',(0.,-1.));
#9787 = ( GEOMETRIC_REPRESENTATION_CONTEXT(2) 
PARAMETRIC_REPRESENTATION_CONTEXT() REPRESENTATION_CONTEXT('2D SPACE',''
  ) );
#9788 = PCURVE('',#9789,#9794);
#9789 = PLANE('',#9790);
#9790 = AXIS2_PLACEMENT_3D('',#9791,#9792,#9793);
#9791 = CARTESIAN_POINT('',(15.,-4.,1.9));
#9792 = DIRECTION('',(-1.,-0.,0.));
#9793 = DIRECTION('',(-0.,1.,0.));
#9794 = DEFINITIONAL_REPRESENTATION('',(#9795),#9799);
#9795 = LINE('',#9796,#9797);
#9796 = CARTESIAN_POINT('',(2.,0.));
#9797 = VECTOR('',#9798,1.);
#9798 = DIRECTION('',(0.,-1.));
#9799 = ( GEOMETRIC_REPRESENTATION_CONTEXT(2) 
PARAMETRIC_REPRESENTATION_CONTEXT() REPRESENTATION_CONTEXT('2D SPACE',''
  ) );
#9800 = ORIENTED_EDGE('',*,*,#9801,.F.);
#9801 = EDGE_CURVE('',#9652,#9772,#9802,.T.);
#9802 = SURFACE_CURVE('',#9803,(#9807,#9814),.PCURVE_S1.);
#9803 = LINE('',#9804,#9805);
#9804 = CARTESIAN_POINT('',(12.5,-2.,1.9));
#9805 = VECTOR('',#9806,1.);
#9806 = DIRECTION('',(1.,0.,-0.));
#9807 = PCURVE('',#9674,#9808);
#9808 = DEFINITIONAL_REPRESENTATION('',(#9809),#9813);
#9809 = LINE('',#9810,#9811);
#9810 = CARTESIAN_POINT('',(0.,0.));
#9811 = VECTOR('',#9812,1.);
#9812 = DIRECTION('',(1.,0.));
#9813 = ( GEOMETRIC_REPRESENTATION_CONTEXT(2) 
PARAMETRIC_REPRESENTATION_CONTEXT() REPRESENTATION_CONTEXT('2D SPACE',''
  ) );
#9814 = PCURVE('',#9702,#9815);
#9815 = DEFINITIONAL_REPRESENTATION('',(#9816),#9820);
#9816 = LINE('',#9817,#9818);
#9817 = CARTESIAN_POINT('',(0.,2.));
#9818 = VECTOR('',#9819,1.);
#9819 = DIRECTION('',(1.,0.));
#9820 = ( GEOMETRIC_REPRESENTATION_CONTEXT(2) 
PARAMETRIC_REPRESENTATION_CONTEXT() REPRESENTATION_CONTEXT('2D SPACE',''
  ) );
#9821 = ORIENTED_EDGE('',*,*,#9651,.T.);
#9822 = ORIENTED_EDGE('',*,*,#9823,.T.);
#9823 = EDGE_CURVE('',#9654,#9774,#9824,.T.);
#9824 = SURFACE_CURVE('',#9825,(#9829,#9836),.PCURVE_S1.);
#9825 = LINE('',#9826,#9827);
#9826 = CARTESIAN_POINT('',(12.5,-2.,2.15));
#9827 = VECTOR('',#9828,1.);
#9828 = DIRECTION('',(1.,0.,-0.));
#9829 = PCURVE('',#9674,#9830);
#9830 = DEFINITIONAL_REPRESENTATION('',(#9831),#9835);
#9831 = LINE('',#9832,#9833);
#9832 = CARTESIAN_POINT('',(0.,-0.25));
#9833 = VECTOR('',#9834,1.);
#9834 = DIRECTION('',(1.,0.));
#9835 = ( GEOMETRIC_REPRESENTATION_CONTEXT(2) 
PARAMETRIC_REPRESENTATION_CONTEXT() REPRESENTATION_CONTEXT('2D SPACE',''
  ) );
#9836 = PCURVE('',#9756,#9837);
#9837 = DEFINITIONAL_REPRESENTATION('',(#9838),#9842);
#9838 = LINE('',#9839,#9840);
#9839 = CARTESIAN_POINT('',(0.,2.));
#9840 = VECTOR('',#9841,1.);
#9841 = DIRECTION('',(1.,0.));
#9842 = ( GEOMETRIC_REPRESENTATION_CONTEXT(2) 
PARAMETRIC_REPRESENTATION_CONTEXT() REPRESENTATION_CONTEXT('2D SPACE',''
  ) );
#9843 = ADVANCED_FACE('',(#9844),#9789,.F.);
#9844 = FACE_BOUND('',#9845,.F.);
#9845 = EDGE_LOOP('',(#9846,#9847,#9870,#9893));
#9846 = ORIENTED_EDGE('',*,*,#9771,.F.);
#9847 = ORIENTED_EDGE('',*,*,#9848,.F.);
#9848 = EDGE_CURVE('',#9849,#9772,#9851,.T.);
#9849 = VERTEX_POINT('',#9850);
#9850 = CARTESIAN_POINT('',(15.,-4.,1.9));
#9851 = SURFACE_CURVE('',#9852,(#9856,#9863),.PCURVE_S1.);
#9852 = LINE('',#9853,#9854);
#9853 = CARTESIAN_POINT('',(15.,-4.,1.9));
#9854 = VECTOR('',#9855,1.);
#9855 = DIRECTION('',(-0.,1.,0.));
#9856 = PCURVE('',#9789,#9857);
#9857 = DEFINITIONAL_REPRESENTATION('',(#9858),#9862);
#9858 = LINE('',#9859,#9860);
#9859 = CARTESIAN_POINT('',(0.,0.));
#9860 = VECTOR('',#9861,1.);
#9861 = DIRECTION('',(1.,0.));
#9862 = ( GEOMETRIC_REPRESENTATION_CONTEXT(2) 
PARAMETRIC_REPRESENTATION_CONTEXT() REPRESENTATION_CONTEXT('2D SPACE',''
  ) );
#9863 = PCURVE('',#9702,#9864);
#9864 = DEFINITIONAL_REPRESENTATION('',(#9865),#9869);
#9865 = LINE('',#9866,#9867);
#9866 = CARTESIAN_POINT('',(2.5,0.));
#9867 = VECTOR('',#9868,1.);
#9868 = DIRECTION('',(0.,1.));
#9869 = ( GEOMETRIC_REPRESENTATION_CONTEXT(2) 
PARAMETRIC_REPRESENTATION_CONTEXT() REPRESENTATION_CONTEXT('2D SPACE',''
  ) );
#9870 = ORIENTED_EDGE('',*,*,#9871,.T.);
#9871 = EDGE_CURVE('',#9849,#9872,#9874,.T.);
#9872 = VERTEX_POINT('',#9873);
#9873 = CARTESIAN_POINT('',(15.,-4.,2.15));
#9874 = SURFACE_CURVE('',#9875,(#9879,#9886),.PCURVE_S1.);
#9875 = LINE('',#9876,#9877);
#9876 = CARTESIAN_POINT('',(15.,-4.,1.9));
#9877 = VECTOR('',#9878,1.);
#9878 = DIRECTION('',(0.,0.,1.));
#9879 = PCURVE('',#9789,#9880);
#9880 = DEFINITIONAL_REPRESENTATION('',(#9881),#9885);
#9881 = LINE('',#9882,#9883);
#9882 = CARTESIAN_POINT('',(0.,0.));
#9883 = VECTOR('',#9884,1.);
#9884 = DIRECTION('',(0.,-1.));
#9885 = ( GEOMETRIC_REPRESENTATION_CONTEXT(2) 
PARAMETRIC_REPRESENTATION_CONTEXT() REPRESENTATION_CONTEXT('2D SPACE',''
  ) );
#9886 = PCURVE('',#9730,#9887);
#9887 = DEFINITIONAL_REPRESENTATION('',(#9888),#9892);
#9888 = LINE('',#9889,#9890);
#9889 = CARTESIAN_POINT('',(2.5,0.));
#9890 = VECTOR('',#9891,1.);
#9891 = DIRECTION('',(0.,-1.));
#9892 = ( GEOMETRIC_REPRESENTATION_CONTEXT(2) 
PARAMETRIC_REPRESENTATION_CONTEXT() REPRESENTATION_CONTEXT('2D SPACE',''
  ) );
#9893 = ORIENTED_EDGE('',*,*,#9894,.T.);
#9894 = EDGE_CURVE('',#9872,#9774,#9895,.T.);
#9895 = SURFACE_CURVE('',#9896,(#9900,#9907),.PCURVE_S1.);
#9896 = LINE('',#9897,#9898);
#9897 = CARTESIAN_POINT('',(15.,-4.,2.15));
#9898 = VECTOR('',#9899,1.);
#9899 = DIRECTION('',(-0.,1.,0.));
#9900 = PCURVE('',#9789,#9901);
#9901 = DEFINITIONAL_REPRESENTATION('',(#9902),#9906);
#9902 = LINE('',#9903,#9904);
#9903 = CARTESIAN_POINT('',(0.,-0.25));
#9904 = VECTOR('',#9905,1.);
#9905 = DIRECTION('',(1.,0.));
#9906 = ( GEOMETRIC_REPRESENTATION_CONTEXT(2) 
PARAMETRIC_REPRESENTATION_CONTEXT() REPRESENTATION_CONTEXT('2D SPACE',''
  ) );
#9907 = PCURVE('',#9756,#9908);
#9908 = DEFINITIONAL_REPRESENTATION('',(#9909),#9913);
#9909 = LINE('',#9910,#9911);
#9910 = CARTESIAN_POINT('',(2.5,0.));
#9911 = VECTOR('',#9912,1.);
#9912 = DIRECTION('',(0.,1.));
#9913 = ( GEOMETRIC_REPRESENTATION_CONTEXT(2) 
PARAMETRIC_REPRESENTATION_CONTEXT() REPRESENTATION_CONTEXT('2D SPACE',''
  ) );
#9914 = ADVANCED_FACE('',(#9915),#9730,.F.);
#9915 = FACE_BOUND('',#9916,.F.);
#9916 = EDGE_LOOP('',(#9917,#9918,#9939,#9940));
#9917 = ORIENTED_EDGE('',*,*,#9871,.F.);
#9918 = ORIENTED_EDGE('',*,*,#9919,.F.);
#9919 = EDGE_CURVE('',#9687,#9849,#9920,.T.);
#9920 = SURFACE_CURVE('',#9921,(#9925,#9932),.PCURVE_S1.);
#9921 = LINE('',#9922,#9923);
#9922 = CARTESIAN_POINT('',(12.5,-4.,1.9));
#9923 = VECTOR('',#9924,1.);
#9924 = DIRECTION('',(1.,0.,-0.));
#9925 = PCURVE('',#9730,#9926);
#9926 = DEFINITIONAL_REPRESENTATION('',(#9927),#9931);
#9927 = LINE('',#9928,#9929);
#9928 = CARTESIAN_POINT('',(0.,0.));
#9929 = VECTOR('',#9930,1.);
#9930 = DIRECTION('',(1.,0.));
#9931 = ( GEOMETRIC_REPRESENTATION_CONTEXT(2) 
PARAMETRIC_REPRESENTATION_CONTEXT() REPRESENTATION_CONTEXT('2D SPACE',''
  ) );
#9932 = PCURVE('',#9702,#9933);
#9933 = DEFINITIONAL_REPRESENTATION('',(#9934),#9938);
#9934 = LINE('',#9935,#9936);
#9935 = CARTESIAN_POINT('',(0.,0.));
#9936 = VECTOR('',#9937,1.);
#9937 = DIRECTION('',(1.,0.));
#9938 = ( GEOMETRIC_REPRESENTATION_CONTEXT(2) 
PARAMETRIC_REPRESENTATION_CONTEXT() REPRESENTATION_CONTEXT('2D SPACE',''
  ) );
#9939 = ORIENTED_EDGE('',*,*,#9714,.T.);
#9940 = ORIENTED_EDGE('',*,*,#9941,.T.);
#9941 = EDGE_CURVE('',#9715,#9872,#9942,.T.);
#9942 = SURFACE_CURVE('',#9943,(#9947,#9954),.PCURVE_S1.);
#9943 = LINE('',#9944,#9945);
#9944 = CARTESIAN_POINT('',(12.5,-4.,2.15));
#9945 = VECTOR('',#9946,1.);
#9946 = DIRECTION('',(1.,0.,-0.));
#9947 = PCURVE('',#9730,#9948);
#9948 = DEFINITIONAL_REPRESENTATION('',(#9949),#9953);
#9949 = LINE('',#9950,#9951);
#9950 = CARTESIAN_POINT('',(0.,-0.25));
#9951 = VECTOR('',#9952,1.);
#9952 = DIRECTION('',(1.,0.));
#9953 = ( GEOMETRIC_REPRESENTATION_CONTEXT(2) 
PARAMETRIC_REPRESENTATION_CONTEXT() REPRESENTATION_CONTEXT('2D SPACE',''
  ) );
#9954 = PCURVE('',#9756,#9955);
#9955 = DEFINITIONAL_REPRESENTATION('',(#9956),#9960);
#9956 = LINE('',#9957,#9958);
#9957 = CARTESIAN_POINT('',(0.,0.));
#9958 = VECTOR('',#9959,1.);
#9959 = DIRECTION('',(1.,0.));
#9960 = ( GEOMETRIC_REPRESENTATION_CONTEXT(2) 
PARAMETRIC_REPRESENTATION_CONTEXT() REPRESENTATION_CONTEXT('2D SPACE',''
  ) );
#9961 = ADVANCED_FACE('',(#9962),#9702,.F.);
#9962 = FACE_BOUND('',#9963,.F.);
#9963 = EDGE_LOOP('',(#9964,#9965,#9966,#9967));
#9964 = ORIENTED_EDGE('',*,*,#9686,.F.);
#9965 = ORIENTED_EDGE('',*,*,#9919,.T.);
#9966 = ORIENTED_EDGE('',*,*,#9848,.T.);
#9967 = ORIENTED_EDGE('',*,*,#9801,.F.);
#9968 = ADVANCED_FACE('',(#9969),#9756,.T.);
#9969 = FACE_BOUND('',#9970,.T.);
#9970 = EDGE_LOOP('',(#9971,#9972,#9973,#9974));
#9971 = ORIENTED_EDGE('',*,*,#9742,.F.);
#9972 = ORIENTED_EDGE('',*,*,#9941,.T.);
#9973 = ORIENTED_EDGE('',*,*,#9894,.T.);
#9974 = ORIENTED_EDGE('',*,*,#9823,.F.);
#9975 = ( GEOMETRIC_REPRESENTATION_CONTEXT(3) 
GLOBAL_UNCERTAINTY_ASSIGNED_CONTEXT((#9979)) 
GLOBAL_UNIT_ASSIGNED_CONTEXT((#9976,#9977,#9978)) REPRESENTATION_CONTEXT
('Context #1','3D Context with UNIT and UNCERTAINTY') );
#9976 = ( LENGTH_UNIT() NAMED_UNIT(*) SI_UNIT(.MILLI.,.METRE.) );
#9977 = ( NAMED_UNIT(*) PLANE_ANGLE_UNIT() SI_UNIT($,.RADIAN.) );
#9978 = ( NAMED_UNIT(*) SI_UNIT($,.STERADIAN.) SOLID_ANGLE_UNIT() );
#9979 = UNCERTAINTY_MEASURE_WITH_UNIT(LENGTH_MEASURE(1.E-07),#9976,
  'distance_accuracy_value','confusion accuracy');
#9980 = CONTEXT_DEPENDENT_SHAPE_REPRESENTATION(#9981,#9983);
#9981 = ( REPRESENTATION_RELATIONSHIP('','',#9644,#9613) 
REPRESENTATION_RELATIONSHIP_WITH_TRANSFORMATION(#9982) 
SHAPE_REPRESENTATION_RELATIONSHIP() );
#9982 = ITEM_DEFINED_TRANSFORMATION('','',#11,#9614);
#9983 = PRODUCT_DEFINITION_SHAPE('Placement','Placement of an item',
  #9984);
#9984 = NEXT_ASSEMBLY_USAGE_OCCURRENCE('43','=>[0:1:1:28]','',#9608,
  #9639,$);
#9985 = PRODUCT_RELATED_PRODUCT_CATEGORY('part',$,(#9641));
#9986 = SHAPE_DEFINITION_REPRESENTATION(#9987,#9993);
#9987 = PRODUCT_DEFINITION_SHAPE('','',#9988);
#9988 = PRODUCT_DEFINITION('design','',#9989,#9992);
#9989 = PRODUCT_DEFINITION_FORMATION('','',#9990);
#9990 = PRODUCT('SOLID','SOLID','',(#9991));
#9991 = PRODUCT_CONTEXT('',#2,'mechanical');
#9992 = PRODUCT_DEFINITION_CONTEXT('part definition',#2,'design');
#9993 = ADVANCED_BREP_SHAPE_REPRESENTATION('',(#11,#9994),#10324);
#9994 = MANIFOLD_SOLID_BREP('',#9995);
#9995 = CLOSED_SHELL('',(#9996,#10116,#10192,#10263,#10310,#10317));
#9996 = ADVANCED_FACE('',(#9997),#10011,.T.);
#9997 = FACE_BOUND('',#9998,.T.);
#9998 = EDGE_LOOP('',(#9999,#10034,#10062,#10090));
#9999 = ORIENTED_EDGE('',*,*,#10000,.F.);
#10000 = EDGE_CURVE('',#10001,#10003,#10005,.T.);
#10001 = VERTEX_POINT('',#10002);
#10002 = CARTESIAN_POINT('',(12.5,-5.,1.9));
#10003 = VERTEX_POINT('',#10004);
#10004 = CARTESIAN_POINT('',(12.5,-5.,2.15));
#10005 = SURFACE_CURVE('',#10006,(#10010,#10022),.PCURVE_S1.);
#10006 = LINE('',#10007,#10008);
#10007 = CARTESIAN_POINT('',(12.5,-5.,1.9));
#10008 = VECTOR('',#10009,1.);
#10009 = DIRECTION('',(0.,0.,1.));
#10010 = PCURVE('',#10011,#10016);
#10011 = PLANE('',#10012);
#10012 = AXIS2_PLACEMENT_3D('',#10013,#10014,#10015);
#10013 = CARTESIAN_POINT('',(12.5,-7.,1.9));
#10014 = DIRECTION('',(-1.,-0.,0.));
#10015 = DIRECTION('',(-0.,1.,0.));
#10016 = DEFINITIONAL_REPRESENTATION('',(#10017),#10021);
#10017 = LINE('',#10018,#10019);
#10018 = CARTESIAN_POINT('',(2.,0.));
#10019 = VECTOR('',#10020,1.);
#10020 = DIRECTION('',(0.,-1.));
#10021 = ( GEOMETRIC_REPRESENTATION_CONTEXT(2) 
PARAMETRIC_REPRESENTATION_CONTEXT() REPRESENTATION_CONTEXT('2D SPACE',''
  ) );
#10022 = PCURVE('',#10023,#10028);
#10023 = PLANE('',#10024);
#10024 = AXIS2_PLACEMENT_3D('',#10025,#10026,#10027);
#10025 = CARTESIAN_POINT('',(12.5,-5.,1.9));
#10026 = DIRECTION('',(-0.,1.,0.));
#10027 = DIRECTION('',(1.,0.,-0.));
#10028 = DEFINITIONAL_REPRESENTATION('',(#10029),#10033);
#10029 = LINE('',#10030,#10031);
#10030 = CARTESIAN_POINT('',(0.,0.));
#10031 = VECTOR('',#10032,1.);
#10032 = DIRECTION('',(0.,-1.));
#10033 = ( GEOMETRIC_REPRESENTATION_CONTEXT(2) 
PARAMETRIC_REPRESENTATION_CONTEXT() REPRESENTATION_CONTEXT('2D SPACE',''
  ) );
#10034 = ORIENTED_EDGE('',*,*,#10035,.F.);
#10035 = EDGE_CURVE('',#10036,#10001,#10038,.T.);
#10036 = VERTEX_POINT('',#10037);
#10037 = CARTESIAN_POINT('',(12.5,-7.,1.9));
#10038 = SURFACE_CURVE('',#10039,(#10043,#10050),.PCURVE_S1.);
#10039 = LINE('',#10040,#10041);
#10040 = CARTESIAN_POINT('',(12.5,-7.,1.9));
#10041 = VECTOR('',#10042,1.);
#10042 = DIRECTION('',(-0.,1.,0.));
#10043 = PCURVE('',#10011,#10044);
#10044 = DEFINITIONAL_REPRESENTATION('',(#10045),#10049);
#10045 = LINE('',#10046,#10047);
#10046 = CARTESIAN_POINT('',(0.,0.));
#10047 = VECTOR('',#10048,1.);
#10048 = DIRECTION('',(1.,0.));
#10049 = ( GEOMETRIC_REPRESENTATION_CONTEXT(2) 
PARAMETRIC_REPRESENTATION_CONTEXT() REPRESENTATION_CONTEXT('2D SPACE',''
  ) );
#10050 = PCURVE('',#10051,#10056);
#10051 = PLANE('',#10052);
#10052 = AXIS2_PLACEMENT_3D('',#10053,#10054,#10055);
#10053 = CARTESIAN_POINT('',(12.5,-7.,1.9));
#10054 = DIRECTION('',(0.,0.,1.));
#10055 = DIRECTION('',(1.,0.,-0.));
#10056 = DEFINITIONAL_REPRESENTATION('',(#10057),#10061);
#10057 = LINE('',#10058,#10059);
#10058 = CARTESIAN_POINT('',(0.,0.));
#10059 = VECTOR('',#10060,1.);
#10060 = DIRECTION('',(0.,1.));
#10061 = ( GEOMETRIC_REPRESENTATION_CONTEXT(2) 
PARAMETRIC_REPRESENTATION_CONTEXT() REPRESENTATION_CONTEXT('2D SPACE',''
  ) );
#10062 = ORIENTED_EDGE('',*,*,#10063,.T.);
#10063 = EDGE_CURVE('',#10036,#10064,#10066,.T.);
#10064 = VERTEX_POINT('',#10065);
#10065 = CARTESIAN_POINT('',(12.5,-7.,2.15));
#10066 = SURFACE_CURVE('',#10067,(#10071,#10078),.PCURVE_S1.);
#10067 = LINE('',#10068,#10069);
#10068 = CARTESIAN_POINT('',(12.5,-7.,1.9));
#10069 = VECTOR('',#10070,1.);
#10070 = DIRECTION('',(0.,0.,1.));
#10071 = PCURVE('',#10011,#10072);
#10072 = DEFINITIONAL_REPRESENTATION('',(#10073),#10077);
#10073 = LINE('',#10074,#10075);
#10074 = CARTESIAN_POINT('',(0.,0.));
#10075 = VECTOR('',#10076,1.);
#10076 = DIRECTION('',(0.,-1.));
#10077 = ( GEOMETRIC_REPRESENTATION_CONTEXT(2) 
PARAMETRIC_REPRESENTATION_CONTEXT() REPRESENTATION_CONTEXT('2D SPACE',''
  ) );
#10078 = PCURVE('',#10079,#10084);
#10079 = PLANE('',#10080);
#10080 = AXIS2_PLACEMENT_3D('',#10081,#10082,#10083);
#10081 = CARTESIAN_POINT('',(12.5,-7.,1.9));
#10082 = DIRECTION('',(-0.,1.,0.));
#10083 = DIRECTION('',(1.,0.,-0.));
#10084 = DEFINITIONAL_REPRESENTATION('',(#10085),#10089);
#10085 = LINE('',#10086,#10087);
#10086 = CARTESIAN_POINT('',(0.,0.));
#10087 = VECTOR('',#10088,1.);
#10088 = DIRECTION('',(0.,-1.));
#10089 = ( GEOMETRIC_REPRESENTATION_CONTEXT(2) 
PARAMETRIC_REPRESENTATION_CONTEXT() REPRESENTATION_CONTEXT('2D SPACE',''
  ) );
#10090 = ORIENTED_EDGE('',*,*,#10091,.T.);
#10091 = EDGE_CURVE('',#10064,#10003,#10092,.T.);
#10092 = SURFACE_CURVE('',#10093,(#10097,#10104),.PCURVE_S1.);
#10093 = LINE('',#10094,#10095);
#10094 = CARTESIAN_POINT('',(12.5,-7.,2.15));
#10095 = VECTOR('',#10096,1.);
#10096 = DIRECTION('',(-0.,1.,0.));
#10097 = PCURVE('',#10011,#10098);
#10098 = DEFINITIONAL_REPRESENTATION('',(#10099),#10103);
#10099 = LINE('',#10100,#10101);
#10100 = CARTESIAN_POINT('',(0.,-0.25));
#10101 = VECTOR('',#10102,1.);
#10102 = DIRECTION('',(1.,0.));
#10103 = ( GEOMETRIC_REPRESENTATION_CONTEXT(2) 
PARAMETRIC_REPRESENTATION_CONTEXT() REPRESENTATION_CONTEXT('2D SPACE',''
  ) );
#10104 = PCURVE('',#10105,#10110);
#10105 = PLANE('',#10106);
#10106 = AXIS2_PLACEMENT_3D('',#10107,#10108,#10109);
#10107 = CARTESIAN_POINT('',(12.5,-7.,2.15));
#10108 = DIRECTION('',(0.,0.,1.));
#10109 = DIRECTION('',(1.,0.,-0.));
#10110 = DEFINITIONAL_REPRESENTATION('',(#10111),#10115);
#10111 = LINE('',#10112,#10113);
#10112 = CARTESIAN_POINT('',(0.,0.));
#10113 = VECTOR('',#10114,1.);
#10114 = DIRECTION('',(0.,1.));
#10115 = ( GEOMETRIC_REPRESENTATION_CONTEXT(2) 
PARAMETRIC_REPRESENTATION_CONTEXT() REPRESENTATION_CONTEXT('2D SPACE',''
  ) );
#10116 = ADVANCED_FACE('',(#10117),#10023,.T.);
#10117 = FACE_BOUND('',#10118,.T.);
#10118 = EDGE_LOOP('',(#10119,#10149,#10170,#10171));
#10119 = ORIENTED_EDGE('',*,*,#10120,.F.);
#10120 = EDGE_CURVE('',#10121,#10123,#10125,.T.);
#10121 = VERTEX_POINT('',#10122);
#10122 = CARTESIAN_POINT('',(15.,-5.,1.9));
#10123 = VERTEX_POINT('',#10124);
#10124 = CARTESIAN_POINT('',(15.,-5.,2.15));
#10125 = SURFACE_CURVE('',#10126,(#10130,#10137),.PCURVE_S1.);
#10126 = LINE('',#10127,#10128);
#10127 = CARTESIAN_POINT('',(15.,-5.,1.9));
#10128 = VECTOR('',#10129,1.);
#10129 = DIRECTION('',(0.,0.,1.));
#10130 = PCURVE('',#10023,#10131);
#10131 = DEFINITIONAL_REPRESENTATION('',(#10132),#10136);
#10132 = LINE('',#10133,#10134);
#10133 = CARTESIAN_POINT('',(2.5,0.));
#10134 = VECTOR('',#10135,1.);
#10135 = DIRECTION('',(0.,-1.));
#10136 = ( GEOMETRIC_REPRESENTATION_CONTEXT(2) 
PARAMETRIC_REPRESENTATION_CONTEXT() REPRESENTATION_CONTEXT('2D SPACE',''
  ) );
#10137 = PCURVE('',#10138,#10143);
#10138 = PLANE('',#10139);
#10139 = AXIS2_PLACEMENT_3D('',#10140,#10141,#10142);
#10140 = CARTESIAN_POINT('',(15.,-7.,1.9));
#10141 = DIRECTION('',(-1.,-0.,0.));
#10142 = DIRECTION('',(-0.,1.,0.));
#10143 = DEFINITIONAL_REPRESENTATION('',(#10144),#10148);
#10144 = LINE('',#10145,#10146);
#10145 = CARTESIAN_POINT('',(2.,0.));
#10146 = VECTOR('',#10147,1.);
#10147 = DIRECTION('',(0.,-1.));
#10148 = ( GEOMETRIC_REPRESENTATION_CONTEXT(2) 
PARAMETRIC_REPRESENTATION_CONTEXT() REPRESENTATION_CONTEXT('2D SPACE',''
  ) );
#10149 = ORIENTED_EDGE('',*,*,#10150,.F.);
#10150 = EDGE_CURVE('',#10001,#10121,#10151,.T.);
#10151 = SURFACE_CURVE('',#10152,(#10156,#10163),.PCURVE_S1.);
#10152 = LINE('',#10153,#10154);
#10153 = CARTESIAN_POINT('',(12.5,-5.,1.9));
#10154 = VECTOR('',#10155,1.);
#10155 = DIRECTION('',(1.,0.,-0.));
#10156 = PCURVE('',#10023,#10157);
#10157 = DEFINITIONAL_REPRESENTATION('',(#10158),#10162);
#10158 = LINE('',#10159,#10160);
#10159 = CARTESIAN_POINT('',(0.,0.));
#10160 = VECTOR('',#10161,1.);
#10161 = DIRECTION('',(1.,0.));
#10162 = ( GEOMETRIC_REPRESENTATION_CONTEXT(2) 
PARAMETRIC_REPRESENTATION_CONTEXT() REPRESENTATION_CONTEXT('2D SPACE',''
  ) );
#10163 = PCURVE('',#10051,#10164);
#10164 = DEFINITIONAL_REPRESENTATION('',(#10165),#10169);
#10165 = LINE('',#10166,#10167);
#10166 = CARTESIAN_POINT('',(0.,2.));
#10167 = VECTOR('',#10168,1.);
#10168 = DIRECTION('',(1.,0.));
#10169 = ( GEOMETRIC_REPRESENTATION_CONTEXT(2) 
PARAMETRIC_REPRESENTATION_CONTEXT() REPRESENTATION_CONTEXT('2D SPACE',''
  ) );
#10170 = ORIENTED_EDGE('',*,*,#10000,.T.);
#10171 = ORIENTED_EDGE('',*,*,#10172,.T.);
#10172 = EDGE_CURVE('',#10003,#10123,#10173,.T.);
#10173 = SURFACE_CURVE('',#10174,(#10178,#10185),.PCURVE_S1.);
#10174 = LINE('',#10175,#10176);
#10175 = CARTESIAN_POINT('',(12.5,-5.,2.15));
#10176 = VECTOR('',#10177,1.);
#10177 = DIRECTION('',(1.,0.,-0.));
#10178 = PCURVE('',#10023,#10179);
#10179 = DEFINITIONAL_REPRESENTATION('',(#10180),#10184);
#10180 = LINE('',#10181,#10182);
#10181 = CARTESIAN_POINT('',(0.,-0.25));
#10182 = VECTOR('',#10183,1.);
#10183 = DIRECTION('',(1.,0.));
#10184 = ( GEOMETRIC_REPRESENTATION_CONTEXT(2) 
PARAMETRIC_REPRESENTATION_CONTEXT() REPRESENTATION_CONTEXT('2D SPACE',''
  ) );
#10185 = PCURVE('',#10105,#10186);
#10186 = DEFINITIONAL_REPRESENTATION('',(#10187),#10191);
#10187 = LINE('',#10188,#10189);
#10188 = CARTESIAN_POINT('',(0.,2.));
#10189 = VECTOR('',#10190,1.);
#10190 = DIRECTION('',(1.,0.));
#10191 = ( GEOMETRIC_REPRESENTATION_CONTEXT(2) 
PARAMETRIC_REPRESENTATION_CONTEXT() REPRESENTATION_CONTEXT('2D SPACE',''
  ) );
#10192 = ADVANCED_FACE('',(#10193),#10138,.F.);
#10193 = FACE_BOUND('',#10194,.F.);
#10194 = EDGE_LOOP('',(#10195,#10196,#10219,#10242));
#10195 = ORIENTED_EDGE('',*,*,#10120,.F.);
#10196 = ORIENTED_EDGE('',*,*,#10197,.F.);
#10197 = EDGE_CURVE('',#10198,#10121,#10200,.T.);
#10198 = VERTEX_POINT('',#10199);
#10199 = CARTESIAN_POINT('',(15.,-7.,1.9));
#10200 = SURFACE_CURVE('',#10201,(#10205,#10212),.PCURVE_S1.);
#10201 = LINE('',#10202,#10203);
#10202 = CARTESIAN_POINT('',(15.,-7.,1.9));
#10203 = VECTOR('',#10204,1.);
#10204 = DIRECTION('',(-0.,1.,0.));
#10205 = PCURVE('',#10138,#10206);
#10206 = DEFINITIONAL_REPRESENTATION('',(#10207),#10211);
#10207 = LINE('',#10208,#10209);
#10208 = CARTESIAN_POINT('',(0.,0.));
#10209 = VECTOR('',#10210,1.);
#10210 = DIRECTION('',(1.,0.));
#10211 = ( GEOMETRIC_REPRESENTATION_CONTEXT(2) 
PARAMETRIC_REPRESENTATION_CONTEXT() REPRESENTATION_CONTEXT('2D SPACE',''
  ) );
#10212 = PCURVE('',#10051,#10213);
#10213 = DEFINITIONAL_REPRESENTATION('',(#10214),#10218);
#10214 = LINE('',#10215,#10216);
#10215 = CARTESIAN_POINT('',(2.5,0.));
#10216 = VECTOR('',#10217,1.);
#10217 = DIRECTION('',(0.,1.));
#10218 = ( GEOMETRIC_REPRESENTATION_CONTEXT(2) 
PARAMETRIC_REPRESENTATION_CONTEXT() REPRESENTATION_CONTEXT('2D SPACE',''
  ) );
#10219 = ORIENTED_EDGE('',*,*,#10220,.T.);
#10220 = EDGE_CURVE('',#10198,#10221,#10223,.T.);
#10221 = VERTEX_POINT('',#10222);
#10222 = CARTESIAN_POINT('',(15.,-7.,2.15));
#10223 = SURFACE_CURVE('',#10224,(#10228,#10235),.PCURVE_S1.);
#10224 = LINE('',#10225,#10226);
#10225 = CARTESIAN_POINT('',(15.,-7.,1.9));
#10226 = VECTOR('',#10227,1.);
#10227 = DIRECTION('',(0.,0.,1.));
#10228 = PCURVE('',#10138,#10229);
#10229 = DEFINITIONAL_REPRESENTATION('',(#10230),#10234);
#10230 = LINE('',#10231,#10232);
#10231 = CARTESIAN_POINT('',(0.,0.));
#10232 = VECTOR('',#10233,1.);
#10233 = DIRECTION('',(0.,-1.));
#10234 = ( GEOMETRIC_REPRESENTATION_CONTEXT(2) 
PARAMETRIC_REPRESENTATION_CONTEXT() REPRESENTATION_CONTEXT('2D SPACE',''
  ) );
#10235 = PCURVE('',#10079,#10236);
#10236 = DEFINITIONAL_REPRESENTATION('',(#10237),#10241);
#10237 = LINE('',#10238,#10239);
#10238 = CARTESIAN_POINT('',(2.5,0.));
#10239 = VECTOR('',#10240,1.);
#10240 = DIRECTION('',(0.,-1.));
#10241 = ( GEOMETRIC_REPRESENTATION_CONTEXT(2) 
PARAMETRIC_REPRESENTATION_CONTEXT() REPRESENTATION_CONTEXT('2D SPACE',''
  ) );
#10242 = ORIENTED_EDGE('',*,*,#10243,.T.);
#10243 = EDGE_CURVE('',#10221,#10123,#10244,.T.);
#10244 = SURFACE_CURVE('',#10245,(#10249,#10256),.PCURVE_S1.);
#10245 = LINE('',#10246,#10247);
#10246 = CARTESIAN_POINT('',(15.,-7.,2.15));
#10247 = VECTOR('',#10248,1.);
#10248 = DIRECTION('',(-0.,1.,0.));
#10249 = PCURVE('',#10138,#10250);
#10250 = DEFINITIONAL_REPRESENTATION('',(#10251),#10255);
#10251 = LINE('',#10252,#10253);
#10252 = CARTESIAN_POINT('',(0.,-0.25));
#10253 = VECTOR('',#10254,1.);
#10254 = DIRECTION('',(1.,0.));
#10255 = ( GEOMETRIC_REPRESENTATION_CONTEXT(2) 
PARAMETRIC_REPRESENTATION_CONTEXT() REPRESENTATION_CONTEXT('2D SPACE',''
  ) );
#10256 = PCURVE('',#10105,#10257);
#10257 = DEFINITIONAL_REPRESENTATION('',(#10258),#10262);
#10258 = LINE('',#10259,#10260);
#10259 = CARTESIAN_POINT('',(2.5,0.));
#10260 = VECTOR('',#10261,1.);
#10261 = DIRECTION('',(0.,1.));
#10262 = ( GEOMETRIC_REPRESENTATION_CONTEXT(2) 
PARAMETRIC_REPRESENTATION_CONTEXT() REPRESENTATION_CONTEXT('2D SPACE',''
  ) );
#10263 = ADVANCED_FACE('',(#10264),#10079,.F.);
#10264 = FACE_BOUND('',#10265,.F.);
#10265 = EDGE_LOOP('',(#10266,#10267,#10288,#10289));
#10266 = ORIENTED_EDGE('',*,*,#10220,.F.);
#10267 = ORIENTED_EDGE('',*,*,#10268,.F.);
#10268 = EDGE_CURVE('',#10036,#10198,#10269,.T.);
#10269 = SURFACE_CURVE('',#10270,(#10274,#10281),.PCURVE_S1.);
#10270 = LINE('',#10271,#10272);
#10271 = CARTESIAN_POINT('',(12.5,-7.,1.9));
#10272 = VECTOR('',#10273,1.);
#10273 = DIRECTION('',(1.,0.,-0.));
#10274 = PCURVE('',#10079,#10275);
#10275 = DEFINITIONAL_REPRESENTATION('',(#10276),#10280);
#10276 = LINE('',#10277,#10278);
#10277 = CARTESIAN_POINT('',(0.,0.));
#10278 = VECTOR('',#10279,1.);
#10279 = DIRECTION('',(1.,0.));
#10280 = ( GEOMETRIC_REPRESENTATION_CONTEXT(2) 
PARAMETRIC_REPRESENTATION_CONTEXT() REPRESENTATION_CONTEXT('2D SPACE',''
  ) );
#10281 = PCURVE('',#10051,#10282);
#10282 = DEFINITIONAL_REPRESENTATION('',(#10283),#10287);
#10283 = LINE('',#10284,#10285);
#10284 = CARTESIAN_POINT('',(0.,0.));
#10285 = VECTOR('',#10286,1.);
#10286 = DIRECTION('',(1.,0.));
#10287 = ( GEOMETRIC_REPRESENTATION_CONTEXT(2) 
PARAMETRIC_REPRESENTATION_CONTEXT() REPRESENTATION_CONTEXT('2D SPACE',''
  ) );
#10288 = ORIENTED_EDGE('',*,*,#10063,.T.);
#10289 = ORIENTED_EDGE('',*,*,#10290,.T.);
#10290 = EDGE_CURVE('',#10064,#10221,#10291,.T.);
#10291 = SURFACE_CURVE('',#10292,(#10296,#10303),.PCURVE_S1.);
#10292 = LINE('',#10293,#10294);
#10293 = CARTESIAN_POINT('',(12.5,-7.,2.15));
#10294 = VECTOR('',#10295,1.);
#10295 = DIRECTION('',(1.,0.,-0.));
#10296 = PCURVE('',#10079,#10297);
#10297 = DEFINITIONAL_REPRESENTATION('',(#10298),#10302);
#10298 = LINE('',#10299,#10300);
#10299 = CARTESIAN_POINT('',(0.,-0.25));
#10300 = VECTOR('',#10301,1.);
#10301 = DIRECTION('',(1.,0.));
#10302 = ( GEOMETRIC_REPRESENTATION_CONTEXT(2) 
PARAMETRIC_REPRESENTATION_CONTEXT() REPRESENTATION_CONTEXT('2D SPACE',''
  ) );
#10303 = PCURVE('',#10105,#10304);
#10304 = DEFINITIONAL_REPRESENTATION('',(#10305),#10309);
#10305 = LINE('',#10306,#10307);
#10306 = CARTESIAN_POINT('',(0.,0.));
#10307 = VECTOR('',#10308,1.);
#10308 = DIRECTION('',(1.,0.));
#10309 = ( GEOMETRIC_REPRESENTATION_CONTEXT(2) 
PARAMETRIC_REPRESENTATION_CONTEXT() REPRESENTATION_CONTEXT('2D SPACE',''
  ) );
#10310 = ADVANCED_FACE('',(#10311),#10051,.F.);
#10311 = FACE_BOUND('',#10312,.F.);
#10312 = EDGE_LOOP('',(#10313,#10314,#10315,#10316));
#10313 = ORIENTED_EDGE('',*,*,#10035,.F.);
#10314 = ORIENTED_EDGE('',*,*,#10268,.T.);
#10315 = ORIENTED_EDGE('',*,*,#10197,.T.);
#10316 = ORIENTED_EDGE('',*,*,#10150,.F.);
#10317 = ADVANCED_FACE('',(#10318),#10105,.T.);
#10318 = FACE_BOUND('',#10319,.T.);
#10319 = EDGE_LOOP('',(#10320,#10321,#10322,#10323));
#10320 = ORIENTED_EDGE('',*,*,#10091,.F.);
#10321 = ORIENTED_EDGE('',*,*,#10290,.T.);
#10322 = ORIENTED_EDGE('',*,*,#10243,.T.);
#10323 = ORIENTED_EDGE('',*,*,#10172,.F.);
#10324 = ( GEOMETRIC_REPRESENTATION_CONTEXT(3) 
GLOBAL_UNCERTAINTY_ASSIGNED_CONTEXT((#10328)) 
GLOBAL_UNIT_ASSIGNED_CONTEXT((#10325,#10326,#10327)) 
REPRESENTATION_CONTEXT('Context #1',
  '3D Context with UNIT and UNCERTAINTY') );
#10325 = ( LENGTH_UNIT() NAMED_UNIT(*) SI_UNIT(.MILLI.,.METRE.) );
#10326 = ( NAMED_UNIT(*) PLANE_ANGLE_UNIT() SI_UNIT($,.RADIAN.) );
#10327 = ( NAMED_UNIT(*) SI_UNIT($,.STERADIAN.) SOLID_ANGLE_UNIT() );
#10328 = UNCERTAINTY_MEASURE_WITH_UNIT(LENGTH_MEASURE(1.E-07),#10325,
  'distance_accuracy_value','confusion accuracy');
#10329 = CONTEXT_DEPENDENT_SHAPE_REPRESENTATION(#10330,#10332);
#10330 = ( REPRESENTATION_RELATIONSHIP('','',#9993,#9613) 
REPRESENTATION_RELATIONSHIP_WITH_TRANSFORMATION(#10331) 
SHAPE_REPRESENTATION_RELATIONSHIP() );
#10331 = ITEM_DEFINED_TRANSFORMATION('','',#11,#9618);
#10332 = PRODUCT_DEFINITION_SHAPE('Placement','Placement of an item',
  #10333);
#10333 = NEXT_ASSEMBLY_USAGE_OCCURRENCE('44','=>[0:1:1:29]','',#9608,
  #9988,$);
#10334 = PRODUCT_RELATED_PRODUCT_CATEGORY('part',$,(#9990));
#10335 = SHAPE_DEFINITION_REPRESENTATION(#10336,#10342);
#10336 = PRODUCT_DEFINITION_SHAPE('','',#10337);
#10337 = PRODUCT_DEFINITION('design','',#10338,#10341);
#10338 = PRODUCT_DEFINITION_FORMATION('','',#10339);
#10339 = PRODUCT('SOLID','SOLID','',(#10340));
#10340 = PRODUCT_CONTEXT('',#2,'mechanical');
#10341 = PRODUCT_DEFINITION_CONTEXT('part definition',#2,'design');
#10342 = ADVANCED_BREP_SHAPE_REPRESENTATION('',(#11,#10343),#10673);
#10343 = MANIFOLD_SOLID_BREP('',#10344);
#10344 = CLOSED_SHELL('',(#10345,#10465,#10541,#10612,#10659,#10666));
#10345 = ADVANCED_FACE('',(#10346),#10360,.T.);
#10346 = FACE_BOUND('',#10347,.T.);
#10347 = EDGE_LOOP('',(#10348,#10383,#10411,#10439));
#10348 = ORIENTED_EDGE('',*,*,#10349,.F.);
#10349 = EDGE_CURVE('',#10350,#10352,#10354,.T.);
#10350 = VERTEX_POINT('',#10351);
#10351 = CARTESIAN_POINT('',(12.5,-8.,1.9));
#10352 = VERTEX_POINT('',#10353);
#10353 = CARTESIAN_POINT('',(12.5,-8.,2.15));
#10354 = SURFACE_CURVE('',#10355,(#10359,#10371),.PCURVE_S1.);
#10355 = LINE('',#10356,#10357);
#10356 = CARTESIAN_POINT('',(12.5,-8.,1.9));
#10357 = VECTOR('',#10358,1.);
#10358 = DIRECTION('',(0.,0.,1.));
#10359 = PCURVE('',#10360,#10365);
#10360 = PLANE('',#10361);
#10361 = AXIS2_PLACEMENT_3D('',#10362,#10363,#10364);
#10362 = CARTESIAN_POINT('',(12.5,-10.,1.9));
#10363 = DIRECTION('',(-1.,-0.,0.));
#10364 = DIRECTION('',(-0.,1.,0.));
#10365 = DEFINITIONAL_REPRESENTATION('',(#10366),#10370);
#10366 = LINE('',#10367,#10368);
#10367 = CARTESIAN_POINT('',(2.,0.));
#10368 = VECTOR('',#10369,1.);
#10369 = DIRECTION('',(0.,-1.));
#10370 = ( GEOMETRIC_REPRESENTATION_CONTEXT(2) 
PARAMETRIC_REPRESENTATION_CONTEXT() REPRESENTATION_CONTEXT('2D SPACE',''
  ) );
#10371 = PCURVE('',#10372,#10377);
#10372 = PLANE('',#10373);
#10373 = AXIS2_PLACEMENT_3D('',#10374,#10375,#10376);
#10374 = CARTESIAN_POINT('',(12.5,-8.,1.9));
#10375 = DIRECTION('',(-0.,1.,0.));
#10376 = DIRECTION('',(1.,0.,-0.));
#10377 = DEFINITIONAL_REPRESENTATION('',(#10378),#10382);
#10378 = LINE('',#10379,#10380);
#10379 = CARTESIAN_POINT('',(0.,0.));
#10380 = VECTOR('',#10381,1.);
#10381 = DIRECTION('',(0.,-1.));
#10382 = ( GEOMETRIC_REPRESENTATION_CONTEXT(2) 
PARAMETRIC_REPRESENTATION_CONTEXT() REPRESENTATION_CONTEXT('2D SPACE',''
  ) );
#10383 = ORIENTED_EDGE('',*,*,#10384,.F.);
#10384 = EDGE_CURVE('',#10385,#10350,#10387,.T.);
#10385 = VERTEX_POINT('',#10386);
#10386 = CARTESIAN_POINT('',(12.5,-10.,1.9));
#10387 = SURFACE_CURVE('',#10388,(#10392,#10399),.PCURVE_S1.);
#10388 = LINE('',#10389,#10390);
#10389 = CARTESIAN_POINT('',(12.5,-10.,1.9));
#10390 = VECTOR('',#10391,1.);
#10391 = DIRECTION('',(-0.,1.,0.));
#10392 = PCURVE('',#10360,#10393);
#10393 = DEFINITIONAL_REPRESENTATION('',(#10394),#10398);
#10394 = LINE('',#10395,#10396);
#10395 = CARTESIAN_POINT('',(0.,0.));
#10396 = VECTOR('',#10397,1.);
#10397 = DIRECTION('',(1.,0.));
#10398 = ( GEOMETRIC_REPRESENTATION_CONTEXT(2) 
PARAMETRIC_REPRESENTATION_CONTEXT() REPRESENTATION_CONTEXT('2D SPACE',''
  ) );
#10399 = PCURVE('',#10400,#10405);
#10400 = PLANE('',#10401);
#10401 = AXIS2_PLACEMENT_3D('',#10402,#10403,#10404);
#10402 = CARTESIAN_POINT('',(12.5,-10.,1.9));
#10403 = DIRECTION('',(0.,0.,1.));
#10404 = DIRECTION('',(1.,0.,-0.));
#10405 = DEFINITIONAL_REPRESENTATION('',(#10406),#10410);
#10406 = LINE('',#10407,#10408);
#10407 = CARTESIAN_POINT('',(0.,0.));
#10408 = VECTOR('',#10409,1.);
#10409 = DIRECTION('',(0.,1.));
#10410 = ( GEOMETRIC_REPRESENTATION_CONTEXT(2) 
PARAMETRIC_REPRESENTATION_CONTEXT() REPRESENTATION_CONTEXT('2D SPACE',''
  ) );
#10411 = ORIENTED_EDGE('',*,*,#10412,.T.);
#10412 = EDGE_CURVE('',#10385,#10413,#10415,.T.);
#10413 = VERTEX_POINT('',#10414);
#10414 = CARTESIAN_POINT('',(12.5,-10.,2.15));
#10415 = SURFACE_CURVE('',#10416,(#10420,#10427),.PCURVE_S1.);
#10416 = LINE('',#10417,#10418);
#10417 = CARTESIAN_POINT('',(12.5,-10.,1.9));
#10418 = VECTOR('',#10419,1.);
#10419 = DIRECTION('',(0.,0.,1.));
#10420 = PCURVE('',#10360,#10421);
#10421 = DEFINITIONAL_REPRESENTATION('',(#10422),#10426);
#10422 = LINE('',#10423,#10424);
#10423 = CARTESIAN_POINT('',(0.,0.));
#10424 = VECTOR('',#10425,1.);
#10425 = DIRECTION('',(0.,-1.));
#10426 = ( GEOMETRIC_REPRESENTATION_CONTEXT(2) 
PARAMETRIC_REPRESENTATION_CONTEXT() REPRESENTATION_CONTEXT('2D SPACE',''
  ) );
#10427 = PCURVE('',#10428,#10433);
#10428 = PLANE('',#10429);
#10429 = AXIS2_PLACEMENT_3D('',#10430,#10431,#10432);
#10430 = CARTESIAN_POINT('',(12.5,-10.,1.9));
#10431 = DIRECTION('',(-0.,1.,0.));
#10432 = DIRECTION('',(1.,0.,-0.));
#10433 = DEFINITIONAL_REPRESENTATION('',(#10434),#10438);
#10434 = LINE('',#10435,#10436);
#10435 = CARTESIAN_POINT('',(0.,0.));
#10436 = VECTOR('',#10437,1.);
#10437 = DIRECTION('',(0.,-1.));
#10438 = ( GEOMETRIC_REPRESENTATION_CONTEXT(2) 
PARAMETRIC_REPRESENTATION_CONTEXT() REPRESENTATION_CONTEXT('2D SPACE',''
  ) );
#10439 = ORIENTED_EDGE('',*,*,#10440,.T.);
#10440 = EDGE_CURVE('',#10413,#10352,#10441,.T.);
#10441 = SURFACE_CURVE('',#10442,(#10446,#10453),.PCURVE_S1.);
#10442 = LINE('',#10443,#10444);
#10443 = CARTESIAN_POINT('',(12.5,-10.,2.15));
#10444 = VECTOR('',#10445,1.);
#10445 = DIRECTION('',(-0.,1.,0.));
#10446 = PCURVE('',#10360,#10447);
#10447 = DEFINITIONAL_REPRESENTATION('',(#10448),#10452);
#10448 = LINE('',#10449,#10450);
#10449 = CARTESIAN_POINT('',(0.,-0.25));
#10450 = VECTOR('',#10451,1.);
#10451 = DIRECTION('',(1.,0.));
#10452 = ( GEOMETRIC_REPRESENTATION_CONTEXT(2) 
PARAMETRIC_REPRESENTATION_CONTEXT() REPRESENTATION_CONTEXT('2D SPACE',''
  ) );
#10453 = PCURVE('',#10454,#10459);
#10454 = PLANE('',#10455);
#10455 = AXIS2_PLACEMENT_3D('',#10456,#10457,#10458);
#10456 = CARTESIAN_POINT('',(12.5,-10.,2.15));
#10457 = DIRECTION('',(0.,0.,1.));
#10458 = DIRECTION('',(1.,0.,-0.));
#10459 = DEFINITIONAL_REPRESENTATION('',(#10460),#10464);
#10460 = LINE('',#10461,#10462);
#10461 = CARTESIAN_POINT('',(0.,0.));
#10462 = VECTOR('',#10463,1.);
#10463 = DIRECTION('',(0.,1.));
#10464 = ( GEOMETRIC_REPRESENTATION_CONTEXT(2) 
PARAMETRIC_REPRESENTATION_CONTEXT() REPRESENTATION_CONTEXT('2D SPACE',''
  ) );
#10465 = ADVANCED_FACE('',(#10466),#10372,.T.);
#10466 = FACE_BOUND('',#10467,.T.);
#10467 = EDGE_LOOP('',(#10468,#10498,#10519,#10520));
#10468 = ORIENTED_EDGE('',*,*,#10469,.F.);
#10469 = EDGE_CURVE('',#10470,#10472,#10474,.T.);
#10470 = VERTEX_POINT('',#10471);
#10471 = CARTESIAN_POINT('',(15.,-8.,1.9));
#10472 = VERTEX_POINT('',#10473);
#10473 = CARTESIAN_POINT('',(15.,-8.,2.15));
#10474 = SURFACE_CURVE('',#10475,(#10479,#10486),.PCURVE_S1.);
#10475 = LINE('',#10476,#10477);
#10476 = CARTESIAN_POINT('',(15.,-8.,1.9));
#10477 = VECTOR('',#10478,1.);
#10478 = DIRECTION('',(0.,0.,1.));
#10479 = PCURVE('',#10372,#10480);
#10480 = DEFINITIONAL_REPRESENTATION('',(#10481),#10485);
#10481 = LINE('',#10482,#10483);
#10482 = CARTESIAN_POINT('',(2.5,0.));
#10483 = VECTOR('',#10484,1.);
#10484 = DIRECTION('',(0.,-1.));
#10485 = ( GEOMETRIC_REPRESENTATION_CONTEXT(2) 
PARAMETRIC_REPRESENTATION_CONTEXT() REPRESENTATION_CONTEXT('2D SPACE',''
  ) );
#10486 = PCURVE('',#10487,#10492);
#10487 = PLANE('',#10488);
#10488 = AXIS2_PLACEMENT_3D('',#10489,#10490,#10491);
#10489 = CARTESIAN_POINT('',(15.,-10.,1.9));
#10490 = DIRECTION('',(-1.,-0.,0.));
#10491 = DIRECTION('',(-0.,1.,0.));
#10492 = DEFINITIONAL_REPRESENTATION('',(#10493),#10497);
#10493 = LINE('',#10494,#10495);
#10494 = CARTESIAN_POINT('',(2.,0.));
#10495 = VECTOR('',#10496,1.);
#10496 = DIRECTION('',(0.,-1.));
#10497 = ( GEOMETRIC_REPRESENTATION_CONTEXT(2) 
PARAMETRIC_REPRESENTATION_CONTEXT() REPRESENTATION_CONTEXT('2D SPACE',''
  ) );
#10498 = ORIENTED_EDGE('',*,*,#10499,.F.);
#10499 = EDGE_CURVE('',#10350,#10470,#10500,.T.);
#10500 = SURFACE_CURVE('',#10501,(#10505,#10512),.PCURVE_S1.);
#10501 = LINE('',#10502,#10503);
#10502 = CARTESIAN_POINT('',(12.5,-8.,1.9));
#10503 = VECTOR('',#10504,1.);
#10504 = DIRECTION('',(1.,0.,-0.));
#10505 = PCURVE('',#10372,#10506);
#10506 = DEFINITIONAL_REPRESENTATION('',(#10507),#10511);
#10507 = LINE('',#10508,#10509);
#10508 = CARTESIAN_POINT('',(0.,0.));
#10509 = VECTOR('',#10510,1.);
#10510 = DIRECTION('',(1.,0.));
#10511 = ( GEOMETRIC_REPRESENTATION_CONTEXT(2) 
PARAMETRIC_REPRESENTATION_CONTEXT() REPRESENTATION_CONTEXT('2D SPACE',''
  ) );
#10512 = PCURVE('',#10400,#10513);
#10513 = DEFINITIONAL_REPRESENTATION('',(#10514),#10518);
#10514 = LINE('',#10515,#10516);
#10515 = CARTESIAN_POINT('',(0.,2.));
#10516 = VECTOR('',#10517,1.);
#10517 = DIRECTION('',(1.,0.));
#10518 = ( GEOMETRIC_REPRESENTATION_CONTEXT(2) 
PARAMETRIC_REPRESENTATION_CONTEXT() REPRESENTATION_CONTEXT('2D SPACE',''
  ) );
#10519 = ORIENTED_EDGE('',*,*,#10349,.T.);
#10520 = ORIENTED_EDGE('',*,*,#10521,.T.);
#10521 = EDGE_CURVE('',#10352,#10472,#10522,.T.);
#10522 = SURFACE_CURVE('',#10523,(#10527,#10534),.PCURVE_S1.);
#10523 = LINE('',#10524,#10525);
#10524 = CARTESIAN_POINT('',(12.5,-8.,2.15));
#10525 = VECTOR('',#10526,1.);
#10526 = DIRECTION('',(1.,0.,-0.));
#10527 = PCURVE('',#10372,#10528);
#10528 = DEFINITIONAL_REPRESENTATION('',(#10529),#10533);
#10529 = LINE('',#10530,#10531);
#10530 = CARTESIAN_POINT('',(0.,-0.25));
#10531 = VECTOR('',#10532,1.);
#10532 = DIRECTION('',(1.,0.));
#10533 = ( GEOMETRIC_REPRESENTATION_CONTEXT(2) 
PARAMETRIC_REPRESENTATION_CONTEXT() REPRESENTATION_CONTEXT('2D SPACE',''
  ) );
#10534 = PCURVE('',#10454,#10535);
#10535 = DEFINITIONAL_REPRESENTATION('',(#10536),#10540);
#10536 = LINE('',#10537,#10538);
#10537 = CARTESIAN_POINT('',(0.,2.));
#10538 = VECTOR('',#10539,1.);
#10539 = DIRECTION('',(1.,0.));
#10540 = ( GEOMETRIC_REPRESENTATION_CONTEXT(2) 
PARAMETRIC_REPRESENTATION_CONTEXT() REPRESENTATION_CONTEXT('2D SPACE',''
  ) );
#10541 = ADVANCED_FACE('',(#10542),#10487,.F.);
#10542 = FACE_BOUND('',#10543,.F.);
#10543 = EDGE_LOOP('',(#10544,#10545,#10568,#10591));
#10544 = ORIENTED_EDGE('',*,*,#10469,.F.);
#10545 = ORIENTED_EDGE('',*,*,#10546,.F.);
#10546 = EDGE_CURVE('',#10547,#10470,#10549,.T.);
#10547 = VERTEX_POINT('',#10548);
#10548 = CARTESIAN_POINT('',(15.,-10.,1.9));
#10549 = SURFACE_CURVE('',#10550,(#10554,#10561),.PCURVE_S1.);
#10550 = LINE('',#10551,#10552);
#10551 = CARTESIAN_POINT('',(15.,-10.,1.9));
#10552 = VECTOR('',#10553,1.);
#10553 = DIRECTION('',(-0.,1.,0.));
#10554 = PCURVE('',#10487,#10555);
#10555 = DEFINITIONAL_REPRESENTATION('',(#10556),#10560);
#10556 = LINE('',#10557,#10558);
#10557 = CARTESIAN_POINT('',(0.,0.));
#10558 = VECTOR('',#10559,1.);
#10559 = DIRECTION('',(1.,0.));
#10560 = ( GEOMETRIC_REPRESENTATION_CONTEXT(2) 
PARAMETRIC_REPRESENTATION_CONTEXT() REPRESENTATION_CONTEXT('2D SPACE',''
  ) );
#10561 = PCURVE('',#10400,#10562);
#10562 = DEFINITIONAL_REPRESENTATION('',(#10563),#10567);
#10563 = LINE('',#10564,#10565);
#10564 = CARTESIAN_POINT('',(2.5,0.));
#10565 = VECTOR('',#10566,1.);
#10566 = DIRECTION('',(0.,1.));
#10567 = ( GEOMETRIC_REPRESENTATION_CONTEXT(2) 
PARAMETRIC_REPRESENTATION_CONTEXT() REPRESENTATION_CONTEXT('2D SPACE',''
  ) );
#10568 = ORIENTED_EDGE('',*,*,#10569,.T.);
#10569 = EDGE_CURVE('',#10547,#10570,#10572,.T.);
#10570 = VERTEX_POINT('',#10571);
#10571 = CARTESIAN_POINT('',(15.,-10.,2.15));
#10572 = SURFACE_CURVE('',#10573,(#10577,#10584),.PCURVE_S1.);
#10573 = LINE('',#10574,#10575);
#10574 = CARTESIAN_POINT('',(15.,-10.,1.9));
#10575 = VECTOR('',#10576,1.);
#10576 = DIRECTION('',(0.,0.,1.));
#10577 = PCURVE('',#10487,#10578);
#10578 = DEFINITIONAL_REPRESENTATION('',(#10579),#10583);
#10579 = LINE('',#10580,#10581);
#10580 = CARTESIAN_POINT('',(0.,0.));
#10581 = VECTOR('',#10582,1.);
#10582 = DIRECTION('',(0.,-1.));
#10583 = ( GEOMETRIC_REPRESENTATION_CONTEXT(2) 
PARAMETRIC_REPRESENTATION_CONTEXT() REPRESENTATION_CONTEXT('2D SPACE',''
  ) );
#10584 = PCURVE('',#10428,#10585);
#10585 = DEFINITIONAL_REPRESENTATION('',(#10586),#10590);
#10586 = LINE('',#10587,#10588);
#10587 = CARTESIAN_POINT('',(2.5,0.));
#10588 = VECTOR('',#10589,1.);
#10589 = DIRECTION('',(0.,-1.));
#10590 = ( GEOMETRIC_REPRESENTATION_CONTEXT(2) 
PARAMETRIC_REPRESENTATION_CONTEXT() REPRESENTATION_CONTEXT('2D SPACE',''
  ) );
#10591 = ORIENTED_EDGE('',*,*,#10592,.T.);
#10592 = EDGE_CURVE('',#10570,#10472,#10593,.T.);
#10593 = SURFACE_CURVE('',#10594,(#10598,#10605),.PCURVE_S1.);
#10594 = LINE('',#10595,#10596);
#10595 = CARTESIAN_POINT('',(15.,-10.,2.15));
#10596 = VECTOR('',#10597,1.);
#10597 = DIRECTION('',(-0.,1.,0.));
#10598 = PCURVE('',#10487,#10599);
#10599 = DEFINITIONAL_REPRESENTATION('',(#10600),#10604);
#10600 = LINE('',#10601,#10602);
#10601 = CARTESIAN_POINT('',(0.,-0.25));
#10602 = VECTOR('',#10603,1.);
#10603 = DIRECTION('',(1.,0.));
#10604 = ( GEOMETRIC_REPRESENTATION_CONTEXT(2) 
PARAMETRIC_REPRESENTATION_CONTEXT() REPRESENTATION_CONTEXT('2D SPACE',''
  ) );
#10605 = PCURVE('',#10454,#10606);
#10606 = DEFINITIONAL_REPRESENTATION('',(#10607),#10611);
#10607 = LINE('',#10608,#10609);
#10608 = CARTESIAN_POINT('',(2.5,0.));
#10609 = VECTOR('',#10610,1.);
#10610 = DIRECTION('',(0.,1.));
#10611 = ( GEOMETRIC_REPRESENTATION_CONTEXT(2) 
PARAMETRIC_REPRESENTATION_CONTEXT() REPRESENTATION_CONTEXT('2D SPACE',''
  ) );
#10612 = ADVANCED_FACE('',(#10613),#10428,.F.);
#10613 = FACE_BOUND('',#10614,.F.);
#10614 = EDGE_LOOP('',(#10615,#10616,#10637,#10638));
#10615 = ORIENTED_EDGE('',*,*,#10569,.F.);
#10616 = ORIENTED_EDGE('',*,*,#10617,.F.);
#10617 = EDGE_CURVE('',#10385,#10547,#10618,.T.);
#10618 = SURFACE_CURVE('',#10619,(#10623,#10630),.PCURVE_S1.);
#10619 = LINE('',#10620,#10621);
#10620 = CARTESIAN_POINT('',(12.5,-10.,1.9));
#10621 = VECTOR('',#10622,1.);
#10622 = DIRECTION('',(1.,0.,-0.));
#10623 = PCURVE('',#10428,#10624);
#10624 = DEFINITIONAL_REPRESENTATION('',(#10625),#10629);
#10625 = LINE('',#10626,#10627);
#10626 = CARTESIAN_POINT('',(0.,0.));
#10627 = VECTOR('',#10628,1.);
#10628 = DIRECTION('',(1.,0.));
#10629 = ( GEOMETRIC_REPRESENTATION_CONTEXT(2) 
PARAMETRIC_REPRESENTATION_CONTEXT() REPRESENTATION_CONTEXT('2D SPACE',''
  ) );
#10630 = PCURVE('',#10400,#10631);
#10631 = DEFINITIONAL_REPRESENTATION('',(#10632),#10636);
#10632 = LINE('',#10633,#10634);
#10633 = CARTESIAN_POINT('',(0.,0.));
#10634 = VECTOR('',#10635,1.);
#10635 = DIRECTION('',(1.,0.));
#10636 = ( GEOMETRIC_REPRESENTATION_CONTEXT(2) 
PARAMETRIC_REPRESENTATION_CONTEXT() REPRESENTATION_CONTEXT('2D SPACE',''
  ) );
#10637 = ORIENTED_EDGE('',*,*,#10412,.T.);
#10638 = ORIENTED_EDGE('',*,*,#10639,.T.);
#10639 = EDGE_CURVE('',#10413,#10570,#10640,.T.);
#10640 = SURFACE_CURVE('',#10641,(#10645,#10652),.PCURVE_S1.);
#10641 = LINE('',#10642,#10643);
#10642 = CARTESIAN_POINT('',(12.5,-10.,2.15));
#10643 = VECTOR('',#10644,1.);
#10644 = DIRECTION('',(1.,0.,-0.));
#10645 = PCURVE('',#10428,#10646);
#10646 = DEFINITIONAL_REPRESENTATION('',(#10647),#10651);
#10647 = LINE('',#10648,#10649);
#10648 = CARTESIAN_POINT('',(0.,-0.25));
#10649 = VECTOR('',#10650,1.);
#10650 = DIRECTION('',(1.,0.));
#10651 = ( GEOMETRIC_REPRESENTATION_CONTEXT(2) 
PARAMETRIC_REPRESENTATION_CONTEXT() REPRESENTATION_CONTEXT('2D SPACE',''
  ) );
#10652 = PCURVE('',#10454,#10653);
#10653 = DEFINITIONAL_REPRESENTATION('',(#10654),#10658);
#10654 = LINE('',#10655,#10656);
#10655 = CARTESIAN_POINT('',(0.,0.));
#10656 = VECTOR('',#10657,1.);
#10657 = DIRECTION('',(1.,0.));
#10658 = ( GEOMETRIC_REPRESENTATION_CONTEXT(2) 
PARAMETRIC_REPRESENTATION_CONTEXT() REPRESENTATION_CONTEXT('2D SPACE',''
  ) );
#10659 = ADVANCED_FACE('',(#10660),#10400,.F.);
#10660 = FACE_BOUND('',#10661,.F.);
#10661 = EDGE_LOOP('',(#10662,#10663,#10664,#10665));
#10662 = ORIENTED_EDGE('',*,*,#10384,.F.);
#10663 = ORIENTED_EDGE('',*,*,#10617,.T.);
#10664 = ORIENTED_EDGE('',*,*,#10546,.T.);
#10665 = ORIENTED_EDGE('',*,*,#10499,.F.);
#10666 = ADVANCED_FACE('',(#10667),#10454,.T.);
#10667 = FACE_BOUND('',#10668,.T.);
#10668 = EDGE_LOOP('',(#10669,#10670,#10671,#10672));
#10669 = ORIENTED_EDGE('',*,*,#10440,.F.);
#10670 = ORIENTED_EDGE('',*,*,#10639,.T.);
#10671 = ORIENTED_EDGE('',*,*,#10592,.T.);
#10672 = ORIENTED_EDGE('',*,*,#10521,.F.);
#10673 = ( GEOMETRIC_REPRESENTATION_CONTEXT(3) 
GLOBAL_UNCERTAINTY_ASSIGNED_CONTEXT((#10677)) 
GLOBAL_UNIT_ASSIGNED_CONTEXT((#10674,#10675,#10676)) 
REPRESENTATION_CONTEXT('Context #1',
  '3D Context with UNIT and UNCERTAINTY') );
#10674 = ( LENGTH_UNIT() NAMED_UNIT(*) SI_UNIT(.MILLI.,.METRE.) );
#10675 = ( NAMED_UNIT(*) PLANE_ANGLE_UNIT() SI_UNIT($,.RADIAN.) );
#10676 = ( NAMED_UNIT(*) SI_UNIT($,.STERADIAN.) SOLID_ANGLE_UNIT() );
#10677 = UNCERTAINTY_MEASURE_WITH_UNIT(LENGTH_MEASURE(1.E-07),#10674,
  'distance_accuracy_value','confusion accuracy');
#10678 = CONTEXT_DEPENDENT_SHAPE_REPRESENTATION(#10679,#10681);
#10679 = ( REPRESENTATION_RELATIONSHIP('','',#10342,#9613) 
REPRESENTATION_RELATIONSHIP_WITH_TRANSFORMATION(#10680) 
SHAPE_REPRESENTATION_RELATIONSHIP() );
#10680 = ITEM_DEFINED_TRANSFORMATION('','',#11,#9622);
#10681 = PRODUCT_DEFINITION_SHAPE('Placement','Placement of an item',
  #10682);
#10682 = NEXT_ASSEMBLY_USAGE_OCCURRENCE('45','=>[0:1:1:30]','',#9608,
  #10337,$);
#10683 = PRODUCT_RELATED_PRODUCT_CATEGORY('part',$,(#10339));
#10684 = SHAPE_DEFINITION_REPRESENTATION(#10685,#10691);
#10685 = PRODUCT_DEFINITION_SHAPE('','',#10686);
#10686 = PRODUCT_DEFINITION('design','',#10687,#10690);
#10687 = PRODUCT_DEFINITION_FORMATION('','',#10688);
#10688 = PRODUCT('motor_4','motor_4','',(#10689));
#10689 = PRODUCT_CONTEXT('',#2,'mechanical');
#10690 = PRODUCT_DEFINITION_CONTEXT('part definition',#2,'design');
#10691 = SHAPE_REPRESENTATION('',(#11,#10692),#10696);
#10692 = AXIS2_PLACEMENT_3D('',#10693,#10694,#10695);
#10693 = CARTESIAN_POINT('',(0.,0.,0.));
#10694 = DIRECTION('',(0.,0.,1.));
#10695 = DIRECTION('',(1.,0.,-0.));
#10696 = ( GEOMETRIC_REPRESENTATION_CONTEXT(3) 
GLOBAL_UNCERTAINTY_ASSIGNED_CONTEXT((#10700)) 
GLOBAL_UNIT_ASSIGNED_CONTEXT((#10697,#10698,#10699)) 
REPRESENTATION_CONTEXT('Context #1',
  '3D Context with UNIT and UNCERTAINTY') );
#10697 = ( LENGTH_UNIT() NAMED_UNIT(*) SI_UNIT(.MILLI.,.METRE.) );
#10698 = ( NAMED_UNIT(*) PLANE_ANGLE_UNIT() SI_UNIT($,.RADIAN.) );
#10699 = ( NAMED_UNIT(*) SI_UNIT($,.STERADIAN.) SOLID_ANGLE_UNIT() );
#10700 = UNCERTAINTY_MEASURE_WITH_UNIT(LENGTH_MEASURE(1.E-07),#10697,
  'distance_accuracy_value','confusion accuracy');
#10701 = CONTEXT_DEPENDENT_SHAPE_REPRESENTATION(#10702,#10704);
#10702 = ( REPRESENTATION_RELATIONSHIP('','',#10691,#10) 
REPRESENTATION_RELATIONSHIP_WITH_TRANSFORMATION(#10703) 
SHAPE_REPRESENTATION_RELATIONSHIP() );
#10703 = ITEM_DEFINED_TRANSFORMATION('','',#11,#63);
#10704 = PRODUCT_DEFINITION_SHAPE('Placement','Placement of an item',
  #10705);
#10705 = NEXT_ASSEMBLY_USAGE_OCCURRENCE('52','motor_4','',#5,#10686,$);
#10706 = PRODUCT_RELATED_PRODUCT_CATEGORY('part',$,(#10688));
#10707 = SHAPE_DEFINITION_REPRESENTATION(#10708,#10714);
#10708 = PRODUCT_DEFINITION_SHAPE('','',#10709);
#10709 = PRODUCT_DEFINITION('design','',#10710,#10713);
#10710 = PRODUCT_DEFINITION_FORMATION('','',#10711);
#10711 = PRODUCT('motor_4','motor_4','',(#10712));
#10712 = PRODUCT_CONTEXT('',#2,'mechanical');
#10713 = PRODUCT_DEFINITION_CONTEXT('part definition',#2,'design');
#10714 = SHAPE_REPRESENTATION('',(#11,#10715,#10719,#10723),#10727);
#10715 = AXIS2_PLACEMENT_3D('',#10716,#10717,#10718);
#10716 = CARTESIAN_POINT('',(0.,0.,0.));
#10717 = DIRECTION('',(0.,0.,1.));
#10718 = DIRECTION('',(1.,0.,-0.));
#10719 = AXIS2_PLACEMENT_3D('',#10720,#10721,#10722);
#10720 = CARTESIAN_POINT('',(0.,0.,0.));
#10721 = DIRECTION('',(0.,0.,1.));
#10722 = DIRECTION('',(1.,0.,-0.));
#10723 = AXIS2_PLACEMENT_3D('',#10724,#10725,#10726);
#10724 = CARTESIAN_POINT('',(0.,0.,0.));
#10725 = DIRECTION('',(0.,0.,1.));
#10726 = DIRECTION('',(1.,0.,-0.));
#10727 = ( GEOMETRIC_REPRESENTATION_CONTEXT(3) 
GLOBAL_UNCERTAINTY_ASSIGNED_CONTEXT((#10731)) 
GLOBAL_UNIT_ASSIGNED_CONTEXT((#10728,#10729,#10730)) 
REPRESENTATION_CONTEXT('Context #1',
  '3D Context with UNIT and UNCERTAINTY') );
#10728 = ( LENGTH_UNIT() NAMED_UNIT(*) SI_UNIT(.MILLI.,.METRE.) );
#10729 = ( NAMED_UNIT(*) PLANE_ANGLE_UNIT() SI_UNIT($,.RADIAN.) );
#10730 = ( NAMED_UNIT(*) SI_UNIT($,.STERADIAN.) SOLID_ANGLE_UNIT() );
#10731 = UNCERTAINTY_MEASURE_WITH_UNIT(LENGTH_MEASURE(1.E-07),#10728,
  'distance_accuracy_value','confusion accuracy');
#10732 = CONTEXT_DEPENDENT_SHAPE_REPRESENTATION(#10733,#10735);
#10733 = ( REPRESENTATION_RELATIONSHIP('','',#10714,#10691) 
REPRESENTATION_RELATIONSHIP_WITH_TRANSFORMATION(#10734) 
SHAPE_REPRESENTATION_RELATIONSHIP() );
#10734 = ITEM_DEFINED_TRANSFORMATION('','',#11,#10692);
#10735 = PRODUCT_DEFINITION_SHAPE('Placement','Placement of an item',
  #10736);
#10736 = NEXT_ASSEMBLY_USAGE_OCCURRENCE('51','motor_4','',#10686,#10709,
  $);
#10737 = PRODUCT_RELATED_PRODUCT_CATEGORY('part',$,(#10711));
#10738 = SHAPE_DEFINITION_REPRESENTATION(#10739,#10745);
#10739 = PRODUCT_DEFINITION_SHAPE('','',#10740);
#10740 = PRODUCT_DEFINITION('design','',#10741,#10744);
#10741 = PRODUCT_DEFINITION_FORMATION('','',#10742);
#10742 = PRODUCT('SOLID','SOLID','',(#10743));
#10743 = PRODUCT_CONTEXT('',#2,'mechanical');
#10744 = PRODUCT_DEFINITION_CONTEXT('part definition',#2,'design');
#10745 = ADVANCED_BREP_SHAPE_REPRESENTATION('',(#11,#10746),#11076);
#10746 = MANIFOLD_SOLID_BREP('',#10747);
#10747 = CLOSED_SHELL('',(#10748,#10868,#10944,#11015,#11062,#11069));
#10748 = ADVANCED_FACE('',(#10749),#10763,.T.);
#10749 = FACE_BOUND('',#10750,.T.);
#10750 = EDGE_LOOP('',(#10751,#10786,#10814,#10842));
#10751 = ORIENTED_EDGE('',*,*,#10752,.F.);
#10752 = EDGE_CURVE('',#10753,#10755,#10757,.T.);
#10753 = VERTEX_POINT('',#10754);
#10754 = CARTESIAN_POINT('',(12.5,10.,1.9));
#10755 = VERTEX_POINT('',#10756);
#10756 = CARTESIAN_POINT('',(12.5,10.,2.15));
#10757 = SURFACE_CURVE('',#10758,(#10762,#10774),.PCURVE_S1.);
#10758 = LINE('',#10759,#10760);
#10759 = CARTESIAN_POINT('',(12.5,10.,1.9));
#10760 = VECTOR('',#10761,1.);
#10761 = DIRECTION('',(0.,0.,1.));
#10762 = PCURVE('',#10763,#10768);
#10763 = PLANE('',#10764);
#10764 = AXIS2_PLACEMENT_3D('',#10765,#10766,#10767);
#10765 = CARTESIAN_POINT('',(12.5,8.,1.9));
#10766 = DIRECTION('',(-1.,-0.,0.));
#10767 = DIRECTION('',(-0.,1.,0.));
#10768 = DEFINITIONAL_REPRESENTATION('',(#10769),#10773);
#10769 = LINE('',#10770,#10771);
#10770 = CARTESIAN_POINT('',(2.,0.));
#10771 = VECTOR('',#10772,1.);
#10772 = DIRECTION('',(0.,-1.));
#10773 = ( GEOMETRIC_REPRESENTATION_CONTEXT(2) 
PARAMETRIC_REPRESENTATION_CONTEXT() REPRESENTATION_CONTEXT('2D SPACE',''
  ) );
#10774 = PCURVE('',#10775,#10780);
#10775 = PLANE('',#10776);
#10776 = AXIS2_PLACEMENT_3D('',#10777,#10778,#10779);
#10777 = CARTESIAN_POINT('',(12.5,10.,1.9));
#10778 = DIRECTION('',(-0.,1.,0.));
#10779 = DIRECTION('',(1.,0.,-0.));
#10780 = DEFINITIONAL_REPRESENTATION('',(#10781),#10785);
#10781 = LINE('',#10782,#10783);
#10782 = CARTESIAN_POINT('',(0.,0.));
#10783 = VECTOR('',#10784,1.);
#10784 = DIRECTION('',(0.,-1.));
#10785 = ( GEOMETRIC_REPRESENTATION_CONTEXT(2) 
PARAMETRIC_REPRESENTATION_CONTEXT() REPRESENTATION_CONTEXT('2D SPACE',''
  ) );
#10786 = ORIENTED_EDGE('',*,*,#10787,.F.);
#10787 = EDGE_CURVE('',#10788,#10753,#10790,.T.);
#10788 = VERTEX_POINT('',#10789);
#10789 = CARTESIAN_POINT('',(12.5,8.,1.9));
#10790 = SURFACE_CURVE('',#10791,(#10795,#10802),.PCURVE_S1.);
#10791 = LINE('',#10792,#10793);
#10792 = CARTESIAN_POINT('',(12.5,8.,1.9));
#10793 = VECTOR('',#10794,1.);
#10794 = DIRECTION('',(-0.,1.,0.));
#10795 = PCURVE('',#10763,#10796);
#10796 = DEFINITIONAL_REPRESENTATION('',(#10797),#10801);
#10797 = LINE('',#10798,#10799);
#10798 = CARTESIAN_POINT('',(0.,0.));
#10799 = VECTOR('',#10800,1.);
#10800 = DIRECTION('',(1.,0.));
#10801 = ( GEOMETRIC_REPRESENTATION_CONTEXT(2) 
PARAMETRIC_REPRESENTATION_CONTEXT() REPRESENTATION_CONTEXT('2D SPACE',''
  ) );
#10802 = PCURVE('',#10803,#10808);
#10803 = PLANE('',#10804);
#10804 = AXIS2_PLACEMENT_3D('',#10805,#10806,#10807);
#10805 = CARTESIAN_POINT('',(12.5,8.,1.9));
#10806 = DIRECTION('',(0.,0.,1.));
#10807 = DIRECTION('',(1.,0.,-0.));
#10808 = DEFINITIONAL_REPRESENTATION('',(#10809),#10813);
#10809 = LINE('',#10810,#10811);
#10810 = CARTESIAN_POINT('',(0.,0.));
#10811 = VECTOR('',#10812,1.);
#10812 = DIRECTION('',(0.,1.));
#10813 = ( GEOMETRIC_REPRESENTATION_CONTEXT(2) 
PARAMETRIC_REPRESENTATION_CONTEXT() REPRESENTATION_CONTEXT('2D SPACE',''
  ) );
#10814 = ORIENTED_EDGE('',*,*,#10815,.T.);
#10815 = EDGE_CURVE('',#10788,#10816,#10818,.T.);
#10816 = VERTEX_POINT('',#10817);
#10817 = CARTESIAN_POINT('',(12.5,8.,2.15));
#10818 = SURFACE_CURVE('',#10819,(#10823,#10830),.PCURVE_S1.);
#10819 = LINE('',#10820,#10821);
#10820 = CARTESIAN_POINT('',(12.5,8.,1.9));
#10821 = VECTOR('',#10822,1.);
#10822 = DIRECTION('',(0.,0.,1.));
#10823 = PCURVE('',#10763,#10824);
#10824 = DEFINITIONAL_REPRESENTATION('',(#10825),#10829);
#10825 = LINE('',#10826,#10827);
#10826 = CARTESIAN_POINT('',(0.,0.));
#10827 = VECTOR('',#10828,1.);
#10828 = DIRECTION('',(0.,-1.));
#10829 = ( GEOMETRIC_REPRESENTATION_CONTEXT(2) 
PARAMETRIC_REPRESENTATION_CONTEXT() REPRESENTATION_CONTEXT('2D SPACE',''
  ) );
#10830 = PCURVE('',#10831,#10836);
#10831 = PLANE('',#10832);
#10832 = AXIS2_PLACEMENT_3D('',#10833,#10834,#10835);
#10833 = CARTESIAN_POINT('',(12.5,8.,1.9));
#10834 = DIRECTION('',(-0.,1.,0.));
#10835 = DIRECTION('',(1.,0.,-0.));
#10836 = DEFINITIONAL_REPRESENTATION('',(#10837),#10841);
#10837 = LINE('',#10838,#10839);
#10838 = CARTESIAN_POINT('',(0.,0.));
#10839 = VECTOR('',#10840,1.);
#10840 = DIRECTION('',(0.,-1.));
#10841 = ( GEOMETRIC_REPRESENTATION_CONTEXT(2) 
PARAMETRIC_REPRESENTATION_CONTEXT() REPRESENTATION_CONTEXT('2D SPACE',''
  ) );
#10842 = ORIENTED_EDGE('',*,*,#10843,.T.);
#10843 = EDGE_CURVE('',#10816,#10755,#10844,.T.);
#10844 = SURFACE_CURVE('',#10845,(#10849,#10856),.PCURVE_S1.);
#10845 = LINE('',#10846,#10847);
#10846 = CARTESIAN_POINT('',(12.5,8.,2.15));
#10847 = VECTOR('',#10848,1.);
#10848 = DIRECTION('',(-0.,1.,0.));
#10849 = PCURVE('',#10763,#10850);
#10850 = DEFINITIONAL_REPRESENTATION('',(#10851),#10855);
#10851 = LINE('',#10852,#10853);
#10852 = CARTESIAN_POINT('',(0.,-0.25));
#10853 = VECTOR('',#10854,1.);
#10854 = DIRECTION('',(1.,0.));
#10855 = ( GEOMETRIC_REPRESENTATION_CONTEXT(2) 
PARAMETRIC_REPRESENTATION_CONTEXT() REPRESENTATION_CONTEXT('2D SPACE',''
  ) );
#10856 = PCURVE('',#10857,#10862);
#10857 = PLANE('',#10858);
#10858 = AXIS2_PLACEMENT_3D('',#10859,#10860,#10861);
#10859 = CARTESIAN_POINT('',(12.5,8.,2.15));
#10860 = DIRECTION('',(0.,0.,1.));
#10861 = DIRECTION('',(1.,0.,-0.));
#10862 = DEFINITIONAL_REPRESENTATION('',(#10863),#10867);
#10863 = LINE('',#10864,#10865);
#10864 = CARTESIAN_POINT('',(0.,0.));
#10865 = VECTOR('',#10866,1.);
#10866 = DIRECTION('',(0.,1.));
#10867 = ( GEOMETRIC_REPRESENTATION_CONTEXT(2) 
PARAMETRIC_REPRESENTATION_CONTEXT() REPRESENTATION_CONTEXT('2D SPACE',''
  ) );
#10868 = ADVANCED_FACE('',(#10869),#10775,.T.);
#10869 = FACE_BOUND('',#10870,.T.);
#10870 = EDGE_LOOP('',(#10871,#10901,#10922,#10923));
#10871 = ORIENTED_EDGE('',*,*,#10872,.F.);
#10872 = EDGE_CURVE('',#10873,#10875,#10877,.T.);
#10873 = VERTEX_POINT('',#10874);
#10874 = CARTESIAN_POINT('',(15.,10.,1.9));
#10875 = VERTEX_POINT('',#10876);
#10876 = CARTESIAN_POINT('',(15.,10.,2.15));
#10877 = SURFACE_CURVE('',#10878,(#10882,#10889),.PCURVE_S1.);
#10878 = LINE('',#10879,#10880);
#10879 = CARTESIAN_POINT('',(15.,10.,1.9));
#10880 = VECTOR('',#10881,1.);
#10881 = DIRECTION('',(0.,0.,1.));
#10882 = PCURVE('',#10775,#10883);
#10883 = DEFINITIONAL_REPRESENTATION('',(#10884),#10888);
#10884 = LINE('',#10885,#10886);
#10885 = CARTESIAN_POINT('',(2.5,0.));
#10886 = VECTOR('',#10887,1.);
#10887 = DIRECTION('',(0.,-1.));
#10888 = ( GEOMETRIC_REPRESENTATION_CONTEXT(2) 
PARAMETRIC_REPRESENTATION_CONTEXT() REPRESENTATION_CONTEXT('2D SPACE',''
  ) );
#10889 = PCURVE('',#10890,#10895);
#10890 = PLANE('',#10891);
#10891 = AXIS2_PLACEMENT_3D('',#10892,#10893,#10894);
#10892 = CARTESIAN_POINT('',(15.,8.,1.9));
#10893 = DIRECTION('',(-1.,-0.,0.));
#10894 = DIRECTION('',(-0.,1.,0.));
#10895 = DEFINITIONAL_REPRESENTATION('',(#10896),#10900);
#10896 = LINE('',#10897,#10898);
#10897 = CARTESIAN_POINT('',(2.,0.));
#10898 = VECTOR('',#10899,1.);
#10899 = DIRECTION('',(0.,-1.));
#10900 = ( GEOMETRIC_REPRESENTATION_CONTEXT(2) 
PARAMETRIC_REPRESENTATION_CONTEXT() REPRESENTATION_CONTEXT('2D SPACE',''
  ) );
#10901 = ORIENTED_EDGE('',*,*,#10902,.F.);
#10902 = EDGE_CURVE('',#10753,#10873,#10903,.T.);
#10903 = SURFACE_CURVE('',#10904,(#10908,#10915),.PCURVE_S1.);
#10904 = LINE('',#10905,#10906);
#10905 = CARTESIAN_POINT('',(12.5,10.,1.9));
#10906 = VECTOR('',#10907,1.);
#10907 = DIRECTION('',(1.,0.,-0.));
#10908 = PCURVE('',#10775,#10909);
#10909 = DEFINITIONAL_REPRESENTATION('',(#10910),#10914);
#10910 = LINE('',#10911,#10912);
#10911 = CARTESIAN_POINT('',(0.,0.));
#10912 = VECTOR('',#10913,1.);
#10913 = DIRECTION('',(1.,0.));
#10914 = ( GEOMETRIC_REPRESENTATION_CONTEXT(2) 
PARAMETRIC_REPRESENTATION_CONTEXT() REPRESENTATION_CONTEXT('2D SPACE',''
  ) );
#10915 = PCURVE('',#10803,#10916);
#10916 = DEFINITIONAL_REPRESENTATION('',(#10917),#10921);
#10917 = LINE('',#10918,#10919);
#10918 = CARTESIAN_POINT('',(0.,2.));
#10919 = VECTOR('',#10920,1.);
#10920 = DIRECTION('',(1.,0.));
#10921 = ( GEOMETRIC_REPRESENTATION_CONTEXT(2) 
PARAMETRIC_REPRESENTATION_CONTEXT() REPRESENTATION_CONTEXT('2D SPACE',''
  ) );
#10922 = ORIENTED_EDGE('',*,*,#10752,.T.);
#10923 = ORIENTED_EDGE('',*,*,#10924,.T.);
#10924 = EDGE_CURVE('',#10755,#10875,#10925,.T.);
#10925 = SURFACE_CURVE('',#10926,(#10930,#10937),.PCURVE_S1.);
#10926 = LINE('',#10927,#10928);
#10927 = CARTESIAN_POINT('',(12.5,10.,2.15));
#10928 = VECTOR('',#10929,1.);
#10929 = DIRECTION('',(1.,0.,-0.));
#10930 = PCURVE('',#10775,#10931);
#10931 = DEFINITIONAL_REPRESENTATION('',(#10932),#10936);
#10932 = LINE('',#10933,#10934);
#10933 = CARTESIAN_POINT('',(0.,-0.25));
#10934 = VECTOR('',#10935,1.);
#10935 = DIRECTION('',(1.,0.));
#10936 = ( GEOMETRIC_REPRESENTATION_CONTEXT(2) 
PARAMETRIC_REPRESENTATION_CONTEXT() REPRESENTATION_CONTEXT('2D SPACE',''
  ) );
#10937 = PCURVE('',#10857,#10938);
#10938 = DEFINITIONAL_REPRESENTATION('',(#10939),#10943);
#10939 = LINE('',#10940,#10941);
#10940 = CARTESIAN_POINT('',(0.,2.));
#10941 = VECTOR('',#10942,1.);
#10942 = DIRECTION('',(1.,0.));
#10943 = ( GEOMETRIC_REPRESENTATION_CONTEXT(2) 
PARAMETRIC_REPRESENTATION_CONTEXT() REPRESENTATION_CONTEXT('2D SPACE',''
  ) );
#10944 = ADVANCED_FACE('',(#10945),#10890,.F.);
#10945 = FACE_BOUND('',#10946,.F.);
#10946 = EDGE_LOOP('',(#10947,#10948,#10971,#10994));
#10947 = ORIENTED_EDGE('',*,*,#10872,.F.);
#10948 = ORIENTED_EDGE('',*,*,#10949,.F.);
#10949 = EDGE_CURVE('',#10950,#10873,#10952,.T.);
#10950 = VERTEX_POINT('',#10951);
#10951 = CARTESIAN_POINT('',(15.,8.,1.9));
#10952 = SURFACE_CURVE('',#10953,(#10957,#10964),.PCURVE_S1.);
#10953 = LINE('',#10954,#10955);
#10954 = CARTESIAN_POINT('',(15.,8.,1.9));
#10955 = VECTOR('',#10956,1.);
#10956 = DIRECTION('',(-0.,1.,0.));
#10957 = PCURVE('',#10890,#10958);
#10958 = DEFINITIONAL_REPRESENTATION('',(#10959),#10963);
#10959 = LINE('',#10960,#10961);
#10960 = CARTESIAN_POINT('',(0.,0.));
#10961 = VECTOR('',#10962,1.);
#10962 = DIRECTION('',(1.,0.));
#10963 = ( GEOMETRIC_REPRESENTATION_CONTEXT(2) 
PARAMETRIC_REPRESENTATION_CONTEXT() REPRESENTATION_CONTEXT('2D SPACE',''
  ) );
#10964 = PCURVE('',#10803,#10965);
#10965 = DEFINITIONAL_REPRESENTATION('',(#10966),#10970);
#10966 = LINE('',#10967,#10968);
#10967 = CARTESIAN_POINT('',(2.5,0.));
#10968 = VECTOR('',#10969,1.);
#10969 = DIRECTION('',(0.,1.));
#10970 = ( GEOMETRIC_REPRESENTATION_CONTEXT(2) 
PARAMETRIC_REPRESENTATION_CONTEXT() REPRESENTATION_CONTEXT('2D SPACE',''
  ) );
#10971 = ORIENTED_EDGE('',*,*,#10972,.T.);
#10972 = EDGE_CURVE('',#10950,#10973,#10975,.T.);
#10973 = VERTEX_POINT('',#10974);
#10974 = CARTESIAN_POINT('',(15.,8.,2.15));
#10975 = SURFACE_CURVE('',#10976,(#10980,#10987),.PCURVE_S1.);
#10976 = LINE('',#10977,#10978);
#10977 = CARTESIAN_POINT('',(15.,8.,1.9));
#10978 = VECTOR('',#10979,1.);
#10979 = DIRECTION('',(0.,0.,1.));
#10980 = PCURVE('',#10890,#10981);
#10981 = DEFINITIONAL_REPRESENTATION('',(#10982),#10986);
#10982 = LINE('',#10983,#10984);
#10983 = CARTESIAN_POINT('',(0.,0.));
#10984 = VECTOR('',#10985,1.);
#10985 = DIRECTION('',(0.,-1.));
#10986 = ( GEOMETRIC_REPRESENTATION_CONTEXT(2) 
PARAMETRIC_REPRESENTATION_CONTEXT() REPRESENTATION_CONTEXT('2D SPACE',''
  ) );
#10987 = PCURVE('',#10831,#10988);
#10988 = DEFINITIONAL_REPRESENTATION('',(#10989),#10993);
#10989 = LINE('',#10990,#10991);
#10990 = CARTESIAN_POINT('',(2.5,0.));
#10991 = VECTOR('',#10992,1.);
#10992 = DIRECTION('',(0.,-1.));
#10993 = ( GEOMETRIC_REPRESENTATION_CONTEXT(2) 
PARAMETRIC_REPRESENTATION_CONTEXT() REPRESENTATION_CONTEXT('2D SPACE',''
  ) );
#10994 = ORIENTED_EDGE('',*,*,#10995,.T.);
#10995 = EDGE_CURVE('',#10973,#10875,#10996,.T.);
#10996 = SURFACE_CURVE('',#10997,(#11001,#11008),.PCURVE_S1.);
#10997 = LINE('',#10998,#10999);
#10998 = CARTESIAN_POINT('',(15.,8.,2.15));
#10999 = VECTOR('',#11000,1.);
#11000 = DIRECTION('',(-0.,1.,0.));
#11001 = PCURVE('',#10890,#11002);
#11002 = DEFINITIONAL_REPRESENTATION('',(#11003),#11007);
#11003 = LINE('',#11004,#11005);
#11004 = CARTESIAN_POINT('',(0.,-0.25));
#11005 = VECTOR('',#11006,1.);
#11006 = DIRECTION('',(1.,0.));
#11007 = ( GEOMETRIC_REPRESENTATION_CONTEXT(2) 
PARAMETRIC_REPRESENTATION_CONTEXT() REPRESENTATION_CONTEXT('2D SPACE',''
  ) );
#11008 = PCURVE('',#10857,#11009);
#11009 = DEFINITIONAL_REPRESENTATION('',(#11010),#11014);
#11010 = LINE('',#11011,#11012);
#11011 = CARTESIAN_POINT('',(2.5,0.));
#11012 = VECTOR('',#11013,1.);
#11013 = DIRECTION('',(0.,1.));
#11014 = ( GEOMETRIC_REPRESENTATION_CONTEXT(2) 
PARAMETRIC_REPRESENTATION_CONTEXT() REPRESENTATION_CONTEXT('2D SPACE',''
  ) );
#11015 = ADVANCED_FACE('',(#11016),#10831,.F.);
#11016 = FACE_BOUND('',#11017,.F.);
#11017 = EDGE_LOOP('',(#11018,#11019,#11040,#11041));
#11018 = ORIENTED_EDGE('',*,*,#10972,.F.);
#11019 = ORIENTED_EDGE('',*,*,#11020,.F.);
#11020 = EDGE_CURVE('',#10788,#10950,#11021,.T.);
#11021 = SURFACE_CURVE('',#11022,(#11026,#11033),.PCURVE_S1.);
#11022 = LINE('',#11023,#11024);
#11023 = CARTESIAN_POINT('',(12.5,8.,1.9));
#11024 = VECTOR('',#11025,1.);
#11025 = DIRECTION('',(1.,0.,-0.));
#11026 = PCURVE('',#10831,#11027);
#11027 = DEFINITIONAL_REPRESENTATION('',(#11028),#11032);
#11028 = LINE('',#11029,#11030);
#11029 = CARTESIAN_POINT('',(0.,0.));
#11030 = VECTOR('',#11031,1.);
#11031 = DIRECTION('',(1.,0.));
#11032 = ( GEOMETRIC_REPRESENTATION_CONTEXT(2) 
PARAMETRIC_REPRESENTATION_CONTEXT() REPRESENTATION_CONTEXT('2D SPACE',''
  ) );
#11033 = PCURVE('',#10803,#11034);
#11034 = DEFINITIONAL_REPRESENTATION('',(#11035),#11039);
#11035 = LINE('',#11036,#11037);
#11036 = CARTESIAN_POINT('',(0.,0.));
#11037 = VECTOR('',#11038,1.);
#11038 = DIRECTION('',(1.,0.));
#11039 = ( GEOMETRIC_REPRESENTATION_CONTEXT(2) 
PARAMETRIC_REPRESENTATION_CONTEXT() REPRESENTATION_CONTEXT('2D SPACE',''
  ) );
#11040 = ORIENTED_EDGE('',*,*,#10815,.T.);
#11041 = ORIENTED_EDGE('',*,*,#11042,.T.);
#11042 = EDGE_CURVE('',#10816,#10973,#11043,.T.);
#11043 = SURFACE_CURVE('',#11044,(#11048,#11055),.PCURVE_S1.);
#11044 = LINE('',#11045,#11046);
#11045 = CARTESIAN_POINT('',(12.5,8.,2.15));
#11046 = VECTOR('',#11047,1.);
#11047 = DIRECTION('',(1.,0.,-0.));
#11048 = PCURVE('',#10831,#11049);
#11049 = DEFINITIONAL_REPRESENTATION('',(#11050),#11054);
#11050 = LINE('',#11051,#11052);
#11051 = CARTESIAN_POINT('',(0.,-0.25));
#11052 = VECTOR('',#11053,1.);
#11053 = DIRECTION('',(1.,0.));
#11054 = ( GEOMETRIC_REPRESENTATION_CONTEXT(2) 
PARAMETRIC_REPRESENTATION_CONTEXT() REPRESENTATION_CONTEXT('2D SPACE',''
  ) );
#11055 = PCURVE('',#10857,#11056);
#11056 = DEFINITIONAL_REPRESENTATION('',(#11057),#11061);
#11057 = LINE('',#11058,#11059);
#11058 = CARTESIAN_POINT('',(0.,0.));
#11059 = VECTOR('',#11060,1.);
#11060 = DIRECTION('',(1.,0.));
#11061 = ( GEOMETRIC_REPRESENTATION_CONTEXT(2) 
PARAMETRIC_REPRESENTATION_CONTEXT() REPRESENTATION_CONTEXT('2D SPACE',''
  ) );
#11062 = ADVANCED_FACE('',(#11063),#10803,.F.);
#11063 = FACE_BOUND('',#11064,.F.);
#11064 = EDGE_LOOP('',(#11065,#11066,#11067,#11068));
#11065 = ORIENTED_EDGE('',*,*,#10787,.F.);
#11066 = ORIENTED_EDGE('',*,*,#11020,.T.);
#11067 = ORIENTED_EDGE('',*,*,#10949,.T.);
#11068 = ORIENTED_EDGE('',*,*,#10902,.F.);
#11069 = ADVANCED_FACE('',(#11070),#10857,.T.);
#11070 = FACE_BOUND('',#11071,.T.);
#11071 = EDGE_LOOP('',(#11072,#11073,#11074,#11075));
#11072 = ORIENTED_EDGE('',*,*,#10843,.F.);
#11073 = ORIENTED_EDGE('',*,*,#11042,.T.);
#11074 = ORIENTED_EDGE('',*,*,#10995,.T.);
#11075 = ORIENTED_EDGE('',*,*,#10924,.F.);
#11076 = ( GEOMETRIC_REPRESENTATION_CONTEXT(3) 
GLOBAL_UNCERTAINTY_ASSIGNED_CONTEXT((#11080)) 
GLOBAL_UNIT_ASSIGNED_CONTEXT((#11077,#11078,#11079)) 
REPRESENTATION_CONTEXT('Context #1',
  '3D Context with UNIT and UNCERTAINTY') );
#11077 = ( LENGTH_UNIT() NAMED_UNIT(*) SI_UNIT(.MILLI.,.METRE.) );
#11078 = ( NAMED_UNIT(*) PLANE_ANGLE_UNIT() SI_UNIT($,.RADIAN.) );
#11079 = ( NAMED_UNIT(*) SI_UNIT($,.STERADIAN.) SOLID_ANGLE_UNIT() );
#11080 = UNCERTAINTY_MEASURE_WITH_UNIT(LENGTH_MEASURE(1.E-07),#11077,
  'distance_accuracy_value','confusion accuracy');
#11081 = CONTEXT_DEPENDENT_SHAPE_REPRESENTATION(#11082,#11084);
#11082 = ( REPRESENTATION_RELATIONSHIP('','',#10745,#10714) 
REPRESENTATION_RELATIONSHIP_WITH_TRANSFORMATION(#11083) 
SHAPE_REPRESENTATION_RELATIONSHIP() );
#11083 = ITEM_DEFINED_TRANSFORMATION('','',#11,#10715);
#11084 = PRODUCT_DEFINITION_SHAPE('Placement','Placement of an item',
  #11085);
#11085 = NEXT_ASSEMBLY_USAGE_OCCURRENCE('48','=>[0:1:1:33]','',#10709,
  #10740,$);
#11086 = PRODUCT_RELATED_PRODUCT_CATEGORY('part',$,(#10742));
#11087 = SHAPE_DEFINITION_REPRESENTATION(#11088,#11094);
#11088 = PRODUCT_DEFINITION_SHAPE('','',#11089);
#11089 = PRODUCT_DEFINITION('design','',#11090,#11093);
#11090 = PRODUCT_DEFINITION_FORMATION('','',#11091);
#11091 = PRODUCT('SOLID','SOLID','',(#11092));
#11092 = PRODUCT_CONTEXT('',#2,'mechanical');
#11093 = PRODUCT_DEFINITION_CONTEXT('part definition',#2,'design');
#11094 = ADVANCED_BREP_SHAPE_REPRESENTATION('',(#11,#11095),#11425);
#11095 = MANIFOLD_SOLID_BREP('',#11096);
#11096 = CLOSED_SHELL('',(#11097,#11217,#11293,#11364,#11411,#11418));
#11097 = ADVANCED_FACE('',(#11098),#11112,.T.);
#11098 = FACE_BOUND('',#11099,.T.);
#11099 = EDGE_LOOP('',(#11100,#11135,#11163,#11191));
#11100 = ORIENTED_EDGE('',*,*,#11101,.F.);
#11101 = EDGE_CURVE('',#11102,#11104,#11106,.T.);
#11102 = VERTEX_POINT('',#11103);
#11103 = CARTESIAN_POINT('',(12.5,7.,1.9));
#11104 = VERTEX_POINT('',#11105);
#11105 = CARTESIAN_POINT('',(12.5,7.,2.15));
#11106 = SURFACE_CURVE('',#11107,(#11111,#11123),.PCURVE_S1.);
#11107 = LINE('',#11108,#11109);
#11108 = CARTESIAN_POINT('',(12.5,7.,1.9));
#11109 = VECTOR('',#11110,1.);
#11110 = DIRECTION('',(0.,0.,1.));
#11111 = PCURVE('',#11112,#11117);
#11112 = PLANE('',#11113);
#11113 = AXIS2_PLACEMENT_3D('',#11114,#11115,#11116);
#11114 = CARTESIAN_POINT('',(12.5,5.,1.9));
#11115 = DIRECTION('',(-1.,-0.,0.));
#11116 = DIRECTION('',(-0.,1.,0.));
#11117 = DEFINITIONAL_REPRESENTATION('',(#11118),#11122);
#11118 = LINE('',#11119,#11120);
#11119 = CARTESIAN_POINT('',(2.,0.));
#11120 = VECTOR('',#11121,1.);
#11121 = DIRECTION('',(0.,-1.));
#11122 = ( GEOMETRIC_REPRESENTATION_CONTEXT(2) 
PARAMETRIC_REPRESENTATION_CONTEXT() REPRESENTATION_CONTEXT('2D SPACE',''
  ) );
#11123 = PCURVE('',#11124,#11129);
#11124 = PLANE('',#11125);
#11125 = AXIS2_PLACEMENT_3D('',#11126,#11127,#11128);
#11126 = CARTESIAN_POINT('',(12.5,7.,1.9));
#11127 = DIRECTION('',(-0.,1.,0.));
#11128 = DIRECTION('',(1.,0.,-0.));
#11129 = DEFINITIONAL_REPRESENTATION('',(#11130),#11134);
#11130 = LINE('',#11131,#11132);
#11131 = CARTESIAN_POINT('',(0.,0.));
#11132 = VECTOR('',#11133,1.);
#11133 = DIRECTION('',(0.,-1.));
#11134 = ( GEOMETRIC_REPRESENTATION_CONTEXT(2) 
PARAMETRIC_REPRESENTATION_CONTEXT() REPRESENTATION_CONTEXT('2D SPACE',''
  ) );
#11135 = ORIENTED_EDGE('',*,*,#11136,.F.);
#11136 = EDGE_CURVE('',#11137,#11102,#11139,.T.);
#11137 = VERTEX_POINT('',#11138);
#11138 = CARTESIAN_POINT('',(12.5,5.,1.9));
#11139 = SURFACE_CURVE('',#11140,(#11144,#11151),.PCURVE_S1.);
#11140 = LINE('',#11141,#11142);
#11141 = CARTESIAN_POINT('',(12.5,5.,1.9));
#11142 = VECTOR('',#11143,1.);
#11143 = DIRECTION('',(-0.,1.,0.));
#11144 = PCURVE('',#11112,#11145);
#11145 = DEFINITIONAL_REPRESENTATION('',(#11146),#11150);
#11146 = LINE('',#11147,#11148);
#11147 = CARTESIAN_POINT('',(0.,0.));
#11148 = VECTOR('',#11149,1.);
#11149 = DIRECTION('',(1.,0.));
#11150 = ( GEOMETRIC_REPRESENTATION_CONTEXT(2) 
PARAMETRIC_REPRESENTATION_CONTEXT() REPRESENTATION_CONTEXT('2D SPACE',''
  ) );
#11151 = PCURVE('',#11152,#11157);
#11152 = PLANE('',#11153);
#11153 = AXIS2_PLACEMENT_3D('',#11154,#11155,#11156);
#11154 = CARTESIAN_POINT('',(12.5,5.,1.9));
#11155 = DIRECTION('',(0.,0.,1.));
#11156 = DIRECTION('',(1.,0.,-0.));
#11157 = DEFINITIONAL_REPRESENTATION('',(#11158),#11162);
#11158 = LINE('',#11159,#11160);
#11159 = CARTESIAN_POINT('',(0.,0.));
#11160 = VECTOR('',#11161,1.);
#11161 = DIRECTION('',(0.,1.));
#11162 = ( GEOMETRIC_REPRESENTATION_CONTEXT(2) 
PARAMETRIC_REPRESENTATION_CONTEXT() REPRESENTATION_CONTEXT('2D SPACE',''
  ) );
#11163 = ORIENTED_EDGE('',*,*,#11164,.T.);
#11164 = EDGE_CURVE('',#11137,#11165,#11167,.T.);
#11165 = VERTEX_POINT('',#11166);
#11166 = CARTESIAN_POINT('',(12.5,5.,2.15));
#11167 = SURFACE_CURVE('',#11168,(#11172,#11179),.PCURVE_S1.);
#11168 = LINE('',#11169,#11170);
#11169 = CARTESIAN_POINT('',(12.5,5.,1.9));
#11170 = VECTOR('',#11171,1.);
#11171 = DIRECTION('',(0.,0.,1.));
#11172 = PCURVE('',#11112,#11173);
#11173 = DEFINITIONAL_REPRESENTATION('',(#11174),#11178);
#11174 = LINE('',#11175,#11176);
#11175 = CARTESIAN_POINT('',(0.,0.));
#11176 = VECTOR('',#11177,1.);
#11177 = DIRECTION('',(0.,-1.));
#11178 = ( GEOMETRIC_REPRESENTATION_CONTEXT(2) 
PARAMETRIC_REPRESENTATION_CONTEXT() REPRESENTATION_CONTEXT('2D SPACE',''
  ) );
#11179 = PCURVE('',#11180,#11185);
#11180 = PLANE('',#11181);
#11181 = AXIS2_PLACEMENT_3D('',#11182,#11183,#11184);
#11182 = CARTESIAN_POINT('',(12.5,5.,1.9));
#11183 = DIRECTION('',(-0.,1.,0.));
#11184 = DIRECTION('',(1.,0.,-0.));
#11185 = DEFINITIONAL_REPRESENTATION('',(#11186),#11190);
#11186 = LINE('',#11187,#11188);
#11187 = CARTESIAN_POINT('',(0.,0.));
#11188 = VECTOR('',#11189,1.);
#11189 = DIRECTION('',(0.,-1.));
#11190 = ( GEOMETRIC_REPRESENTATION_CONTEXT(2) 
PARAMETRIC_REPRESENTATION_CONTEXT() REPRESENTATION_CONTEXT('2D SPACE',''
  ) );
#11191 = ORIENTED_EDGE('',*,*,#11192,.T.);
#11192 = EDGE_CURVE('',#11165,#11104,#11193,.T.);
#11193 = SURFACE_CURVE('',#11194,(#11198,#11205),.PCURVE_S1.);
#11194 = LINE('',#11195,#11196);
#11195 = CARTESIAN_POINT('',(12.5,5.,2.15));
#11196 = VECTOR('',#11197,1.);
#11197 = DIRECTION('',(-0.,1.,0.));
#11198 = PCURVE('',#11112,#11199);
#11199 = DEFINITIONAL_REPRESENTATION('',(#11200),#11204);
#11200 = LINE('',#11201,#11202);
#11201 = CARTESIAN_POINT('',(0.,-0.25));
#11202 = VECTOR('',#11203,1.);
#11203 = DIRECTION('',(1.,0.));
#11204 = ( GEOMETRIC_REPRESENTATION_CONTEXT(2) 
PARAMETRIC_REPRESENTATION_CONTEXT() REPRESENTATION_CONTEXT('2D SPACE',''
  ) );
#11205 = PCURVE('',#11206,#11211);
#11206 = PLANE('',#11207);
#11207 = AXIS2_PLACEMENT_3D('',#11208,#11209,#11210);
#11208 = CARTESIAN_POINT('',(12.5,5.,2.15));
#11209 = DIRECTION('',(0.,0.,1.));
#11210 = DIRECTION('',(1.,0.,-0.));
#11211 = DEFINITIONAL_REPRESENTATION('',(#11212),#11216);
#11212 = LINE('',#11213,#11214);
#11213 = CARTESIAN_POINT('',(0.,0.));
#11214 = VECTOR('',#11215,1.);
#11215 = DIRECTION('',(0.,1.));
#11216 = ( GEOMETRIC_REPRESENTATION_CONTEXT(2) 
PARAMETRIC_REPRESENTATION_CONTEXT() REPRESENTATION_CONTEXT('2D SPACE',''
  ) );
#11217 = ADVANCED_FACE('',(#11218),#11124,.T.);
#11218 = FACE_BOUND('',#11219,.T.);
#11219 = EDGE_LOOP('',(#11220,#11250,#11271,#11272));
#11220 = ORIENTED_EDGE('',*,*,#11221,.F.);
#11221 = EDGE_CURVE('',#11222,#11224,#11226,.T.);
#11222 = VERTEX_POINT('',#11223);
#11223 = CARTESIAN_POINT('',(15.,7.,1.9));
#11224 = VERTEX_POINT('',#11225);
#11225 = CARTESIAN_POINT('',(15.,7.,2.15));
#11226 = SURFACE_CURVE('',#11227,(#11231,#11238),.PCURVE_S1.);
#11227 = LINE('',#11228,#11229);
#11228 = CARTESIAN_POINT('',(15.,7.,1.9));
#11229 = VECTOR('',#11230,1.);
#11230 = DIRECTION('',(0.,0.,1.));
#11231 = PCURVE('',#11124,#11232);
#11232 = DEFINITIONAL_REPRESENTATION('',(#11233),#11237);
#11233 = LINE('',#11234,#11235);
#11234 = CARTESIAN_POINT('',(2.5,0.));
#11235 = VECTOR('',#11236,1.);
#11236 = DIRECTION('',(0.,-1.));
#11237 = ( GEOMETRIC_REPRESENTATION_CONTEXT(2) 
PARAMETRIC_REPRESENTATION_CONTEXT() REPRESENTATION_CONTEXT('2D SPACE',''
  ) );
#11238 = PCURVE('',#11239,#11244);
#11239 = PLANE('',#11240);
#11240 = AXIS2_PLACEMENT_3D('',#11241,#11242,#11243);
#11241 = CARTESIAN_POINT('',(15.,5.,1.9));
#11242 = DIRECTION('',(-1.,-0.,0.));
#11243 = DIRECTION('',(-0.,1.,0.));
#11244 = DEFINITIONAL_REPRESENTATION('',(#11245),#11249);
#11245 = LINE('',#11246,#11247);
#11246 = CARTESIAN_POINT('',(2.,0.));
#11247 = VECTOR('',#11248,1.);
#11248 = DIRECTION('',(0.,-1.));
#11249 = ( GEOMETRIC_REPRESENTATION_CONTEXT(2) 
PARAMETRIC_REPRESENTATION_CONTEXT() REPRESENTATION_CONTEXT('2D SPACE',''
  ) );
#11250 = ORIENTED_EDGE('',*,*,#11251,.F.);
#11251 = EDGE_CURVE('',#11102,#11222,#11252,.T.);
#11252 = SURFACE_CURVE('',#11253,(#11257,#11264),.PCURVE_S1.);
#11253 = LINE('',#11254,#11255);
#11254 = CARTESIAN_POINT('',(12.5,7.,1.9));
#11255 = VECTOR('',#11256,1.);
#11256 = DIRECTION('',(1.,0.,-0.));
#11257 = PCURVE('',#11124,#11258);
#11258 = DEFINITIONAL_REPRESENTATION('',(#11259),#11263);
#11259 = LINE('',#11260,#11261);
#11260 = CARTESIAN_POINT('',(0.,0.));
#11261 = VECTOR('',#11262,1.);
#11262 = DIRECTION('',(1.,0.));
#11263 = ( GEOMETRIC_REPRESENTATION_CONTEXT(2) 
PARAMETRIC_REPRESENTATION_CONTEXT() REPRESENTATION_CONTEXT('2D SPACE',''
  ) );
#11264 = PCURVE('',#11152,#11265);
#11265 = DEFINITIONAL_REPRESENTATION('',(#11266),#11270);
#11266 = LINE('',#11267,#11268);
#11267 = CARTESIAN_POINT('',(0.,2.));
#11268 = VECTOR('',#11269,1.);
#11269 = DIRECTION('',(1.,0.));
#11270 = ( GEOMETRIC_REPRESENTATION_CONTEXT(2) 
PARAMETRIC_REPRESENTATION_CONTEXT() REPRESENTATION_CONTEXT('2D SPACE',''
  ) );
#11271 = ORIENTED_EDGE('',*,*,#11101,.T.);
#11272 = ORIENTED_EDGE('',*,*,#11273,.T.);
#11273 = EDGE_CURVE('',#11104,#11224,#11274,.T.);
#11274 = SURFACE_CURVE('',#11275,(#11279,#11286),.PCURVE_S1.);
#11275 = LINE('',#11276,#11277);
#11276 = CARTESIAN_POINT('',(12.5,7.,2.15));
#11277 = VECTOR('',#11278,1.);
#11278 = DIRECTION('',(1.,0.,-0.));
#11279 = PCURVE('',#11124,#11280);
#11280 = DEFINITIONAL_REPRESENTATION('',(#11281),#11285);
#11281 = LINE('',#11282,#11283);
#11282 = CARTESIAN_POINT('',(0.,-0.25));
#11283 = VECTOR('',#11284,1.);
#11284 = DIRECTION('',(1.,0.));
#11285 = ( GEOMETRIC_REPRESENTATION_CONTEXT(2) 
PARAMETRIC_REPRESENTATION_CONTEXT() REPRESENTATION_CONTEXT('2D SPACE',''
  ) );
#11286 = PCURVE('',#11206,#11287);
#11287 = DEFINITIONAL_REPRESENTATION('',(#11288),#11292);
#11288 = LINE('',#11289,#11290);
#11289 = CARTESIAN_POINT('',(0.,2.));
#11290 = VECTOR('',#11291,1.);
#11291 = DIRECTION('',(1.,0.));
#11292 = ( GEOMETRIC_REPRESENTATION_CONTEXT(2) 
PARAMETRIC_REPRESENTATION_CONTEXT() REPRESENTATION_CONTEXT('2D SPACE',''
  ) );
#11293 = ADVANCED_FACE('',(#11294),#11239,.F.);
#11294 = FACE_BOUND('',#11295,.F.);
#11295 = EDGE_LOOP('',(#11296,#11297,#11320,#11343));
#11296 = ORIENTED_EDGE('',*,*,#11221,.F.);
#11297 = ORIENTED_EDGE('',*,*,#11298,.F.);
#11298 = EDGE_CURVE('',#11299,#11222,#11301,.T.);
#11299 = VERTEX_POINT('',#11300);
#11300 = CARTESIAN_POINT('',(15.,5.,1.9));
#11301 = SURFACE_CURVE('',#11302,(#11306,#11313),.PCURVE_S1.);
#11302 = LINE('',#11303,#11304);
#11303 = CARTESIAN_POINT('',(15.,5.,1.9));
#11304 = VECTOR('',#11305,1.);
#11305 = DIRECTION('',(-0.,1.,0.));
#11306 = PCURVE('',#11239,#11307);
#11307 = DEFINITIONAL_REPRESENTATION('',(#11308),#11312);
#11308 = LINE('',#11309,#11310);
#11309 = CARTESIAN_POINT('',(0.,0.));
#11310 = VECTOR('',#11311,1.);
#11311 = DIRECTION('',(1.,0.));
#11312 = ( GEOMETRIC_REPRESENTATION_CONTEXT(2) 
PARAMETRIC_REPRESENTATION_CONTEXT() REPRESENTATION_CONTEXT('2D SPACE',''
  ) );
#11313 = PCURVE('',#11152,#11314);
#11314 = DEFINITIONAL_REPRESENTATION('',(#11315),#11319);
#11315 = LINE('',#11316,#11317);
#11316 = CARTESIAN_POINT('',(2.5,0.));
#11317 = VECTOR('',#11318,1.);
#11318 = DIRECTION('',(0.,1.));
#11319 = ( GEOMETRIC_REPRESENTATION_CONTEXT(2) 
PARAMETRIC_REPRESENTATION_CONTEXT() REPRESENTATION_CONTEXT('2D SPACE',''
  ) );
#11320 = ORIENTED_EDGE('',*,*,#11321,.T.);
#11321 = EDGE_CURVE('',#11299,#11322,#11324,.T.);
#11322 = VERTEX_POINT('',#11323);
#11323 = CARTESIAN_POINT('',(15.,5.,2.15));
#11324 = SURFACE_CURVE('',#11325,(#11329,#11336),.PCURVE_S1.);
#11325 = LINE('',#11326,#11327);
#11326 = CARTESIAN_POINT('',(15.,5.,1.9));
#11327 = VECTOR('',#11328,1.);
#11328 = DIRECTION('',(0.,0.,1.));
#11329 = PCURVE('',#11239,#11330);
#11330 = DEFINITIONAL_REPRESENTATION('',(#11331),#11335);
#11331 = LINE('',#11332,#11333);
#11332 = CARTESIAN_POINT('',(0.,0.));
#11333 = VECTOR('',#11334,1.);
#11334 = DIRECTION('',(0.,-1.));
#11335 = ( GEOMETRIC_REPRESENTATION_CONTEXT(2) 
PARAMETRIC_REPRESENTATION_CONTEXT() REPRESENTATION_CONTEXT('2D SPACE',''
  ) );
#11336 = PCURVE('',#11180,#11337);
#11337 = DEFINITIONAL_REPRESENTATION('',(#11338),#11342);
#11338 = LINE('',#11339,#11340);
#11339 = CARTESIAN_POINT('',(2.5,0.));
#11340 = VECTOR('',#11341,1.);
#11341 = DIRECTION('',(0.,-1.));
#11342 = ( GEOMETRIC_REPRESENTATION_CONTEXT(2) 
PARAMETRIC_REPRESENTATION_CONTEXT() REPRESENTATION_CONTEXT('2D SPACE',''
  ) );
#11343 = ORIENTED_EDGE('',*,*,#11344,.T.);
#11344 = EDGE_CURVE('',#11322,#11224,#11345,.T.);
#11345 = SURFACE_CURVE('',#11346,(#11350,#11357),.PCURVE_S1.);
#11346 = LINE('',#11347,#11348);
#11347 = CARTESIAN_POINT('',(15.,5.,2.15));
#11348 = VECTOR('',#11349,1.);
#11349 = DIRECTION('',(-0.,1.,0.));
#11350 = PCURVE('',#11239,#11351);
#11351 = DEFINITIONAL_REPRESENTATION('',(#11352),#11356);
#11352 = LINE('',#11353,#11354);
#11353 = CARTESIAN_POINT('',(0.,-0.25));
#11354 = VECTOR('',#11355,1.);
#11355 = DIRECTION('',(1.,0.));
#11356 = ( GEOMETRIC_REPRESENTATION_CONTEXT(2) 
PARAMETRIC_REPRESENTATION_CONTEXT() REPRESENTATION_CONTEXT('2D SPACE',''
  ) );
#11357 = PCURVE('',#11206,#11358);
#11358 = DEFINITIONAL_REPRESENTATION('',(#11359),#11363);
#11359 = LINE('',#11360,#11361);
#11360 = CARTESIAN_POINT('',(2.5,0.));
#11361 = VECTOR('',#11362,1.);
#11362 = DIRECTION('',(0.,1.));
#11363 = ( GEOMETRIC_REPRESENTATION_CONTEXT(2) 
PARAMETRIC_REPRESENTATION_CONTEXT() REPRESENTATION_CONTEXT('2D SPACE',''
  ) );
#11364 = ADVANCED_FACE('',(#11365),#11180,.F.);
#11365 = FACE_BOUND('',#11366,.F.);
#11366 = EDGE_LOOP('',(#11367,#11368,#11389,#11390));
#11367 = ORIENTED_EDGE('',*,*,#11321,.F.);
#11368 = ORIENTED_EDGE('',*,*,#11369,.F.);
#11369 = EDGE_CURVE('',#11137,#11299,#11370,.T.);
#11370 = SURFACE_CURVE('',#11371,(#11375,#11382),.PCURVE_S1.);
#11371 = LINE('',#11372,#11373);
#11372 = CARTESIAN_POINT('',(12.5,5.,1.9));
#11373 = VECTOR('',#11374,1.);
#11374 = DIRECTION('',(1.,0.,-0.));
#11375 = PCURVE('',#11180,#11376);
#11376 = DEFINITIONAL_REPRESENTATION('',(#11377),#11381);
#11377 = LINE('',#11378,#11379);
#11378 = CARTESIAN_POINT('',(0.,0.));
#11379 = VECTOR('',#11380,1.);
#11380 = DIRECTION('',(1.,0.));
#11381 = ( GEOMETRIC_REPRESENTATION_CONTEXT(2) 
PARAMETRIC_REPRESENTATION_CONTEXT() REPRESENTATION_CONTEXT('2D SPACE',''
  ) );
#11382 = PCURVE('',#11152,#11383);
#11383 = DEFINITIONAL_REPRESENTATION('',(#11384),#11388);
#11384 = LINE('',#11385,#11386);
#11385 = CARTESIAN_POINT('',(0.,0.));
#11386 = VECTOR('',#11387,1.);
#11387 = DIRECTION('',(1.,0.));
#11388 = ( GEOMETRIC_REPRESENTATION_CONTEXT(2) 
PARAMETRIC_REPRESENTATION_CONTEXT() REPRESENTATION_CONTEXT('2D SPACE',''
  ) );
#11389 = ORIENTED_EDGE('',*,*,#11164,.T.);
#11390 = ORIENTED_EDGE('',*,*,#11391,.T.);
#11391 = EDGE_CURVE('',#11165,#11322,#11392,.T.);
#11392 = SURFACE_CURVE('',#11393,(#11397,#11404),.PCURVE_S1.);
#11393 = LINE('',#11394,#11395);
#11394 = CARTESIAN_POINT('',(12.5,5.,2.15));
#11395 = VECTOR('',#11396,1.);
#11396 = DIRECTION('',(1.,0.,-0.));
#11397 = PCURVE('',#11180,#11398);
#11398 = DEFINITIONAL_REPRESENTATION('',(#11399),#11403);
#11399 = LINE('',#11400,#11401);
#11400 = CARTESIAN_POINT('',(0.,-0.25));
#11401 = VECTOR('',#11402,1.);
#11402 = DIRECTION('',(1.,0.));
#11403 = ( GEOMETRIC_REPRESENTATION_CONTEXT(2) 
PARAMETRIC_REPRESENTATION_CONTEXT() REPRESENTATION_CONTEXT('2D SPACE',''
  ) );
#11404 = PCURVE('',#11206,#11405);
#11405 = DEFINITIONAL_REPRESENTATION('',(#11406),#11410);
#11406 = LINE('',#11407,#11408);
#11407 = CARTESIAN_POINT('',(0.,0.));
#11408 = VECTOR('',#11409,1.);
#11409 = DIRECTION('',(1.,0.));
#11410 = ( GEOMETRIC_REPRESENTATION_CONTEXT(2) 
PARAMETRIC_REPRESENTATION_CONTEXT() REPRESENTATION_CONTEXT('2D SPACE',''
  ) );
#11411 = ADVANCED_FACE('',(#11412),#11152,.F.);
#11412 = FACE_BOUND('',#11413,.F.);
#11413 = EDGE_LOOP('',(#11414,#11415,#11416,#11417));
#11414 = ORIENTED_EDGE('',*,*,#11136,.F.);
#11415 = ORIENTED_EDGE('',*,*,#11369,.T.);
#11416 = ORIENTED_EDGE('',*,*,#11298,.T.);
#11417 = ORIENTED_EDGE('',*,*,#11251,.F.);
#11418 = ADVANCED_FACE('',(#11419),#11206,.T.);
#11419 = FACE_BOUND('',#11420,.T.);
#11420 = EDGE_LOOP('',(#11421,#11422,#11423,#11424));
#11421 = ORIENTED_EDGE('',*,*,#11192,.F.);
#11422 = ORIENTED_EDGE('',*,*,#11391,.T.);
#11423 = ORIENTED_EDGE('',*,*,#11344,.T.);
#11424 = ORIENTED_EDGE('',*,*,#11273,.F.);
#11425 = ( GEOMETRIC_REPRESENTATION_CONTEXT(3) 
GLOBAL_UNCERTAINTY_ASSIGNED_CONTEXT((#11429)) 
GLOBAL_UNIT_ASSIGNED_CONTEXT((#11426,#11427,#11428)) 
REPRESENTATION_CONTEXT('Context #1',
  '3D Context with UNIT and UNCERTAINTY') );
#11426 = ( LENGTH_UNIT() NAMED_UNIT(*) SI_UNIT(.MILLI.,.METRE.) );
#11427 = ( NAMED_UNIT(*) PLANE_ANGLE_UNIT() SI_UNIT($,.RADIAN.) );
#11428 = ( NAMED_UNIT(*) SI_UNIT($,.STERADIAN.) SOLID_ANGLE_UNIT() );
#11429 = UNCERTAINTY_MEASURE_WITH_UNIT(LENGTH_MEASURE(1.E-07),#11426,
  'distance_accuracy_value','confusion accuracy');
#11430 = CONTEXT_DEPENDENT_SHAPE_REPRESENTATION(#11431,#11433);
#11431 = ( REPRESENTATION_RELATIONSHIP('','',#11094,#10714) 
REPRESENTATION_RELATIONSHIP_WITH_TRANSFORMATION(#11432) 
SHAPE_REPRESENTATION_RELATIONSHIP() );
#11432 = ITEM_DEFINED_TRANSFORMATION('','',#11,#10719);
#11433 = PRODUCT_DEFINITION_SHAPE('Placement','Placement of an item',
  #11434);
#11434 = NEXT_ASSEMBLY_USAGE_OCCURRENCE('49','=>[0:1:1:34]','',#10709,
  #11089,$);
#11435 = PRODUCT_RELATED_PRODUCT_CATEGORY('part',$,(#11091));
#11436 = SHAPE_DEFINITION_REPRESENTATION(#11437,#11443);
#11437 = PRODUCT_DEFINITION_SHAPE('','',#11438);
#11438 = PRODUCT_DEFINITION('design','',#11439,#11442);
#11439 = PRODUCT_DEFINITION_FORMATION('','',#11440);
#11440 = PRODUCT('SOLID','SOLID','',(#11441));
#11441 = PRODUCT_CONTEXT('',#2,'mechanical');
#11442 = PRODUCT_DEFINITION_CONTEXT('part definition',#2,'design');
#11443 = ADVANCED_BREP_SHAPE_REPRESENTATION('',(#11,#11444),#11774);
#11444 = MANIFOLD_SOLID_BREP('',#11445);
#11445 = CLOSED_SHELL('',(#11446,#11566,#11642,#11713,#11760,#11767));
#11446 = ADVANCED_FACE('',(#11447),#11461,.T.);
#11447 = FACE_BOUND('',#11448,.T.);
#11448 = EDGE_LOOP('',(#11449,#11484,#11512,#11540));
#11449 = ORIENTED_EDGE('',*,*,#11450,.F.);
#11450 = EDGE_CURVE('',#11451,#11453,#11455,.T.);
#11451 = VERTEX_POINT('',#11452);
#11452 = CARTESIAN_POINT('',(12.5,4.,1.9));
#11453 = VERTEX_POINT('',#11454);
#11454 = CARTESIAN_POINT('',(12.5,4.,2.15));
#11455 = SURFACE_CURVE('',#11456,(#11460,#11472),.PCURVE_S1.);
#11456 = LINE('',#11457,#11458);
#11457 = CARTESIAN_POINT('',(12.5,4.,1.9));
#11458 = VECTOR('',#11459,1.);
#11459 = DIRECTION('',(0.,0.,1.));
#11460 = PCURVE('',#11461,#11466);
#11461 = PLANE('',#11462);
#11462 = AXIS2_PLACEMENT_3D('',#11463,#11464,#11465);
#11463 = CARTESIAN_POINT('',(12.5,2.,1.9));
#11464 = DIRECTION('',(-1.,-0.,0.));
#11465 = DIRECTION('',(-0.,1.,0.));
#11466 = DEFINITIONAL_REPRESENTATION('',(#11467),#11471);
#11467 = LINE('',#11468,#11469);
#11468 = CARTESIAN_POINT('',(2.,0.));
#11469 = VECTOR('',#11470,1.);
#11470 = DIRECTION('',(0.,-1.));
#11471 = ( GEOMETRIC_REPRESENTATION_CONTEXT(2) 
PARAMETRIC_REPRESENTATION_CONTEXT() REPRESENTATION_CONTEXT('2D SPACE',''
  ) );
#11472 = PCURVE('',#11473,#11478);
#11473 = PLANE('',#11474);
#11474 = AXIS2_PLACEMENT_3D('',#11475,#11476,#11477);
#11475 = CARTESIAN_POINT('',(12.5,4.,1.9));
#11476 = DIRECTION('',(-0.,1.,0.));
#11477 = DIRECTION('',(1.,0.,-0.));
#11478 = DEFINITIONAL_REPRESENTATION('',(#11479),#11483);
#11479 = LINE('',#11480,#11481);
#11480 = CARTESIAN_POINT('',(0.,0.));
#11481 = VECTOR('',#11482,1.);
#11482 = DIRECTION('',(0.,-1.));
#11483 = ( GEOMETRIC_REPRESENTATION_CONTEXT(2) 
PARAMETRIC_REPRESENTATION_CONTEXT() REPRESENTATION_CONTEXT('2D SPACE',''
  ) );
#11484 = ORIENTED_EDGE('',*,*,#11485,.F.);
#11485 = EDGE_CURVE('',#11486,#11451,#11488,.T.);
#11486 = VERTEX_POINT('',#11487);
#11487 = CARTESIAN_POINT('',(12.5,2.,1.9));
#11488 = SURFACE_CURVE('',#11489,(#11493,#11500),.PCURVE_S1.);
#11489 = LINE('',#11490,#11491);
#11490 = CARTESIAN_POINT('',(12.5,2.,1.9));
#11491 = VECTOR('',#11492,1.);
#11492 = DIRECTION('',(-0.,1.,0.));
#11493 = PCURVE('',#11461,#11494);
#11494 = DEFINITIONAL_REPRESENTATION('',(#11495),#11499);
#11495 = LINE('',#11496,#11497);
#11496 = CARTESIAN_POINT('',(0.,0.));
#11497 = VECTOR('',#11498,1.);
#11498 = DIRECTION('',(1.,0.));
#11499 = ( GEOMETRIC_REPRESENTATION_CONTEXT(2) 
PARAMETRIC_REPRESENTATION_CONTEXT() REPRESENTATION_CONTEXT('2D SPACE',''
  ) );
#11500 = PCURVE('',#11501,#11506);
#11501 = PLANE('',#11502);
#11502 = AXIS2_PLACEMENT_3D('',#11503,#11504,#11505);
#11503 = CARTESIAN_POINT('',(12.5,2.,1.9));
#11504 = DIRECTION('',(0.,0.,1.));
#11505 = DIRECTION('',(1.,0.,-0.));
#11506 = DEFINITIONAL_REPRESENTATION('',(#11507),#11511);
#11507 = LINE('',#11508,#11509);
#11508 = CARTESIAN_POINT('',(0.,0.));
#11509 = VECTOR('',#11510,1.);
#11510 = DIRECTION('',(0.,1.));
#11511 = ( GEOMETRIC_REPRESENTATION_CONTEXT(2) 
PARAMETRIC_REPRESENTATION_CONTEXT() REPRESENTATION_CONTEXT('2D SPACE',''
  ) );
#11512 = ORIENTED_EDGE('',*,*,#11513,.T.);
#11513 = EDGE_CURVE('',#11486,#11514,#11516,.T.);
#11514 = VERTEX_POINT('',#11515);
#11515 = CARTESIAN_POINT('',(12.5,2.,2.15));
#11516 = SURFACE_CURVE('',#11517,(#11521,#11528),.PCURVE_S1.);
#11517 = LINE('',#11518,#11519);
#11518 = CARTESIAN_POINT('',(12.5,2.,1.9));
#11519 = VECTOR('',#11520,1.);
#11520 = DIRECTION('',(0.,0.,1.));
#11521 = PCURVE('',#11461,#11522);
#11522 = DEFINITIONAL_REPRESENTATION('',(#11523),#11527);
#11523 = LINE('',#11524,#11525);
#11524 = CARTESIAN_POINT('',(0.,0.));
#11525 = VECTOR('',#11526,1.);
#11526 = DIRECTION('',(0.,-1.));
#11527 = ( GEOMETRIC_REPRESENTATION_CONTEXT(2) 
PARAMETRIC_REPRESENTATION_CONTEXT() REPRESENTATION_CONTEXT('2D SPACE',''
  ) );
#11528 = PCURVE('',#11529,#11534);
#11529 = PLANE('',#11530);
#11530 = AXIS2_PLACEMENT_3D('',#11531,#11532,#11533);
#11531 = CARTESIAN_POINT('',(12.5,2.,1.9));
#11532 = DIRECTION('',(-0.,1.,0.));
#11533 = DIRECTION('',(1.,0.,-0.));
#11534 = DEFINITIONAL_REPRESENTATION('',(#11535),#11539);
#11535 = LINE('',#11536,#11537);
#11536 = CARTESIAN_POINT('',(0.,0.));
#11537 = VECTOR('',#11538,1.);
#11538 = DIRECTION('',(0.,-1.));
#11539 = ( GEOMETRIC_REPRESENTATION_CONTEXT(2) 
PARAMETRIC_REPRESENTATION_CONTEXT() REPRESENTATION_CONTEXT('2D SPACE',''
  ) );
#11540 = ORIENTED_EDGE('',*,*,#11541,.T.);
#11541 = EDGE_CURVE('',#11514,#11453,#11542,.T.);
#11542 = SURFACE_CURVE('',#11543,(#11547,#11554),.PCURVE_S1.);
#11543 = LINE('',#11544,#11545);
#11544 = CARTESIAN_POINT('',(12.5,2.,2.15));
#11545 = VECTOR('',#11546,1.);
#11546 = DIRECTION('',(-0.,1.,0.));
#11547 = PCURVE('',#11461,#11548);
#11548 = DEFINITIONAL_REPRESENTATION('',(#11549),#11553);
#11549 = LINE('',#11550,#11551);
#11550 = CARTESIAN_POINT('',(0.,-0.25));
#11551 = VECTOR('',#11552,1.);
#11552 = DIRECTION('',(1.,0.));
#11553 = ( GEOMETRIC_REPRESENTATION_CONTEXT(2) 
PARAMETRIC_REPRESENTATION_CONTEXT() REPRESENTATION_CONTEXT('2D SPACE',''
  ) );
#11554 = PCURVE('',#11555,#11560);
#11555 = PLANE('',#11556);
#11556 = AXIS2_PLACEMENT_3D('',#11557,#11558,#11559);
#11557 = CARTESIAN_POINT('',(12.5,2.,2.15));
#11558 = DIRECTION('',(0.,0.,1.));
#11559 = DIRECTION('',(1.,0.,-0.));
#11560 = DEFINITIONAL_REPRESENTATION('',(#11561),#11565);
#11561 = LINE('',#11562,#11563);
#11562 = CARTESIAN_POINT('',(0.,0.));
#11563 = VECTOR('',#11564,1.);
#11564 = DIRECTION('',(0.,1.));
#11565 = ( GEOMETRIC_REPRESENTATION_CONTEXT(2) 
PARAMETRIC_REPRESENTATION_CONTEXT() REPRESENTATION_CONTEXT('2D SPACE',''
  ) );
#11566 = ADVANCED_FACE('',(#11567),#11473,.T.);
#11567 = FACE_BOUND('',#11568,.T.);
#11568 = EDGE_LOOP('',(#11569,#11599,#11620,#11621));
#11569 = ORIENTED_EDGE('',*,*,#11570,.F.);
#11570 = EDGE_CURVE('',#11571,#11573,#11575,.T.);
#11571 = VERTEX_POINT('',#11572);
#11572 = CARTESIAN_POINT('',(15.,4.,1.9));
#11573 = VERTEX_POINT('',#11574);
#11574 = CARTESIAN_POINT('',(15.,4.,2.15));
#11575 = SURFACE_CURVE('',#11576,(#11580,#11587),.PCURVE_S1.);
#11576 = LINE('',#11577,#11578);
#11577 = CARTESIAN_POINT('',(15.,4.,1.9));
#11578 = VECTOR('',#11579,1.);
#11579 = DIRECTION('',(0.,0.,1.));
#11580 = PCURVE('',#11473,#11581);
#11581 = DEFINITIONAL_REPRESENTATION('',(#11582),#11586);
#11582 = LINE('',#11583,#11584);
#11583 = CARTESIAN_POINT('',(2.5,0.));
#11584 = VECTOR('',#11585,1.);
#11585 = DIRECTION('',(0.,-1.));
#11586 = ( GEOMETRIC_REPRESENTATION_CONTEXT(2) 
PARAMETRIC_REPRESENTATION_CONTEXT() REPRESENTATION_CONTEXT('2D SPACE',''
  ) );
#11587 = PCURVE('',#11588,#11593);
#11588 = PLANE('',#11589);
#11589 = AXIS2_PLACEMENT_3D('',#11590,#11591,#11592);
#11590 = CARTESIAN_POINT('',(15.,2.,1.9));
#11591 = DIRECTION('',(-1.,-0.,0.));
#11592 = DIRECTION('',(-0.,1.,0.));
#11593 = DEFINITIONAL_REPRESENTATION('',(#11594),#11598);
#11594 = LINE('',#11595,#11596);
#11595 = CARTESIAN_POINT('',(2.,0.));
#11596 = VECTOR('',#11597,1.);
#11597 = DIRECTION('',(0.,-1.));
#11598 = ( GEOMETRIC_REPRESENTATION_CONTEXT(2) 
PARAMETRIC_REPRESENTATION_CONTEXT() REPRESENTATION_CONTEXT('2D SPACE',''
  ) );
#11599 = ORIENTED_EDGE('',*,*,#11600,.F.);
#11600 = EDGE_CURVE('',#11451,#11571,#11601,.T.);
#11601 = SURFACE_CURVE('',#11602,(#11606,#11613),.PCURVE_S1.);
#11602 = LINE('',#11603,#11604);
#11603 = CARTESIAN_POINT('',(12.5,4.,1.9));
#11604 = VECTOR('',#11605,1.);
#11605 = DIRECTION('',(1.,0.,-0.));
#11606 = PCURVE('',#11473,#11607);
#11607 = DEFINITIONAL_REPRESENTATION('',(#11608),#11612);
#11608 = LINE('',#11609,#11610);
#11609 = CARTESIAN_POINT('',(0.,0.));
#11610 = VECTOR('',#11611,1.);
#11611 = DIRECTION('',(1.,0.));
#11612 = ( GEOMETRIC_REPRESENTATION_CONTEXT(2) 
PARAMETRIC_REPRESENTATION_CONTEXT() REPRESENTATION_CONTEXT('2D SPACE',''
  ) );
#11613 = PCURVE('',#11501,#11614);
#11614 = DEFINITIONAL_REPRESENTATION('',(#11615),#11619);
#11615 = LINE('',#11616,#11617);
#11616 = CARTESIAN_POINT('',(0.,2.));
#11617 = VECTOR('',#11618,1.);
#11618 = DIRECTION('',(1.,0.));
#11619 = ( GEOMETRIC_REPRESENTATION_CONTEXT(2) 
PARAMETRIC_REPRESENTATION_CONTEXT() REPRESENTATION_CONTEXT('2D SPACE',''
  ) );
#11620 = ORIENTED_EDGE('',*,*,#11450,.T.);
#11621 = ORIENTED_EDGE('',*,*,#11622,.T.);
#11622 = EDGE_CURVE('',#11453,#11573,#11623,.T.);
#11623 = SURFACE_CURVE('',#11624,(#11628,#11635),.PCURVE_S1.);
#11624 = LINE('',#11625,#11626);
#11625 = CARTESIAN_POINT('',(12.5,4.,2.15));
#11626 = VECTOR('',#11627,1.);
#11627 = DIRECTION('',(1.,0.,-0.));
#11628 = PCURVE('',#11473,#11629);
#11629 = DEFINITIONAL_REPRESENTATION('',(#11630),#11634);
#11630 = LINE('',#11631,#11632);
#11631 = CARTESIAN_POINT('',(0.,-0.25));
#11632 = VECTOR('',#11633,1.);
#11633 = DIRECTION('',(1.,0.));
#11634 = ( GEOMETRIC_REPRESENTATION_CONTEXT(2) 
PARAMETRIC_REPRESENTATION_CONTEXT() REPRESENTATION_CONTEXT('2D SPACE',''
  ) );
#11635 = PCURVE('',#11555,#11636);
#11636 = DEFINITIONAL_REPRESENTATION('',(#11637),#11641);
#11637 = LINE('',#11638,#11639);
#11638 = CARTESIAN_POINT('',(0.,2.));
#11639 = VECTOR('',#11640,1.);
#11640 = DIRECTION('',(1.,0.));
#11641 = ( GEOMETRIC_REPRESENTATION_CONTEXT(2) 
PARAMETRIC_REPRESENTATION_CONTEXT() REPRESENTATION_CONTEXT('2D SPACE',''
  ) );
#11642 = ADVANCED_FACE('',(#11643),#11588,.F.);
#11643 = FACE_BOUND('',#11644,.F.);
#11644 = EDGE_LOOP('',(#11645,#11646,#11669,#11692));
#11645 = ORIENTED_EDGE('',*,*,#11570,.F.);
#11646 = ORIENTED_EDGE('',*,*,#11647,.F.);
#11647 = EDGE_CURVE('',#11648,#11571,#11650,.T.);
#11648 = VERTEX_POINT('',#11649);
#11649 = CARTESIAN_POINT('',(15.,2.,1.9));
#11650 = SURFACE_CURVE('',#11651,(#11655,#11662),.PCURVE_S1.);
#11651 = LINE('',#11652,#11653);
#11652 = CARTESIAN_POINT('',(15.,2.,1.9));
#11653 = VECTOR('',#11654,1.);
#11654 = DIRECTION('',(-0.,1.,0.));
#11655 = PCURVE('',#11588,#11656);
#11656 = DEFINITIONAL_REPRESENTATION('',(#11657),#11661);
#11657 = LINE('',#11658,#11659);
#11658 = CARTESIAN_POINT('',(0.,0.));
#11659 = VECTOR('',#11660,1.);
#11660 = DIRECTION('',(1.,0.));
#11661 = ( GEOMETRIC_REPRESENTATION_CONTEXT(2) 
PARAMETRIC_REPRESENTATION_CONTEXT() REPRESENTATION_CONTEXT('2D SPACE',''
  ) );
#11662 = PCURVE('',#11501,#11663);
#11663 = DEFINITIONAL_REPRESENTATION('',(#11664),#11668);
#11664 = LINE('',#11665,#11666);
#11665 = CARTESIAN_POINT('',(2.5,0.));
#11666 = VECTOR('',#11667,1.);
#11667 = DIRECTION('',(0.,1.));
#11668 = ( GEOMETRIC_REPRESENTATION_CONTEXT(2) 
PARAMETRIC_REPRESENTATION_CONTEXT() REPRESENTATION_CONTEXT('2D SPACE',''
  ) );
#11669 = ORIENTED_EDGE('',*,*,#11670,.T.);
#11670 = EDGE_CURVE('',#11648,#11671,#11673,.T.);
#11671 = VERTEX_POINT('',#11672);
#11672 = CARTESIAN_POINT('',(15.,2.,2.15));
#11673 = SURFACE_CURVE('',#11674,(#11678,#11685),.PCURVE_S1.);
#11674 = LINE('',#11675,#11676);
#11675 = CARTESIAN_POINT('',(15.,2.,1.9));
#11676 = VECTOR('',#11677,1.);
#11677 = DIRECTION('',(0.,0.,1.));
#11678 = PCURVE('',#11588,#11679);
#11679 = DEFINITIONAL_REPRESENTATION('',(#11680),#11684);
#11680 = LINE('',#11681,#11682);
#11681 = CARTESIAN_POINT('',(0.,0.));
#11682 = VECTOR('',#11683,1.);
#11683 = DIRECTION('',(0.,-1.));
#11684 = ( GEOMETRIC_REPRESENTATION_CONTEXT(2) 
PARAMETRIC_REPRESENTATION_CONTEXT() REPRESENTATION_CONTEXT('2D SPACE',''
  ) );
#11685 = PCURVE('',#11529,#11686);
#11686 = DEFINITIONAL_REPRESENTATION('',(#11687),#11691);
#11687 = LINE('',#11688,#11689);
#11688 = CARTESIAN_POINT('',(2.5,0.));
#11689 = VECTOR('',#11690,1.);
#11690 = DIRECTION('',(0.,-1.));
#11691 = ( GEOMETRIC_REPRESENTATION_CONTEXT(2) 
PARAMETRIC_REPRESENTATION_CONTEXT() REPRESENTATION_CONTEXT('2D SPACE',''
  ) );
#11692 = ORIENTED_EDGE('',*,*,#11693,.T.);
#11693 = EDGE_CURVE('',#11671,#11573,#11694,.T.);
#11694 = SURFACE_CURVE('',#11695,(#11699,#11706),.PCURVE_S1.);
#11695 = LINE('',#11696,#11697);
#11696 = CARTESIAN_POINT('',(15.,2.,2.15));
#11697 = VECTOR('',#11698,1.);
#11698 = DIRECTION('',(-0.,1.,0.));
#11699 = PCURVE('',#11588,#11700);
#11700 = DEFINITIONAL_REPRESENTATION('',(#11701),#11705);
#11701 = LINE('',#11702,#11703);
#11702 = CARTESIAN_POINT('',(0.,-0.25));
#11703 = VECTOR('',#11704,1.);
#11704 = DIRECTION('',(1.,0.));
#11705 = ( GEOMETRIC_REPRESENTATION_CONTEXT(2) 
PARAMETRIC_REPRESENTATION_CONTEXT() REPRESENTATION_CONTEXT('2D SPACE',''
  ) );
#11706 = PCURVE('',#11555,#11707);
#11707 = DEFINITIONAL_REPRESENTATION('',(#11708),#11712);
#11708 = LINE('',#11709,#11710);
#11709 = CARTESIAN_POINT('',(2.5,0.));
#11710 = VECTOR('',#11711,1.);
#11711 = DIRECTION('',(0.,1.));
#11712 = ( GEOMETRIC_REPRESENTATION_CONTEXT(2) 
PARAMETRIC_REPRESENTATION_CONTEXT() REPRESENTATION_CONTEXT('2D SPACE',''
  ) );
#11713 = ADVANCED_FACE('',(#11714),#11529,.F.);
#11714 = FACE_BOUND('',#11715,.F.);
#11715 = EDGE_LOOP('',(#11716,#11717,#11738,#11739));
#11716 = ORIENTED_EDGE('',*,*,#11670,.F.);
#11717 = ORIENTED_EDGE('',*,*,#11718,.F.);
#11718 = EDGE_CURVE('',#11486,#11648,#11719,.T.);
#11719 = SURFACE_CURVE('',#11720,(#11724,#11731),.PCURVE_S1.);
#11720 = LINE('',#11721,#11722);
#11721 = CARTESIAN_POINT('',(12.5,2.,1.9));
#11722 = VECTOR('',#11723,1.);
#11723 = DIRECTION('',(1.,0.,-0.));
#11724 = PCURVE('',#11529,#11725);
#11725 = DEFINITIONAL_REPRESENTATION('',(#11726),#11730);
#11726 = LINE('',#11727,#11728);
#11727 = CARTESIAN_POINT('',(0.,0.));
#11728 = VECTOR('',#11729,1.);
#11729 = DIRECTION('',(1.,0.));
#11730 = ( GEOMETRIC_REPRESENTATION_CONTEXT(2) 
PARAMETRIC_REPRESENTATION_CONTEXT() REPRESENTATION_CONTEXT('2D SPACE',''
  ) );
#11731 = PCURVE('',#11501,#11732);
#11732 = DEFINITIONAL_REPRESENTATION('',(#11733),#11737);
#11733 = LINE('',#11734,#11735);
#11734 = CARTESIAN_POINT('',(0.,0.));
#11735 = VECTOR('',#11736,1.);
#11736 = DIRECTION('',(1.,0.));
#11737 = ( GEOMETRIC_REPRESENTATION_CONTEXT(2) 
PARAMETRIC_REPRESENTATION_CONTEXT() REPRESENTATION_CONTEXT('2D SPACE',''
  ) );
#11738 = ORIENTED_EDGE('',*,*,#11513,.T.);
#11739 = ORIENTED_EDGE('',*,*,#11740,.T.);
#11740 = EDGE_CURVE('',#11514,#11671,#11741,.T.);
#11741 = SURFACE_CURVE('',#11742,(#11746,#11753),.PCURVE_S1.);
#11742 = LINE('',#11743,#11744);
#11743 = CARTESIAN_POINT('',(12.5,2.,2.15));
#11744 = VECTOR('',#11745,1.);
#11745 = DIRECTION('',(1.,0.,-0.));
#11746 = PCURVE('',#11529,#11747);
#11747 = DEFINITIONAL_REPRESENTATION('',(#11748),#11752);
#11748 = LINE('',#11749,#11750);
#11749 = CARTESIAN_POINT('',(0.,-0.25));
#11750 = VECTOR('',#11751,1.);
#11751 = DIRECTION('',(1.,0.));
#11752 = ( GEOMETRIC_REPRESENTATION_CONTEXT(2) 
PARAMETRIC_REPRESENTATION_CONTEXT() REPRESENTATION_CONTEXT('2D SPACE',''
  ) );
#11753 = PCURVE('',#11555,#11754);
#11754 = DEFINITIONAL_REPRESENTATION('',(#11755),#11759);
#11755 = LINE('',#11756,#11757);
#11756 = CARTESIAN_POINT('',(0.,0.));
#11757 = VECTOR('',#11758,1.);
#11758 = DIRECTION('',(1.,0.));
#11759 = ( GEOMETRIC_REPRESENTATION_CONTEXT(2) 
PARAMETRIC_REPRESENTATION_CONTEXT() REPRESENTATION_CONTEXT('2D SPACE',''
  ) );
#11760 = ADVANCED_FACE('',(#11761),#11501,.F.);
#11761 = FACE_BOUND('',#11762,.F.);
#11762 = EDGE_LOOP('',(#11763,#11764,#11765,#11766));
#11763 = ORIENTED_EDGE('',*,*,#11485,.F.);
#11764 = ORIENTED_EDGE('',*,*,#11718,.T.);
#11765 = ORIENTED_EDGE('',*,*,#11647,.T.);
#11766 = ORIENTED_EDGE('',*,*,#11600,.F.);
#11767 = ADVANCED_FACE('',(#11768),#11555,.T.);
#11768 = FACE_BOUND('',#11769,.T.);
#11769 = EDGE_LOOP('',(#11770,#11771,#11772,#11773));
#11770 = ORIENTED_EDGE('',*,*,#11541,.F.);
#11771 = ORIENTED_EDGE('',*,*,#11740,.T.);
#11772 = ORIENTED_EDGE('',*,*,#11693,.T.);
#11773 = ORIENTED_EDGE('',*,*,#11622,.F.);
#11774 = ( GEOMETRIC_REPRESENTATION_CONTEXT(3) 
GLOBAL_UNCERTAINTY_ASSIGNED_CONTEXT((#11778)) 
GLOBAL_UNIT_ASSIGNED_CONTEXT((#11775,#11776,#11777)) 
REPRESENTATION_CONTEXT('Context #1',
  '3D Context with UNIT and UNCERTAINTY') );
#11775 = ( LENGTH_UNIT() NAMED_UNIT(*) SI_UNIT(.MILLI.,.METRE.) );
#11776 = ( NAMED_UNIT(*) PLANE_ANGLE_UNIT() SI_UNIT($,.RADIAN.) );
#11777 = ( NAMED_UNIT(*) SI_UNIT($,.STERADIAN.) SOLID_ANGLE_UNIT() );
#11778 = UNCERTAINTY_MEASURE_WITH_UNIT(LENGTH_MEASURE(1.E-07),#11775,
  'distance_accuracy_value','confusion accuracy');
#11779 = CONTEXT_DEPENDENT_SHAPE_REPRESENTATION(#11780,#11782);
#11780 = ( REPRESENTATION_RELATIONSHIP('','',#11443,#10714) 
REPRESENTATION_RELATIONSHIP_WITH_TRANSFORMATION(#11781) 
SHAPE_REPRESENTATION_RELATIONSHIP() );
#11781 = ITEM_DEFINED_TRANSFORMATION('','',#11,#10723);
#11782 = PRODUCT_DEFINITION_SHAPE('Placement','Placement of an item',
  #11783);
#11783 = NEXT_ASSEMBLY_USAGE_OCCURRENCE('50','=>[0:1:1:35]','',#10709,
  #11438,$);
#11784 = PRODUCT_RELATED_PRODUCT_CATEGORY('part',$,(#11440));
#11785 = SHAPE_DEFINITION_REPRESENTATION(#11786,#11792);
#11786 = PRODUCT_DEFINITION_SHAPE('','',#11787);
#11787 = PRODUCT_DEFINITION('design','',#11788,#11791);
#11788 = PRODUCT_DEFINITION_FORMATION('','',#11789);
#11789 = PRODUCT('bat_in','bat_in','',(#11790));
#11790 = PRODUCT_CONTEXT('',#2,'mechanical');
#11791 = PRODUCT_DEFINITION_CONTEXT('part definition',#2,'design');
#11792 = SHAPE_REPRESENTATION('',(#11,#11793),#11797);
#11793 = AXIS2_PLACEMENT_3D('',#11794,#11795,#11796);
#11794 = CARTESIAN_POINT('',(0.,0.,0.));
#11795 = DIRECTION('',(0.,0.,1.));
#11796 = DIRECTION('',(1.,0.,-0.));
#11797 = ( GEOMETRIC_REPRESENTATION_CONTEXT(3) 
GLOBAL_UNCERTAINTY_ASSIGNED_CONTEXT((#11801)) 
GLOBAL_UNIT_ASSIGNED_CONTEXT((#11798,#11799,#11800)) 
REPRESENTATION_CONTEXT('Context #1',
  '3D Context with UNIT and UNCERTAINTY') );
#11798 = ( LENGTH_UNIT() NAMED_UNIT(*) SI_UNIT(.MILLI.,.METRE.) );
#11799 = ( NAMED_UNIT(*) PLANE_ANGLE_UNIT() SI_UNIT($,.RADIAN.) );
#11800 = ( NAMED_UNIT(*) SI_UNIT($,.STERADIAN.) SOLID_ANGLE_UNIT() );
#11801 = UNCERTAINTY_MEASURE_WITH_UNIT(LENGTH_MEASURE(1.E-07),#11798,
  'distance_accuracy_value','confusion accuracy');
#11802 = CONTEXT_DEPENDENT_SHAPE_REPRESENTATION(#11803,#11805);
#11803 = ( REPRESENTATION_RELATIONSHIP('','',#11792,#10) 
REPRESENTATION_RELATIONSHIP_WITH_TRANSFORMATION(#11804) 
SHAPE_REPRESENTATION_RELATIONSHIP() );
#11804 = ITEM_DEFINED_TRANSFORMATION('','',#11,#67);
#11805 = PRODUCT_DEFINITION_SHAPE('Placement','Placement of an item',
  #11806);
#11806 = NEXT_ASSEMBLY_USAGE_OCCURRENCE('55','bat_in','',#5,#11787,$);
#11807 = PRODUCT_RELATED_PRODUCT_CATEGORY('part',$,(#11789));
#11808 = SHAPE_DEFINITION_REPRESENTATION(#11809,#11815);
#11809 = PRODUCT_DEFINITION_SHAPE('','',#11810);
#11810 = PRODUCT_DEFINITION('design','',#11811,#11814);
#11811 = PRODUCT_DEFINITION_FORMATION('','',#11812);
#11812 = PRODUCT('bat_in','bat_in','',(#11813));
#11813 = PRODUCT_CONTEXT('',#2,'mechanical');
#11814 = PRODUCT_DEFINITION_CONTEXT('part definition',#2,'design');
#11815 = SHAPE_REPRESENTATION('',(#11,#11816),#11820);
#11816 = AXIS2_PLACEMENT_3D('',#11817,#11818,#11819);
#11817 = CARTESIAN_POINT('',(0.,0.,0.));
#11818 = DIRECTION('',(0.,0.,1.));
#11819 = DIRECTION('',(1.,0.,-0.));
#11820 = ( GEOMETRIC_REPRESENTATION_CONTEXT(3) 
GLOBAL_UNCERTAINTY_ASSIGNED_CONTEXT((#11824)) 
GLOBAL_UNIT_ASSIGNED_CONTEXT((#11821,#11822,#11823)) 
REPRESENTATION_CONTEXT('Context #1',
  '3D Context with UNIT and UNCERTAINTY') );
#11821 = ( LENGTH_UNIT() NAMED_UNIT(*) SI_UNIT(.MILLI.,.METRE.) );
#11822 = ( NAMED_UNIT(*) PLANE_ANGLE_UNIT() SI_UNIT($,.RADIAN.) );
#11823 = ( NAMED_UNIT(*) SI_UNIT($,.STERADIAN.) SOLID_ANGLE_UNIT() );
#11824 = UNCERTAINTY_MEASURE_WITH_UNIT(LENGTH_MEASURE(1.E-07),#11821,
  'distance_accuracy_value','confusion accuracy');
#11825 = CONTEXT_DEPENDENT_SHAPE_REPRESENTATION(#11826,#11828);
#11826 = ( REPRESENTATION_RELATIONSHIP('','',#11815,#11792) 
REPRESENTATION_RELATIONSHIP_WITH_TRANSFORMATION(#11827) 
SHAPE_REPRESENTATION_RELATIONSHIP() );
#11827 = ITEM_DEFINED_TRANSFORMATION('','',#11,#11793);
#11828 = PRODUCT_DEFINITION_SHAPE('Placement','Placement of an item',
  #11829);
#11829 = NEXT_ASSEMBLY_USAGE_OCCURRENCE('54','bat_in','',#11787,#11810,$
  );
#11830 = PRODUCT_RELATED_PRODUCT_CATEGORY('part',$,(#11812));
#11831 = SHAPE_DEFINITION_REPRESENTATION(#11832,#11838);
#11832 = PRODUCT_DEFINITION_SHAPE('','',#11833);
#11833 = PRODUCT_DEFINITION('design','',#11834,#11837);
#11834 = PRODUCT_DEFINITION_FORMATION('','',#11835);
#11835 = PRODUCT('SOLID','SOLID','',(#11836));
#11836 = PRODUCT_CONTEXT('',#2,'mechanical');
#11837 = PRODUCT_DEFINITION_CONTEXT('part definition',#2,'design');
#11838 = ADVANCED_BREP_SHAPE_REPRESENTATION('',(#11,#11839),#12169);
#11839 = MANIFOLD_SOLID_BREP('',#11840);
#11840 = CLOSED_SHELL('',(#11841,#11961,#12037,#12108,#12155,#12162));
#11841 = ADVANCED_FACE('',(#11842),#11856,.T.);
#11842 = FACE_BOUND('',#11843,.T.);
#11843 = EDGE_LOOP('',(#11844,#11879,#11907,#11935));
#11844 = ORIENTED_EDGE('',*,*,#11845,.F.);
#11845 = EDGE_CURVE('',#11846,#11848,#11850,.T.);
#11846 = VERTEX_POINT('',#11847);
#11847 = CARTESIAN_POINT('',(1.5,-12.5,1.9));
#11848 = VERTEX_POINT('',#11849);
#11849 = CARTESIAN_POINT('',(1.5,-12.5,2.15));
#11850 = SURFACE_CURVE('',#11851,(#11855,#11867),.PCURVE_S1.);
#11851 = LINE('',#11852,#11853);
#11852 = CARTESIAN_POINT('',(1.5,-12.5,1.9));
#11853 = VECTOR('',#11854,1.);
#11854 = DIRECTION('',(0.,0.,1.));
#11855 = PCURVE('',#11856,#11861);
#11856 = PLANE('',#11857);
#11857 = AXIS2_PLACEMENT_3D('',#11858,#11859,#11860);
#11858 = CARTESIAN_POINT('',(1.5,-15.5,1.9));
#11859 = DIRECTION('',(-1.,-0.,0.));
#11860 = DIRECTION('',(-0.,1.,0.));
#11861 = DEFINITIONAL_REPRESENTATION('',(#11862),#11866);
#11862 = LINE('',#11863,#11864);
#11863 = CARTESIAN_POINT('',(3.,0.));
#11864 = VECTOR('',#11865,1.);
#11865 = DIRECTION('',(0.,-1.));
#11866 = ( GEOMETRIC_REPRESENTATION_CONTEXT(2) 
PARAMETRIC_REPRESENTATION_CONTEXT() REPRESENTATION_CONTEXT('2D SPACE',''
  ) );
#11867 = PCURVE('',#11868,#11873);
#11868 = PLANE('',#11869);
#11869 = AXIS2_PLACEMENT_3D('',#11870,#11871,#11872);
#11870 = CARTESIAN_POINT('',(1.5,-12.5,1.9));
#11871 = DIRECTION('',(-0.,1.,0.));
#11872 = DIRECTION('',(1.,0.,-0.));
#11873 = DEFINITIONAL_REPRESENTATION('',(#11874),#11878);
#11874 = LINE('',#11875,#11876);
#11875 = CARTESIAN_POINT('',(0.,0.));
#11876 = VECTOR('',#11877,1.);
#11877 = DIRECTION('',(0.,-1.));
#11878 = ( GEOMETRIC_REPRESENTATION_CONTEXT(2) 
PARAMETRIC_REPRESENTATION_CONTEXT() REPRESENTATION_CONTEXT('2D SPACE',''
  ) );
#11879 = ORIENTED_EDGE('',*,*,#11880,.F.);
#11880 = EDGE_CURVE('',#11881,#11846,#11883,.T.);
#11881 = VERTEX_POINT('',#11882);
#11882 = CARTESIAN_POINT('',(1.5,-15.5,1.9));
#11883 = SURFACE_CURVE('',#11884,(#11888,#11895),.PCURVE_S1.);
#11884 = LINE('',#11885,#11886);
#11885 = CARTESIAN_POINT('',(1.5,-15.5,1.9));
#11886 = VECTOR('',#11887,1.);
#11887 = DIRECTION('',(-0.,1.,0.));
#11888 = PCURVE('',#11856,#11889);
#11889 = DEFINITIONAL_REPRESENTATION('',(#11890),#11894);
#11890 = LINE('',#11891,#11892);
#11891 = CARTESIAN_POINT('',(0.,0.));
#11892 = VECTOR('',#11893,1.);
#11893 = DIRECTION('',(1.,0.));
#11894 = ( GEOMETRIC_REPRESENTATION_CONTEXT(2) 
PARAMETRIC_REPRESENTATION_CONTEXT() REPRESENTATION_CONTEXT('2D SPACE',''
  ) );
#11895 = PCURVE('',#11896,#11901);
#11896 = PLANE('',#11897);
#11897 = AXIS2_PLACEMENT_3D('',#11898,#11899,#11900);
#11898 = CARTESIAN_POINT('',(1.5,-15.5,1.9));
#11899 = DIRECTION('',(0.,0.,1.));
#11900 = DIRECTION('',(1.,0.,-0.));
#11901 = DEFINITIONAL_REPRESENTATION('',(#11902),#11906);
#11902 = LINE('',#11903,#11904);
#11903 = CARTESIAN_POINT('',(0.,0.));
#11904 = VECTOR('',#11905,1.);
#11905 = DIRECTION('',(0.,1.));
#11906 = ( GEOMETRIC_REPRESENTATION_CONTEXT(2) 
PARAMETRIC_REPRESENTATION_CONTEXT() REPRESENTATION_CONTEXT('2D SPACE',''
  ) );
#11907 = ORIENTED_EDGE('',*,*,#11908,.T.);
#11908 = EDGE_CURVE('',#11881,#11909,#11911,.T.);
#11909 = VERTEX_POINT('',#11910);
#11910 = CARTESIAN_POINT('',(1.5,-15.5,2.15));
#11911 = SURFACE_CURVE('',#11912,(#11916,#11923),.PCURVE_S1.);
#11912 = LINE('',#11913,#11914);
#11913 = CARTESIAN_POINT('',(1.5,-15.5,1.9));
#11914 = VECTOR('',#11915,1.);
#11915 = DIRECTION('',(0.,0.,1.));
#11916 = PCURVE('',#11856,#11917);
#11917 = DEFINITIONAL_REPRESENTATION('',(#11918),#11922);
#11918 = LINE('',#11919,#11920);
#11919 = CARTESIAN_POINT('',(0.,0.));
#11920 = VECTOR('',#11921,1.);
#11921 = DIRECTION('',(0.,-1.));
#11922 = ( GEOMETRIC_REPRESENTATION_CONTEXT(2) 
PARAMETRIC_REPRESENTATION_CONTEXT() REPRESENTATION_CONTEXT('2D SPACE',''
  ) );
#11923 = PCURVE('',#11924,#11929);
#11924 = PLANE('',#11925);
#11925 = AXIS2_PLACEMENT_3D('',#11926,#11927,#11928);
#11926 = CARTESIAN_POINT('',(1.5,-15.5,1.9));
#11927 = DIRECTION('',(-0.,1.,0.));
#11928 = DIRECTION('',(1.,0.,-0.));
#11929 = DEFINITIONAL_REPRESENTATION('',(#11930),#11934);
#11930 = LINE('',#11931,#11932);
#11931 = CARTESIAN_POINT('',(0.,0.));
#11932 = VECTOR('',#11933,1.);
#11933 = DIRECTION('',(0.,-1.));
#11934 = ( GEOMETRIC_REPRESENTATION_CONTEXT(2) 
PARAMETRIC_REPRESENTATION_CONTEXT() REPRESENTATION_CONTEXT('2D SPACE',''
  ) );
#11935 = ORIENTED_EDGE('',*,*,#11936,.T.);
#11936 = EDGE_CURVE('',#11909,#11848,#11937,.T.);
#11937 = SURFACE_CURVE('',#11938,(#11942,#11949),.PCURVE_S1.);
#11938 = LINE('',#11939,#11940);
#11939 = CARTESIAN_POINT('',(1.5,-15.5,2.15));
#11940 = VECTOR('',#11941,1.);
#11941 = DIRECTION('',(-0.,1.,0.));
#11942 = PCURVE('',#11856,#11943);
#11943 = DEFINITIONAL_REPRESENTATION('',(#11944),#11948);
#11944 = LINE('',#11945,#11946);
#11945 = CARTESIAN_POINT('',(0.,-0.25));
#11946 = VECTOR('',#11947,1.);
#11947 = DIRECTION('',(1.,0.));
#11948 = ( GEOMETRIC_REPRESENTATION_CONTEXT(2) 
PARAMETRIC_REPRESENTATION_CONTEXT() REPRESENTATION_CONTEXT('2D SPACE',''
  ) );
#11949 = PCURVE('',#11950,#11955);
#11950 = PLANE('',#11951);
#11951 = AXIS2_PLACEMENT_3D('',#11952,#11953,#11954);
#11952 = CARTESIAN_POINT('',(1.5,-15.5,2.15));
#11953 = DIRECTION('',(0.,0.,1.));
#11954 = DIRECTION('',(1.,0.,-0.));
#11955 = DEFINITIONAL_REPRESENTATION('',(#11956),#11960);
#11956 = LINE('',#11957,#11958);
#11957 = CARTESIAN_POINT('',(0.,0.));
#11958 = VECTOR('',#11959,1.);
#11959 = DIRECTION('',(0.,1.));
#11960 = ( GEOMETRIC_REPRESENTATION_CONTEXT(2) 
PARAMETRIC_REPRESENTATION_CONTEXT() REPRESENTATION_CONTEXT('2D SPACE',''
  ) );
#11961 = ADVANCED_FACE('',(#11962),#11868,.T.);
#11962 = FACE_BOUND('',#11963,.T.);
#11963 = EDGE_LOOP('',(#11964,#11994,#12015,#12016));
#11964 = ORIENTED_EDGE('',*,*,#11965,.F.);
#11965 = EDGE_CURVE('',#11966,#11968,#11970,.T.);
#11966 = VERTEX_POINT('',#11967);
#11967 = CARTESIAN_POINT('',(4.5,-12.5,1.9));
#11968 = VERTEX_POINT('',#11969);
#11969 = CARTESIAN_POINT('',(4.5,-12.5,2.15));
#11970 = SURFACE_CURVE('',#11971,(#11975,#11982),.PCURVE_S1.);
#11971 = LINE('',#11972,#11973);
#11972 = CARTESIAN_POINT('',(4.5,-12.5,1.9));
#11973 = VECTOR('',#11974,1.);
#11974 = DIRECTION('',(0.,0.,1.));
#11975 = PCURVE('',#11868,#11976);
#11976 = DEFINITIONAL_REPRESENTATION('',(#11977),#11981);
#11977 = LINE('',#11978,#11979);
#11978 = CARTESIAN_POINT('',(3.,0.));
#11979 = VECTOR('',#11980,1.);
#11980 = DIRECTION('',(0.,-1.));
#11981 = ( GEOMETRIC_REPRESENTATION_CONTEXT(2) 
PARAMETRIC_REPRESENTATION_CONTEXT() REPRESENTATION_CONTEXT('2D SPACE',''
  ) );
#11982 = PCURVE('',#11983,#11988);
#11983 = PLANE('',#11984);
#11984 = AXIS2_PLACEMENT_3D('',#11985,#11986,#11987);
#11985 = CARTESIAN_POINT('',(4.5,-15.5,1.9));
#11986 = DIRECTION('',(-1.,-0.,0.));
#11987 = DIRECTION('',(-0.,1.,0.));
#11988 = DEFINITIONAL_REPRESENTATION('',(#11989),#11993);
#11989 = LINE('',#11990,#11991);
#11990 = CARTESIAN_POINT('',(3.,0.));
#11991 = VECTOR('',#11992,1.);
#11992 = DIRECTION('',(0.,-1.));
#11993 = ( GEOMETRIC_REPRESENTATION_CONTEXT(2) 
PARAMETRIC_REPRESENTATION_CONTEXT() REPRESENTATION_CONTEXT('2D SPACE',''
  ) );
#11994 = ORIENTED_EDGE('',*,*,#11995,.F.);
#11995 = EDGE_CURVE('',#11846,#11966,#11996,.T.);
#11996 = SURFACE_CURVE('',#11997,(#12001,#12008),.PCURVE_S1.);
#11997 = LINE('',#11998,#11999);
#11998 = CARTESIAN_POINT('',(1.5,-12.5,1.9));
#11999 = VECTOR('',#12000,1.);
#12000 = DIRECTION('',(1.,0.,-0.));
#12001 = PCURVE('',#11868,#12002);
#12002 = DEFINITIONAL_REPRESENTATION('',(#12003),#12007);
#12003 = LINE('',#12004,#12005);
#12004 = CARTESIAN_POINT('',(0.,0.));
#12005 = VECTOR('',#12006,1.);
#12006 = DIRECTION('',(1.,0.));
#12007 = ( GEOMETRIC_REPRESENTATION_CONTEXT(2) 
PARAMETRIC_REPRESENTATION_CONTEXT() REPRESENTATION_CONTEXT('2D SPACE',''
  ) );
#12008 = PCURVE('',#11896,#12009);
#12009 = DEFINITIONAL_REPRESENTATION('',(#12010),#12014);
#12010 = LINE('',#12011,#12012);
#12011 = CARTESIAN_POINT('',(0.,3.));
#12012 = VECTOR('',#12013,1.);
#12013 = DIRECTION('',(1.,0.));
#12014 = ( GEOMETRIC_REPRESENTATION_CONTEXT(2) 
PARAMETRIC_REPRESENTATION_CONTEXT() REPRESENTATION_CONTEXT('2D SPACE',''
  ) );
#12015 = ORIENTED_EDGE('',*,*,#11845,.T.);
#12016 = ORIENTED_EDGE('',*,*,#12017,.T.);
#12017 = EDGE_CURVE('',#11848,#11968,#12018,.T.);
#12018 = SURFACE_CURVE('',#12019,(#12023,#12030),.PCURVE_S1.);
#12019 = LINE('',#12020,#12021);
#12020 = CARTESIAN_POINT('',(1.5,-12.5,2.15));
#12021 = VECTOR('',#12022,1.);
#12022 = DIRECTION('',(1.,0.,-0.));
#12023 = PCURVE('',#11868,#12024);
#12024 = DEFINITIONAL_REPRESENTATION('',(#12025),#12029);
#12025 = LINE('',#12026,#12027);
#12026 = CARTESIAN_POINT('',(0.,-0.25));
#12027 = VECTOR('',#12028,1.);
#12028 = DIRECTION('',(1.,0.));
#12029 = ( GEOMETRIC_REPRESENTATION_CONTEXT(2) 
PARAMETRIC_REPRESENTATION_CONTEXT() REPRESENTATION_CONTEXT('2D SPACE',''
  ) );
#12030 = PCURVE('',#11950,#12031);
#12031 = DEFINITIONAL_REPRESENTATION('',(#12032),#12036);
#12032 = LINE('',#12033,#12034);
#12033 = CARTESIAN_POINT('',(0.,3.));
#12034 = VECTOR('',#12035,1.);
#12035 = DIRECTION('',(1.,0.));
#12036 = ( GEOMETRIC_REPRESENTATION_CONTEXT(2) 
PARAMETRIC_REPRESENTATION_CONTEXT() REPRESENTATION_CONTEXT('2D SPACE',''
  ) );
#12037 = ADVANCED_FACE('',(#12038),#11983,.F.);
#12038 = FACE_BOUND('',#12039,.F.);
#12039 = EDGE_LOOP('',(#12040,#12041,#12064,#12087));
#12040 = ORIENTED_EDGE('',*,*,#11965,.F.);
#12041 = ORIENTED_EDGE('',*,*,#12042,.F.);
#12042 = EDGE_CURVE('',#12043,#11966,#12045,.T.);
#12043 = VERTEX_POINT('',#12044);
#12044 = CARTESIAN_POINT('',(4.5,-15.5,1.9));
#12045 = SURFACE_CURVE('',#12046,(#12050,#12057),.PCURVE_S1.);
#12046 = LINE('',#12047,#12048);
#12047 = CARTESIAN_POINT('',(4.5,-15.5,1.9));
#12048 = VECTOR('',#12049,1.);
#12049 = DIRECTION('',(-0.,1.,0.));
#12050 = PCURVE('',#11983,#12051);
#12051 = DEFINITIONAL_REPRESENTATION('',(#12052),#12056);
#12052 = LINE('',#12053,#12054);
#12053 = CARTESIAN_POINT('',(0.,0.));
#12054 = VECTOR('',#12055,1.);
#12055 = DIRECTION('',(1.,0.));
#12056 = ( GEOMETRIC_REPRESENTATION_CONTEXT(2) 
PARAMETRIC_REPRESENTATION_CONTEXT() REPRESENTATION_CONTEXT('2D SPACE',''
  ) );
#12057 = PCURVE('',#11896,#12058);
#12058 = DEFINITIONAL_REPRESENTATION('',(#12059),#12063);
#12059 = LINE('',#12060,#12061);
#12060 = CARTESIAN_POINT('',(3.,0.));
#12061 = VECTOR('',#12062,1.);
#12062 = DIRECTION('',(0.,1.));
#12063 = ( GEOMETRIC_REPRESENTATION_CONTEXT(2) 
PARAMETRIC_REPRESENTATION_CONTEXT() REPRESENTATION_CONTEXT('2D SPACE',''
  ) );
#12064 = ORIENTED_EDGE('',*,*,#12065,.T.);
#12065 = EDGE_CURVE('',#12043,#12066,#12068,.T.);
#12066 = VERTEX_POINT('',#12067);
#12067 = CARTESIAN_POINT('',(4.5,-15.5,2.15));
#12068 = SURFACE_CURVE('',#12069,(#12073,#12080),.PCURVE_S1.);
#12069 = LINE('',#12070,#12071);
#12070 = CARTESIAN_POINT('',(4.5,-15.5,1.9));
#12071 = VECTOR('',#12072,1.);
#12072 = DIRECTION('',(0.,0.,1.));
#12073 = PCURVE('',#11983,#12074);
#12074 = DEFINITIONAL_REPRESENTATION('',(#12075),#12079);
#12075 = LINE('',#12076,#12077);
#12076 = CARTESIAN_POINT('',(0.,0.));
#12077 = VECTOR('',#12078,1.);
#12078 = DIRECTION('',(0.,-1.));
#12079 = ( GEOMETRIC_REPRESENTATION_CONTEXT(2) 
PARAMETRIC_REPRESENTATION_CONTEXT() REPRESENTATION_CONTEXT('2D SPACE',''
  ) );
#12080 = PCURVE('',#11924,#12081);
#12081 = DEFINITIONAL_REPRESENTATION('',(#12082),#12086);
#12082 = LINE('',#12083,#12084);
#12083 = CARTESIAN_POINT('',(3.,0.));
#12084 = VECTOR('',#12085,1.);
#12085 = DIRECTION('',(0.,-1.));
#12086 = ( GEOMETRIC_REPRESENTATION_CONTEXT(2) 
PARAMETRIC_REPRESENTATION_CONTEXT() REPRESENTATION_CONTEXT('2D SPACE',''
  ) );
#12087 = ORIENTED_EDGE('',*,*,#12088,.T.);
#12088 = EDGE_CURVE('',#12066,#11968,#12089,.T.);
#12089 = SURFACE_CURVE('',#12090,(#12094,#12101),.PCURVE_S1.);
#12090 = LINE('',#12091,#12092);
#12091 = CARTESIAN_POINT('',(4.5,-15.5,2.15));
#12092 = VECTOR('',#12093,1.);
#12093 = DIRECTION('',(-0.,1.,0.));
#12094 = PCURVE('',#11983,#12095);
#12095 = DEFINITIONAL_REPRESENTATION('',(#12096),#12100);
#12096 = LINE('',#12097,#12098);
#12097 = CARTESIAN_POINT('',(0.,-0.25));
#12098 = VECTOR('',#12099,1.);
#12099 = DIRECTION('',(1.,0.));
#12100 = ( GEOMETRIC_REPRESENTATION_CONTEXT(2) 
PARAMETRIC_REPRESENTATION_CONTEXT() REPRESENTATION_CONTEXT('2D SPACE',''
  ) );
#12101 = PCURVE('',#11950,#12102);
#12102 = DEFINITIONAL_REPRESENTATION('',(#12103),#12107);
#12103 = LINE('',#12104,#12105);
#12104 = CARTESIAN_POINT('',(3.,0.));
#12105 = VECTOR('',#12106,1.);
#12106 = DIRECTION('',(0.,1.));
#12107 = ( GEOMETRIC_REPRESENTATION_CONTEXT(2) 
PARAMETRIC_REPRESENTATION_CONTEXT() REPRESENTATION_CONTEXT('2D SPACE',''
  ) );
#12108 = ADVANCED_FACE('',(#12109),#11924,.F.);
#12109 = FACE_BOUND('',#12110,.F.);
#12110 = EDGE_LOOP('',(#12111,#12112,#12133,#12134));
#12111 = ORIENTED_EDGE('',*,*,#12065,.F.);
#12112 = ORIENTED_EDGE('',*,*,#12113,.F.);
#12113 = EDGE_CURVE('',#11881,#12043,#12114,.T.);
#12114 = SURFACE_CURVE('',#12115,(#12119,#12126),.PCURVE_S1.);
#12115 = LINE('',#12116,#12117);
#12116 = CARTESIAN_POINT('',(1.5,-15.5,1.9));
#12117 = VECTOR('',#12118,1.);
#12118 = DIRECTION('',(1.,0.,-0.));
#12119 = PCURVE('',#11924,#12120);
#12120 = DEFINITIONAL_REPRESENTATION('',(#12121),#12125);
#12121 = LINE('',#12122,#12123);
#12122 = CARTESIAN_POINT('',(0.,0.));
#12123 = VECTOR('',#12124,1.);
#12124 = DIRECTION('',(1.,0.));
#12125 = ( GEOMETRIC_REPRESENTATION_CONTEXT(2) 
PARAMETRIC_REPRESENTATION_CONTEXT() REPRESENTATION_CONTEXT('2D SPACE',''
  ) );
#12126 = PCURVE('',#11896,#12127);
#12127 = DEFINITIONAL_REPRESENTATION('',(#12128),#12132);
#12128 = LINE('',#12129,#12130);
#12129 = CARTESIAN_POINT('',(0.,0.));
#12130 = VECTOR('',#12131,1.);
#12131 = DIRECTION('',(1.,0.));
#12132 = ( GEOMETRIC_REPRESENTATION_CONTEXT(2) 
PARAMETRIC_REPRESENTATION_CONTEXT() REPRESENTATION_CONTEXT('2D SPACE',''
  ) );
#12133 = ORIENTED_EDGE('',*,*,#11908,.T.);
#12134 = ORIENTED_EDGE('',*,*,#12135,.T.);
#12135 = EDGE_CURVE('',#11909,#12066,#12136,.T.);
#12136 = SURFACE_CURVE('',#12137,(#12141,#12148),.PCURVE_S1.);
#12137 = LINE('',#12138,#12139);
#12138 = CARTESIAN_POINT('',(1.5,-15.5,2.15));
#12139 = VECTOR('',#12140,1.);
#12140 = DIRECTION('',(1.,0.,-0.));
#12141 = PCURVE('',#11924,#12142);
#12142 = DEFINITIONAL_REPRESENTATION('',(#12143),#12147);
#12143 = LINE('',#12144,#12145);
#12144 = CARTESIAN_POINT('',(0.,-0.25));
#12145 = VECTOR('',#12146,1.);
#12146 = DIRECTION('',(1.,0.));
#12147 = ( GEOMETRIC_REPRESENTATION_CONTEXT(2) 
PARAMETRIC_REPRESENTATION_CONTEXT() REPRESENTATION_CONTEXT('2D SPACE',''
  ) );
#12148 = PCURVE('',#11950,#12149);
#12149 = DEFINITIONAL_REPRESENTATION('',(#12150),#12154);
#12150 = LINE('',#12151,#12152);
#12151 = CARTESIAN_POINT('',(0.,0.));
#12152 = VECTOR('',#12153,1.);
#12153 = DIRECTION('',(1.,0.));
#12154 = ( GEOMETRIC_REPRESENTATION_CONTEXT(2) 
PARAMETRIC_REPRESENTATION_CONTEXT() REPRESENTATION_CONTEXT('2D SPACE',''
  ) );
#12155 = ADVANCED_FACE('',(#12156),#11896,.F.);
#12156 = FACE_BOUND('',#12157,.F.);
#12157 = EDGE_LOOP('',(#12158,#12159,#12160,#12161));
#12158 = ORIENTED_EDGE('',*,*,#11880,.F.);
#12159 = ORIENTED_EDGE('',*,*,#12113,.T.);
#12160 = ORIENTED_EDGE('',*,*,#12042,.T.);
#12161 = ORIENTED_EDGE('',*,*,#11995,.F.);
#12162 = ADVANCED_FACE('',(#12163),#11950,.T.);
#12163 = FACE_BOUND('',#12164,.T.);
#12164 = EDGE_LOOP('',(#12165,#12166,#12167,#12168));
#12165 = ORIENTED_EDGE('',*,*,#11936,.F.);
#12166 = ORIENTED_EDGE('',*,*,#12135,.T.);
#12167 = ORIENTED_EDGE('',*,*,#12088,.T.);
#12168 = ORIENTED_EDGE('',*,*,#12017,.F.);
#12169 = ( GEOMETRIC_REPRESENTATION_CONTEXT(3) 
GLOBAL_UNCERTAINTY_ASSIGNED_CONTEXT((#12173)) 
GLOBAL_UNIT_ASSIGNED_CONTEXT((#12170,#12171,#12172)) 
REPRESENTATION_CONTEXT('Context #1',
  '3D Context with UNIT and UNCERTAINTY') );
#12170 = ( LENGTH_UNIT() NAMED_UNIT(*) SI_UNIT(.MILLI.,.METRE.) );
#12171 = ( NAMED_UNIT(*) PLANE_ANGLE_UNIT() SI_UNIT($,.RADIAN.) );
#12172 = ( NAMED_UNIT(*) SI_UNIT($,.STERADIAN.) SOLID_ANGLE_UNIT() );
#12173 = UNCERTAINTY_MEASURE_WITH_UNIT(LENGTH_MEASURE(1.E-07),#12170,
  'distance_accuracy_value','confusion accuracy');
#12174 = CONTEXT_DEPENDENT_SHAPE_REPRESENTATION(#12175,#12177);
#12175 = ( REPRESENTATION_RELATIONSHIP('','',#11838,#11815) 
REPRESENTATION_RELATIONSHIP_WITH_TRANSFORMATION(#12176) 
SHAPE_REPRESENTATION_RELATIONSHIP() );
#12176 = ITEM_DEFINED_TRANSFORMATION('','',#11,#11816);
#12177 = PRODUCT_DEFINITION_SHAPE('Placement','Placement of an item',
  #12178);
#12178 = NEXT_ASSEMBLY_USAGE_OCCURRENCE('53','=>[0:1:1:38]','',#11810,
  #11833,$);
#12179 = PRODUCT_RELATED_PRODUCT_CATEGORY('part',$,(#11835));
#12180 = SHAPE_DEFINITION_REPRESENTATION(#12181,#12187);
#12181 = PRODUCT_DEFINITION_SHAPE('','',#12182);
#12182 = PRODUCT_DEFINITION('design','',#12183,#12186);
#12183 = PRODUCT_DEFINITION_FORMATION('','',#12184);
#12184 = PRODUCT('bat_neg','bat_neg','',(#12185));
#12185 = PRODUCT_CONTEXT('',#2,'mechanical');
#12186 = PRODUCT_DEFINITION_CONTEXT('part definition',#2,'design');
#12187 = SHAPE_REPRESENTATION('',(#11,#12188),#12192);
#12188 = AXIS2_PLACEMENT_3D('',#12189,#12190,#12191);
#12189 = CARTESIAN_POINT('',(0.,0.,0.));
#12190 = DIRECTION('',(0.,0.,1.));
#12191 = DIRECTION('',(1.,0.,-0.));
#12192 = ( GEOMETRIC_REPRESENTATION_CONTEXT(3) 
GLOBAL_UNCERTAINTY_ASSIGNED_CONTEXT((#12196)) 
GLOBAL_UNIT_ASSIGNED_CONTEXT((#12193,#12194,#12195)) 
REPRESENTATION_CONTEXT('Context #1',
  '3D Context with UNIT and UNCERTAINTY') );
#12193 = ( LENGTH_UNIT() NAMED_UNIT(*) SI_UNIT(.MILLI.,.METRE.) );
#12194 = ( NAMED_UNIT(*) PLANE_ANGLE_UNIT() SI_UNIT($,.RADIAN.) );
#12195 = ( NAMED_UNIT(*) SI_UNIT($,.STERADIAN.) SOLID_ANGLE_UNIT() );
#12196 = UNCERTAINTY_MEASURE_WITH_UNIT(LENGTH_MEASURE(1.E-07),#12193,
  'distance_accuracy_value','confusion accuracy');
#12197 = CONTEXT_DEPENDENT_SHAPE_REPRESENTATION(#12198,#12200);
#12198 = ( REPRESENTATION_RELATIONSHIP('','',#12187,#10) 
REPRESENTATION_RELATIONSHIP_WITH_TRANSFORMATION(#12199) 
SHAPE_REPRESENTATION_RELATIONSHIP() );
#12199 = ITEM_DEFINED_TRANSFORMATION('','',#11,#71);
#12200 = PRODUCT_DEFINITION_SHAPE('Placement','Placement of an item',
  #12201);
#12201 = NEXT_ASSEMBLY_USAGE_OCCURRENCE('58','bat_neg','',#5,#12182,$);
#12202 = PRODUCT_RELATED_PRODUCT_CATEGORY('part',$,(#12184));
#12203 = SHAPE_DEFINITION_REPRESENTATION(#12204,#12210);
#12204 = PRODUCT_DEFINITION_SHAPE('','',#12205);
#12205 = PRODUCT_DEFINITION('design','',#12206,#12209);
#12206 = PRODUCT_DEFINITION_FORMATION('','',#12207);
#12207 = PRODUCT('bat_neg','bat_neg','',(#12208));
#12208 = PRODUCT_CONTEXT('',#2,'mechanical');
#12209 = PRODUCT_DEFINITION_CONTEXT('part definition',#2,'design');
#12210 = SHAPE_REPRESENTATION('',(#11,#12211),#12215);
#12211 = AXIS2_PLACEMENT_3D('',#12212,#12213,#12214);
#12212 = CARTESIAN_POINT('',(0.,0.,0.));
#12213 = DIRECTION('',(0.,0.,1.));
#12214 = DIRECTION('',(1.,0.,-0.));
#12215 = ( GEOMETRIC_REPRESENTATION_CONTEXT(3) 
GLOBAL_UNCERTAINTY_ASSIGNED_CONTEXT((#12219)) 
GLOBAL_UNIT_ASSIGNED_CONTEXT((#12216,#12217,#12218)) 
REPRESENTATION_CONTEXT('Context #1',
  '3D Context with UNIT and UNCERTAINTY') );
#12216 = ( LENGTH_UNIT() NAMED_UNIT(*) SI_UNIT(.MILLI.,.METRE.) );
#12217 = ( NAMED_UNIT(*) PLANE_ANGLE_UNIT() SI_UNIT($,.RADIAN.) );
#12218 = ( NAMED_UNIT(*) SI_UNIT($,.STERADIAN.) SOLID_ANGLE_UNIT() );
#12219 = UNCERTAINTY_MEASURE_WITH_UNIT(LENGTH_MEASURE(1.E-07),#12216,
  'distance_accuracy_value','confusion accuracy');
#12220 = CONTEXT_DEPENDENT_SHAPE_REPRESENTATION(#12221,#12223);
#12221 = ( REPRESENTATION_RELATIONSHIP('','',#12210,#12187) 
REPRESENTATION_RELATIONSHIP_WITH_TRANSFORMATION(#12222) 
SHAPE_REPRESENTATION_RELATIONSHIP() );
#12222 = ITEM_DEFINED_TRANSFORMATION('','',#11,#12188);
#12223 = PRODUCT_DEFINITION_SHAPE('Placement','Placement of an item',
  #12224);
#12224 = NEXT_ASSEMBLY_USAGE_OCCURRENCE('57','bat_neg','',#12182,#12205,
  $);
#12225 = PRODUCT_RELATED_PRODUCT_CATEGORY('part',$,(#12207));
#12226 = SHAPE_DEFINITION_REPRESENTATION(#12227,#12233);
#12227 = PRODUCT_DEFINITION_SHAPE('','',#12228);
#12228 = PRODUCT_DEFINITION('design','',#12229,#12232);
#12229 = PRODUCT_DEFINITION_FORMATION('','',#12230);
#12230 = PRODUCT('SOLID','SOLID','',(#12231));
#12231 = PRODUCT_CONTEXT('',#2,'mechanical');
#12232 = PRODUCT_DEFINITION_CONTEXT('part definition',#2,'design');
#12233 = ADVANCED_BREP_SHAPE_REPRESENTATION('',(#11,#12234),#12564);
#12234 = MANIFOLD_SOLID_BREP('',#12235);
#12235 = CLOSED_SHELL('',(#12236,#12356,#12432,#12503,#12550,#12557));
#12236 = ADVANCED_FACE('',(#12237),#12251,.T.);
#12237 = FACE_BOUND('',#12238,.T.);
#12238 = EDGE_LOOP('',(#12239,#12274,#12302,#12330));
#12239 = ORIENTED_EDGE('',*,*,#12240,.F.);
#12240 = EDGE_CURVE('',#12241,#12243,#12245,.T.);
#12241 = VERTEX_POINT('',#12242);
#12242 = CARTESIAN_POINT('',(-4.5,-12.5,1.9));
#12243 = VERTEX_POINT('',#12244);
#12244 = CARTESIAN_POINT('',(-4.5,-12.5,2.15));
#12245 = SURFACE_CURVE('',#12246,(#12250,#12262),.PCURVE_S1.);
#12246 = LINE('',#12247,#12248);
#12247 = CARTESIAN_POINT('',(-4.5,-12.5,1.9));
#12248 = VECTOR('',#12249,1.);
#12249 = DIRECTION('',(0.,0.,1.));
#12250 = PCURVE('',#12251,#12256);
#12251 = PLANE('',#12252);
#12252 = AXIS2_PLACEMENT_3D('',#12253,#12254,#12255);
#12253 = CARTESIAN_POINT('',(-4.5,-15.5,1.9));
#12254 = DIRECTION('',(-1.,-0.,0.));
#12255 = DIRECTION('',(-0.,1.,0.));
#12256 = DEFINITIONAL_REPRESENTATION('',(#12257),#12261);
#12257 = LINE('',#12258,#12259);
#12258 = CARTESIAN_POINT('',(3.,0.));
#12259 = VECTOR('',#12260,1.);
#12260 = DIRECTION('',(0.,-1.));
#12261 = ( GEOMETRIC_REPRESENTATION_CONTEXT(2) 
PARAMETRIC_REPRESENTATION_CONTEXT() REPRESENTATION_CONTEXT('2D SPACE',''
  ) );
#12262 = PCURVE('',#12263,#12268);
#12263 = PLANE('',#12264);
#12264 = AXIS2_PLACEMENT_3D('',#12265,#12266,#12267);
#12265 = CARTESIAN_POINT('',(-4.5,-12.5,1.9));
#12266 = DIRECTION('',(-0.,1.,0.));
#12267 = DIRECTION('',(1.,0.,-0.));
#12268 = DEFINITIONAL_REPRESENTATION('',(#12269),#12273);
#12269 = LINE('',#12270,#12271);
#12270 = CARTESIAN_POINT('',(0.,0.));
#12271 = VECTOR('',#12272,1.);
#12272 = DIRECTION('',(0.,-1.));
#12273 = ( GEOMETRIC_REPRESENTATION_CONTEXT(2) 
PARAMETRIC_REPRESENTATION_CONTEXT() REPRESENTATION_CONTEXT('2D SPACE',''
  ) );
#12274 = ORIENTED_EDGE('',*,*,#12275,.F.);
#12275 = EDGE_CURVE('',#12276,#12241,#12278,.T.);
#12276 = VERTEX_POINT('',#12277);
#12277 = CARTESIAN_POINT('',(-4.5,-15.5,1.9));
#12278 = SURFACE_CURVE('',#12279,(#12283,#12290),.PCURVE_S1.);
#12279 = LINE('',#12280,#12281);
#12280 = CARTESIAN_POINT('',(-4.5,-15.5,1.9));
#12281 = VECTOR('',#12282,1.);
#12282 = DIRECTION('',(-0.,1.,0.));
#12283 = PCURVE('',#12251,#12284);
#12284 = DEFINITIONAL_REPRESENTATION('',(#12285),#12289);
#12285 = LINE('',#12286,#12287);
#12286 = CARTESIAN_POINT('',(0.,0.));
#12287 = VECTOR('',#12288,1.);
#12288 = DIRECTION('',(1.,0.));
#12289 = ( GEOMETRIC_REPRESENTATION_CONTEXT(2) 
PARAMETRIC_REPRESENTATION_CONTEXT() REPRESENTATION_CONTEXT('2D SPACE',''
  ) );
#12290 = PCURVE('',#12291,#12296);
#12291 = PLANE('',#12292);
#12292 = AXIS2_PLACEMENT_3D('',#12293,#12294,#12295);
#12293 = CARTESIAN_POINT('',(-4.5,-15.5,1.9));
#12294 = DIRECTION('',(0.,0.,1.));
#12295 = DIRECTION('',(1.,0.,-0.));
#12296 = DEFINITIONAL_REPRESENTATION('',(#12297),#12301);
#12297 = LINE('',#12298,#12299);
#12298 = CARTESIAN_POINT('',(0.,0.));
#12299 = VECTOR('',#12300,1.);
#12300 = DIRECTION('',(0.,1.));
#12301 = ( GEOMETRIC_REPRESENTATION_CONTEXT(2) 
PARAMETRIC_REPRESENTATION_CONTEXT() REPRESENTATION_CONTEXT('2D SPACE',''
  ) );
#12302 = ORIENTED_EDGE('',*,*,#12303,.T.);
#12303 = EDGE_CURVE('',#12276,#12304,#12306,.T.);
#12304 = VERTEX_POINT('',#12305);
#12305 = CARTESIAN_POINT('',(-4.5,-15.5,2.15));
#12306 = SURFACE_CURVE('',#12307,(#12311,#12318),.PCURVE_S1.);
#12307 = LINE('',#12308,#12309);
#12308 = CARTESIAN_POINT('',(-4.5,-15.5,1.9));
#12309 = VECTOR('',#12310,1.);
#12310 = DIRECTION('',(0.,0.,1.));
#12311 = PCURVE('',#12251,#12312);
#12312 = DEFINITIONAL_REPRESENTATION('',(#12313),#12317);
#12313 = LINE('',#12314,#12315);
#12314 = CARTESIAN_POINT('',(0.,0.));
#12315 = VECTOR('',#12316,1.);
#12316 = DIRECTION('',(0.,-1.));
#12317 = ( GEOMETRIC_REPRESENTATION_CONTEXT(2) 
PARAMETRIC_REPRESENTATION_CONTEXT() REPRESENTATION_CONTEXT('2D SPACE',''
  ) );
#12318 = PCURVE('',#12319,#12324);
#12319 = PLANE('',#12320);
#12320 = AXIS2_PLACEMENT_3D('',#12321,#12322,#12323);
#12321 = CARTESIAN_POINT('',(-4.5,-15.5,1.9));
#12322 = DIRECTION('',(-0.,1.,0.));
#12323 = DIRECTION('',(1.,0.,-0.));
#12324 = DEFINITIONAL_REPRESENTATION('',(#12325),#12329);
#12325 = LINE('',#12326,#12327);
#12326 = CARTESIAN_POINT('',(0.,0.));
#12327 = VECTOR('',#12328,1.);
#12328 = DIRECTION('',(0.,-1.));
#12329 = ( GEOMETRIC_REPRESENTATION_CONTEXT(2) 
PARAMETRIC_REPRESENTATION_CONTEXT() REPRESENTATION_CONTEXT('2D SPACE',''
  ) );
#12330 = ORIENTED_EDGE('',*,*,#12331,.T.);
#12331 = EDGE_CURVE('',#12304,#12243,#12332,.T.);
#12332 = SURFACE_CURVE('',#12333,(#12337,#12344),.PCURVE_S1.);
#12333 = LINE('',#12334,#12335);
#12334 = CARTESIAN_POINT('',(-4.5,-15.5,2.15));
#12335 = VECTOR('',#12336,1.);
#12336 = DIRECTION('',(-0.,1.,0.));
#12337 = PCURVE('',#12251,#12338);
#12338 = DEFINITIONAL_REPRESENTATION('',(#12339),#12343);
#12339 = LINE('',#12340,#12341);
#12340 = CARTESIAN_POINT('',(0.,-0.25));
#12341 = VECTOR('',#12342,1.);
#12342 = DIRECTION('',(1.,0.));
#12343 = ( GEOMETRIC_REPRESENTATION_CONTEXT(2) 
PARAMETRIC_REPRESENTATION_CONTEXT() REPRESENTATION_CONTEXT('2D SPACE',''
  ) );
#12344 = PCURVE('',#12345,#12350);
#12345 = PLANE('',#12346);
#12346 = AXIS2_PLACEMENT_3D('',#12347,#12348,#12349);
#12347 = CARTESIAN_POINT('',(-4.5,-15.5,2.15));
#12348 = DIRECTION('',(0.,0.,1.));
#12349 = DIRECTION('',(1.,0.,-0.));
#12350 = DEFINITIONAL_REPRESENTATION('',(#12351),#12355);
#12351 = LINE('',#12352,#12353);
#12352 = CARTESIAN_POINT('',(0.,0.));
#12353 = VECTOR('',#12354,1.);
#12354 = DIRECTION('',(0.,1.));
#12355 = ( GEOMETRIC_REPRESENTATION_CONTEXT(2) 
PARAMETRIC_REPRESENTATION_CONTEXT() REPRESENTATION_CONTEXT('2D SPACE',''
  ) );
#12356 = ADVANCED_FACE('',(#12357),#12263,.T.);
#12357 = FACE_BOUND('',#12358,.T.);
#12358 = EDGE_LOOP('',(#12359,#12389,#12410,#12411));
#12359 = ORIENTED_EDGE('',*,*,#12360,.F.);
#12360 = EDGE_CURVE('',#12361,#12363,#12365,.T.);
#12361 = VERTEX_POINT('',#12362);
#12362 = CARTESIAN_POINT('',(-1.5,-12.5,1.9));
#12363 = VERTEX_POINT('',#12364);
#12364 = CARTESIAN_POINT('',(-1.5,-12.5,2.15));
#12365 = SURFACE_CURVE('',#12366,(#12370,#12377),.PCURVE_S1.);
#12366 = LINE('',#12367,#12368);
#12367 = CARTESIAN_POINT('',(-1.5,-12.5,1.9));
#12368 = VECTOR('',#12369,1.);
#12369 = DIRECTION('',(0.,0.,1.));
#12370 = PCURVE('',#12263,#12371);
#12371 = DEFINITIONAL_REPRESENTATION('',(#12372),#12376);
#12372 = LINE('',#12373,#12374);
#12373 = CARTESIAN_POINT('',(3.,0.));
#12374 = VECTOR('',#12375,1.);
#12375 = DIRECTION('',(0.,-1.));
#12376 = ( GEOMETRIC_REPRESENTATION_CONTEXT(2) 
PARAMETRIC_REPRESENTATION_CONTEXT() REPRESENTATION_CONTEXT('2D SPACE',''
  ) );
#12377 = PCURVE('',#12378,#12383);
#12378 = PLANE('',#12379);
#12379 = AXIS2_PLACEMENT_3D('',#12380,#12381,#12382);
#12380 = CARTESIAN_POINT('',(-1.5,-15.5,1.9));
#12381 = DIRECTION('',(-1.,-0.,0.));
#12382 = DIRECTION('',(-0.,1.,0.));
#12383 = DEFINITIONAL_REPRESENTATION('',(#12384),#12388);
#12384 = LINE('',#12385,#12386);
#12385 = CARTESIAN_POINT('',(3.,0.));
#12386 = VECTOR('',#12387,1.);
#12387 = DIRECTION('',(0.,-1.));
#12388 = ( GEOMETRIC_REPRESENTATION_CONTEXT(2) 
PARAMETRIC_REPRESENTATION_CONTEXT() REPRESENTATION_CONTEXT('2D SPACE',''
  ) );
#12389 = ORIENTED_EDGE('',*,*,#12390,.F.);
#12390 = EDGE_CURVE('',#12241,#12361,#12391,.T.);
#12391 = SURFACE_CURVE('',#12392,(#12396,#12403),.PCURVE_S1.);
#12392 = LINE('',#12393,#12394);
#12393 = CARTESIAN_POINT('',(-4.5,-12.5,1.9));
#12394 = VECTOR('',#12395,1.);
#12395 = DIRECTION('',(1.,0.,-0.));
#12396 = PCURVE('',#12263,#12397);
#12397 = DEFINITIONAL_REPRESENTATION('',(#12398),#12402);
#12398 = LINE('',#12399,#12400);
#12399 = CARTESIAN_POINT('',(0.,0.));
#12400 = VECTOR('',#12401,1.);
#12401 = DIRECTION('',(1.,0.));
#12402 = ( GEOMETRIC_REPRESENTATION_CONTEXT(2) 
PARAMETRIC_REPRESENTATION_CONTEXT() REPRESENTATION_CONTEXT('2D SPACE',''
  ) );
#12403 = PCURVE('',#12291,#12404);
#12404 = DEFINITIONAL_REPRESENTATION('',(#12405),#12409);
#12405 = LINE('',#12406,#12407);
#12406 = CARTESIAN_POINT('',(0.,3.));
#12407 = VECTOR('',#12408,1.);
#12408 = DIRECTION('',(1.,0.));
#12409 = ( GEOMETRIC_REPRESENTATION_CONTEXT(2) 
PARAMETRIC_REPRESENTATION_CONTEXT() REPRESENTATION_CONTEXT('2D SPACE',''
  ) );
#12410 = ORIENTED_EDGE('',*,*,#12240,.T.);
#12411 = ORIENTED_EDGE('',*,*,#12412,.T.);
#12412 = EDGE_CURVE('',#12243,#12363,#12413,.T.);
#12413 = SURFACE_CURVE('',#12414,(#12418,#12425),.PCURVE_S1.);
#12414 = LINE('',#12415,#12416);
#12415 = CARTESIAN_POINT('',(-4.5,-12.5,2.15));
#12416 = VECTOR('',#12417,1.);
#12417 = DIRECTION('',(1.,0.,-0.));
#12418 = PCURVE('',#12263,#12419);
#12419 = DEFINITIONAL_REPRESENTATION('',(#12420),#12424);
#12420 = LINE('',#12421,#12422);
#12421 = CARTESIAN_POINT('',(0.,-0.25));
#12422 = VECTOR('',#12423,1.);
#12423 = DIRECTION('',(1.,0.));
#12424 = ( GEOMETRIC_REPRESENTATION_CONTEXT(2) 
PARAMETRIC_REPRESENTATION_CONTEXT() REPRESENTATION_CONTEXT('2D SPACE',''
  ) );
#12425 = PCURVE('',#12345,#12426);
#12426 = DEFINITIONAL_REPRESENTATION('',(#12427),#12431);
#12427 = LINE('',#12428,#12429);
#12428 = CARTESIAN_POINT('',(0.,3.));
#12429 = VECTOR('',#12430,1.);
#12430 = DIRECTION('',(1.,0.));
#12431 = ( GEOMETRIC_REPRESENTATION_CONTEXT(2) 
PARAMETRIC_REPRESENTATION_CONTEXT() REPRESENTATION_CONTEXT('2D SPACE',''
  ) );
#12432 = ADVANCED_FACE('',(#12433),#12378,.F.);
#12433 = FACE_BOUND('',#12434,.F.);
#12434 = EDGE_LOOP('',(#12435,#12436,#12459,#12482));
#12435 = ORIENTED_EDGE('',*,*,#12360,.F.);
#12436 = ORIENTED_EDGE('',*,*,#12437,.F.);
#12437 = EDGE_CURVE('',#12438,#12361,#12440,.T.);
#12438 = VERTEX_POINT('',#12439);
#12439 = CARTESIAN_POINT('',(-1.5,-15.5,1.9));
#12440 = SURFACE_CURVE('',#12441,(#12445,#12452),.PCURVE_S1.);
#12441 = LINE('',#12442,#12443);
#12442 = CARTESIAN_POINT('',(-1.5,-15.5,1.9));
#12443 = VECTOR('',#12444,1.);
#12444 = DIRECTION('',(-0.,1.,0.));
#12445 = PCURVE('',#12378,#12446);
#12446 = DEFINITIONAL_REPRESENTATION('',(#12447),#12451);
#12447 = LINE('',#12448,#12449);
#12448 = CARTESIAN_POINT('',(0.,0.));
#12449 = VECTOR('',#12450,1.);
#12450 = DIRECTION('',(1.,0.));
#12451 = ( GEOMETRIC_REPRESENTATION_CONTEXT(2) 
PARAMETRIC_REPRESENTATION_CONTEXT() REPRESENTATION_CONTEXT('2D SPACE',''
  ) );
#12452 = PCURVE('',#12291,#12453);
#12453 = DEFINITIONAL_REPRESENTATION('',(#12454),#12458);
#12454 = LINE('',#12455,#12456);
#12455 = CARTESIAN_POINT('',(3.,0.));
#12456 = VECTOR('',#12457,1.);
#12457 = DIRECTION('',(0.,1.));
#12458 = ( GEOMETRIC_REPRESENTATION_CONTEXT(2) 
PARAMETRIC_REPRESENTATION_CONTEXT() REPRESENTATION_CONTEXT('2D SPACE',''
  ) );
#12459 = ORIENTED_EDGE('',*,*,#12460,.T.);
#12460 = EDGE_CURVE('',#12438,#12461,#12463,.T.);
#12461 = VERTEX_POINT('',#12462);
#12462 = CARTESIAN_POINT('',(-1.5,-15.5,2.15));
#12463 = SURFACE_CURVE('',#12464,(#12468,#12475),.PCURVE_S1.);
#12464 = LINE('',#12465,#12466);
#12465 = CARTESIAN_POINT('',(-1.5,-15.5,1.9));
#12466 = VECTOR('',#12467,1.);
#12467 = DIRECTION('',(0.,0.,1.));
#12468 = PCURVE('',#12378,#12469);
#12469 = DEFINITIONAL_REPRESENTATION('',(#12470),#12474);
#12470 = LINE('',#12471,#12472);
#12471 = CARTESIAN_POINT('',(0.,0.));
#12472 = VECTOR('',#12473,1.);
#12473 = DIRECTION('',(0.,-1.));
#12474 = ( GEOMETRIC_REPRESENTATION_CONTEXT(2) 
PARAMETRIC_REPRESENTATION_CONTEXT() REPRESENTATION_CONTEXT('2D SPACE',''
  ) );
#12475 = PCURVE('',#12319,#12476);
#12476 = DEFINITIONAL_REPRESENTATION('',(#12477),#12481);
#12477 = LINE('',#12478,#12479);
#12478 = CARTESIAN_POINT('',(3.,0.));
#12479 = VECTOR('',#12480,1.);
#12480 = DIRECTION('',(0.,-1.));
#12481 = ( GEOMETRIC_REPRESENTATION_CONTEXT(2) 
PARAMETRIC_REPRESENTATION_CONTEXT() REPRESENTATION_CONTEXT('2D SPACE',''
  ) );
#12482 = ORIENTED_EDGE('',*,*,#12483,.T.);
#12483 = EDGE_CURVE('',#12461,#12363,#12484,.T.);
#12484 = SURFACE_CURVE('',#12485,(#12489,#12496),.PCURVE_S1.);
#12485 = LINE('',#12486,#12487);
#12486 = CARTESIAN_POINT('',(-1.5,-15.5,2.15));
#12487 = VECTOR('',#12488,1.);
#12488 = DIRECTION('',(-0.,1.,0.));
#12489 = PCURVE('',#12378,#12490);
#12490 = DEFINITIONAL_REPRESENTATION('',(#12491),#12495);
#12491 = LINE('',#12492,#12493);
#12492 = CARTESIAN_POINT('',(0.,-0.25));
#12493 = VECTOR('',#12494,1.);
#12494 = DIRECTION('',(1.,0.));
#12495 = ( GEOMETRIC_REPRESENTATION_CONTEXT(2) 
PARAMETRIC_REPRESENTATION_CONTEXT() REPRESENTATION_CONTEXT('2D SPACE',''
  ) );
#12496 = PCURVE('',#12345,#12497);
#12497 = DEFINITIONAL_REPRESENTATION('',(#12498),#12502);
#12498 = LINE('',#12499,#12500);
#12499 = CARTESIAN_POINT('',(3.,0.));
#12500 = VECTOR('',#12501,1.);
#12501 = DIRECTION('',(0.,1.));
#12502 = ( GEOMETRIC_REPRESENTATION_CONTEXT(2) 
PARAMETRIC_REPRESENTATION_CONTEXT() REPRESENTATION_CONTEXT('2D SPACE',''
  ) );
#12503 = ADVANCED_FACE('',(#12504),#12319,.F.);
#12504 = FACE_BOUND('',#12505,.F.);
#12505 = EDGE_LOOP('',(#12506,#12507,#12528,#12529));
#12506 = ORIENTED_EDGE('',*,*,#12460,.F.);
#12507 = ORIENTED_EDGE('',*,*,#12508,.F.);
#12508 = EDGE_CURVE('',#12276,#12438,#12509,.T.);
#12509 = SURFACE_CURVE('',#12510,(#12514,#12521),.PCURVE_S1.);
#12510 = LINE('',#12511,#12512);
#12511 = CARTESIAN_POINT('',(-4.5,-15.5,1.9));
#12512 = VECTOR('',#12513,1.);
#12513 = DIRECTION('',(1.,0.,-0.));
#12514 = PCURVE('',#12319,#12515);
#12515 = DEFINITIONAL_REPRESENTATION('',(#12516),#12520);
#12516 = LINE('',#12517,#12518);
#12517 = CARTESIAN_POINT('',(0.,0.));
#12518 = VECTOR('',#12519,1.);
#12519 = DIRECTION('',(1.,0.));
#12520 = ( GEOMETRIC_REPRESENTATION_CONTEXT(2) 
PARAMETRIC_REPRESENTATION_CONTEXT() REPRESENTATION_CONTEXT('2D SPACE',''
  ) );
#12521 = PCURVE('',#12291,#12522);
#12522 = DEFINITIONAL_REPRESENTATION('',(#12523),#12527);
#12523 = LINE('',#12524,#12525);
#12524 = CARTESIAN_POINT('',(0.,0.));
#12525 = VECTOR('',#12526,1.);
#12526 = DIRECTION('',(1.,0.));
#12527 = ( GEOMETRIC_REPRESENTATION_CONTEXT(2) 
PARAMETRIC_REPRESENTATION_CONTEXT() REPRESENTATION_CONTEXT('2D SPACE',''
  ) );
#12528 = ORIENTED_EDGE('',*,*,#12303,.T.);
#12529 = ORIENTED_EDGE('',*,*,#12530,.T.);
#12530 = EDGE_CURVE('',#12304,#12461,#12531,.T.);
#12531 = SURFACE_CURVE('',#12532,(#12536,#12543),.PCURVE_S1.);
#12532 = LINE('',#12533,#12534);
#12533 = CARTESIAN_POINT('',(-4.5,-15.5,2.15));
#12534 = VECTOR('',#12535,1.);
#12535 = DIRECTION('',(1.,0.,-0.));
#12536 = PCURVE('',#12319,#12537);
#12537 = DEFINITIONAL_REPRESENTATION('',(#12538),#12542);
#12538 = LINE('',#12539,#12540);
#12539 = CARTESIAN_POINT('',(0.,-0.25));
#12540 = VECTOR('',#12541,1.);
#12541 = DIRECTION('',(1.,0.));
#12542 = ( GEOMETRIC_REPRESENTATION_CONTEXT(2) 
PARAMETRIC_REPRESENTATION_CONTEXT() REPRESENTATION_CONTEXT('2D SPACE',''
  ) );
#12543 = PCURVE('',#12345,#12544);
#12544 = DEFINITIONAL_REPRESENTATION('',(#12545),#12549);
#12545 = LINE('',#12546,#12547);
#12546 = CARTESIAN_POINT('',(0.,0.));
#12547 = VECTOR('',#12548,1.);
#12548 = DIRECTION('',(1.,0.));
#12549 = ( GEOMETRIC_REPRESENTATION_CONTEXT(2) 
PARAMETRIC_REPRESENTATION_CONTEXT() REPRESENTATION_CONTEXT('2D SPACE',''
  ) );
#12550 = ADVANCED_FACE('',(#12551),#12291,.F.);
#12551 = FACE_BOUND('',#12552,.F.);
#12552 = EDGE_LOOP('',(#12553,#12554,#12555,#12556));
#12553 = ORIENTED_EDGE('',*,*,#12275,.F.);
#12554 = ORIENTED_EDGE('',*,*,#12508,.T.);
#12555 = ORIENTED_EDGE('',*,*,#12437,.T.);
#12556 = ORIENTED_EDGE('',*,*,#12390,.F.);
#12557 = ADVANCED_FACE('',(#12558),#12345,.T.);
#12558 = FACE_BOUND('',#12559,.T.);
#12559 = EDGE_LOOP('',(#12560,#12561,#12562,#12563));
#12560 = ORIENTED_EDGE('',*,*,#12331,.F.);
#12561 = ORIENTED_EDGE('',*,*,#12530,.T.);
#12562 = ORIENTED_EDGE('',*,*,#12483,.T.);
#12563 = ORIENTED_EDGE('',*,*,#12412,.F.);
#12564 = ( GEOMETRIC_REPRESENTATION_CONTEXT(3) 
GLOBAL_UNCERTAINTY_ASSIGNED_CONTEXT((#12568)) 
GLOBAL_UNIT_ASSIGNED_CONTEXT((#12565,#12566,#12567)) 
REPRESENTATION_CONTEXT('Context #1',
  '3D Context with UNIT and UNCERTAINTY') );
#12565 = ( LENGTH_UNIT() NAMED_UNIT(*) SI_UNIT(.MILLI.,.METRE.) );
#12566 = ( NAMED_UNIT(*) PLANE_ANGLE_UNIT() SI_UNIT($,.RADIAN.) );
#12567 = ( NAMED_UNIT(*) SI_UNIT($,.STERADIAN.) SOLID_ANGLE_UNIT() );
#12568 = UNCERTAINTY_MEASURE_WITH_UNIT(LENGTH_MEASURE(1.E-07),#12565,
  'distance_accuracy_value','confusion accuracy');
#12569 = CONTEXT_DEPENDENT_SHAPE_REPRESENTATION(#12570,#12572);
#12570 = ( REPRESENTATION_RELATIONSHIP('','',#12233,#12210) 
REPRESENTATION_RELATIONSHIP_WITH_TRANSFORMATION(#12571) 
SHAPE_REPRESENTATION_RELATIONSHIP() );
#12571 = ITEM_DEFINED_TRANSFORMATION('','',#11,#12211);
#12572 = PRODUCT_DEFINITION_SHAPE('Placement','Placement of an item',
  #12573);
#12573 = NEXT_ASSEMBLY_USAGE_OCCURRENCE('56','=>[0:1:1:41]','',#12205,
  #12228,$);
#12574 = PRODUCT_RELATED_PRODUCT_CATEGORY('part',$,(#12230));
#12575 = SHAPE_DEFINITION_REPRESENTATION(#12576,#12582);
#12576 = PRODUCT_DEFINITION_SHAPE('','',#12577);
#12577 = PRODUCT_DEFINITION('design','',#12578,#12581);
#12578 = PRODUCT_DEFINITION_FORMATION('','',#12579);
#12579 = PRODUCT('fc_port','fc_port','',(#12580));
#12580 = PRODUCT_CONTEXT('',#2,'mechanical');
#12581 = PRODUCT_DEFINITION_CONTEXT('part definition',#2,'design');
#12582 = SHAPE_REPRESENTATION('',(#11,#12583),#12587);
#12583 = AXIS2_PLACEMENT_3D('',#12584,#12585,#12586);
#12584 = CARTESIAN_POINT('',(0.,0.,0.));
#12585 = DIRECTION('',(0.,0.,1.));
#12586 = DIRECTION('',(1.,0.,-0.));
#12587 = ( GEOMETRIC_REPRESENTATION_CONTEXT(3) 
GLOBAL_UNCERTAINTY_ASSIGNED_CONTEXT((#12591)) 
GLOBAL_UNIT_ASSIGNED_CONTEXT((#12588,#12589,#12590)) 
REPRESENTATION_CONTEXT('Context #1',
  '3D Context with UNIT and UNCERTAINTY') );
#12588 = ( LENGTH_UNIT() NAMED_UNIT(*) SI_UNIT(.MILLI.,.METRE.) );
#12589 = ( NAMED_UNIT(*) PLANE_ANGLE_UNIT() SI_UNIT($,.RADIAN.) );
#12590 = ( NAMED_UNIT(*) SI_UNIT($,.STERADIAN.) SOLID_ANGLE_UNIT() );
#12591 = UNCERTAINTY_MEASURE_WITH_UNIT(LENGTH_MEASURE(1.E-07),#12588,
  'distance_accuracy_value','confusion accuracy');
#12592 = CONTEXT_DEPENDENT_SHAPE_REPRESENTATION(#12593,#12595);
#12593 = ( REPRESENTATION_RELATIONSHIP('','',#12582,#10) 
REPRESENTATION_RELATIONSHIP_WITH_TRANSFORMATION(#12594) 
SHAPE_REPRESENTATION_RELATIONSHIP() );
#12594 = ITEM_DEFINED_TRANSFORMATION('','',#11,#75);
#12595 = PRODUCT_DEFINITION_SHAPE('Placement','Placement of an item',
  #12596);
#12596 = NEXT_ASSEMBLY_USAGE_OCCURRENCE('61','fc_port','',#5,#12577,$);
#12597 = PRODUCT_RELATED_PRODUCT_CATEGORY('part',$,(#12579));
#12598 = SHAPE_DEFINITION_REPRESENTATION(#12599,#12605);
#12599 = PRODUCT_DEFINITION_SHAPE('','',#12600);
#12600 = PRODUCT_DEFINITION('design','',#12601,#12604);
#12601 = PRODUCT_DEFINITION_FORMATION('','',#12602);
#12602 = PRODUCT('fc_port','fc_port','',(#12603));
#12603 = PRODUCT_CONTEXT('',#2,'mechanical');
#12604 = PRODUCT_DEFINITION_CONTEXT('part definition',#2,'design');
#12605 = SHAPE_REPRESENTATION('',(#11,#12606),#12610);
#12606 = AXIS2_PLACEMENT_3D('',#12607,#12608,#12609);
#12607 = CARTESIAN_POINT('',(0.,0.,0.));
#12608 = DIRECTION('',(0.,0.,1.));
#12609 = DIRECTION('',(1.,0.,-0.));
#12610 = ( GEOMETRIC_REPRESENTATION_CONTEXT(3) 
GLOBAL_UNCERTAINTY_ASSIGNED_CONTEXT((#12614)) 
GLOBAL_UNIT_ASSIGNED_CONTEXT((#12611,#12612,#12613)) 
REPRESENTATION_CONTEXT('Context #1',
  '3D Context with UNIT and UNCERTAINTY') );
#12611 = ( LENGTH_UNIT() NAMED_UNIT(*) SI_UNIT(.MILLI.,.METRE.) );
#12612 = ( NAMED_UNIT(*) PLANE_ANGLE_UNIT() SI_UNIT($,.RADIAN.) );
#12613 = ( NAMED_UNIT(*) SI_UNIT($,.STERADIAN.) SOLID_ANGLE_UNIT() );
#12614 = UNCERTAINTY_MEASURE_WITH_UNIT(LENGTH_MEASURE(1.E-07),#12611,
  'distance_accuracy_value','confusion accuracy');
#12615 = CONTEXT_DEPENDENT_SHAPE_REPRESENTATION(#12616,#12618);
#12616 = ( REPRESENTATION_RELATIONSHIP('','',#12605,#12582) 
REPRESENTATION_RELATIONSHIP_WITH_TRANSFORMATION(#12617) 
SHAPE_REPRESENTATION_RELATIONSHIP() );
#12617 = ITEM_DEFINED_TRANSFORMATION('','',#11,#12583);
#12618 = PRODUCT_DEFINITION_SHAPE('Placement','Placement of an item',
  #12619);
#12619 = NEXT_ASSEMBLY_USAGE_OCCURRENCE('60','fc_port','',#12577,#12600,
  $);
#12620 = PRODUCT_RELATED_PRODUCT_CATEGORY('part',$,(#12602));
#12621 = SHAPE_DEFINITION_REPRESENTATION(#12622,#12628);
#12622 = PRODUCT_DEFINITION_SHAPE('','',#12623);
#12623 = PRODUCT_DEFINITION('design','',#12624,#12627);
#12624 = PRODUCT_DEFINITION_FORMATION('','',#12625);
#12625 = PRODUCT('SOLID','SOLID','',(#12626));
#12626 = PRODUCT_CONTEXT('',#2,'mechanical');
#12627 = PRODUCT_DEFINITION_CONTEXT('part definition',#2,'design');
#12628 = ADVANCED_BREP_SHAPE_REPRESENTATION('',(#11,#12629),#12959);
#12629 = MANIFOLD_SOLID_BREP('',#12630);
#12630 = CLOSED_SHELL('',(#12631,#12751,#12827,#12898,#12945,#12952));
#12631 = ADVANCED_FACE('',(#12632),#12646,.T.);
#12632 = FACE_BOUND('',#12633,.T.);
#12633 = EDGE_LOOP('',(#12634,#12669,#12697,#12725));
#12634 = ORIENTED_EDGE('',*,*,#12635,.F.);
#12635 = EDGE_CURVE('',#12636,#12638,#12640,.T.);
#12636 = VERTEX_POINT('',#12637);
#12637 = CARTESIAN_POINT('',(3.8,15.125,1.6));
#12638 = VERTEX_POINT('',#12639);
#12639 = CARTESIAN_POINT('',(3.8,15.375,1.6));
#12640 = SURFACE_CURVE('',#12641,(#12645,#12657),.PCURVE_S1.);
#12641 = LINE('',#12642,#12643);
#12642 = CARTESIAN_POINT('',(3.8,15.125,1.6));
#12643 = VECTOR('',#12644,1.);
#12644 = DIRECTION('',(-0.,1.,0.));
#12645 = PCURVE('',#12646,#12651);
#12646 = PLANE('',#12647);
#12647 = AXIS2_PLACEMENT_3D('',#12648,#12649,#12650);
#12648 = CARTESIAN_POINT('',(-6.2,15.125,1.6));
#12649 = DIRECTION('',(-0.,0.,-1.));
#12650 = DIRECTION('',(1.,0.,-0.));
#12651 = DEFINITIONAL_REPRESENTATION('',(#12652),#12656);
#12652 = LINE('',#12653,#12654);
#12653 = CARTESIAN_POINT('',(10.,0.));
#12654 = VECTOR('',#12655,1.);
#12655 = DIRECTION('',(0.,-1.));
#12656 = ( GEOMETRIC_REPRESENTATION_CONTEXT(2) 
PARAMETRIC_REPRESENTATION_CONTEXT() REPRESENTATION_CONTEXT('2D SPACE',''
  ) );
#12657 = PCURVE('',#12658,#12663);
#12658 = PLANE('',#12659);
#12659 = AXIS2_PLACEMENT_3D('',#12660,#12661,#12662);
#12660 = CARTESIAN_POINT('',(3.8,15.125,1.6));
#12661 = DIRECTION('',(1.,0.,-0.));
#12662 = DIRECTION('',(0.,0.,1.));
#12663 = DEFINITIONAL_REPRESENTATION('',(#12664),#12668);
#12664 = LINE('',#12665,#12666);
#12665 = CARTESIAN_POINT('',(0.,0.));
#12666 = VECTOR('',#12667,1.);
#12667 = DIRECTION('',(0.,-1.));
#12668 = ( GEOMETRIC_REPRESENTATION_CONTEXT(2) 
PARAMETRIC_REPRESENTATION_CONTEXT() REPRESENTATION_CONTEXT('2D SPACE',''
  ) );
#12669 = ORIENTED_EDGE('',*,*,#12670,.F.);
#12670 = EDGE_CURVE('',#12671,#12636,#12673,.T.);
#12671 = VERTEX_POINT('',#12672);
#12672 = CARTESIAN_POINT('',(-6.2,15.125,1.6));
#12673 = SURFACE_CURVE('',#12674,(#12678,#12685),.PCURVE_S1.);
#12674 = LINE('',#12675,#12676);
#12675 = CARTESIAN_POINT('',(-6.2,15.125,1.6));
#12676 = VECTOR('',#12677,1.);
#12677 = DIRECTION('',(1.,0.,-0.));
#12678 = PCURVE('',#12646,#12679);
#12679 = DEFINITIONAL_REPRESENTATION('',(#12680),#12684);
#12680 = LINE('',#12681,#12682);
#12681 = CARTESIAN_POINT('',(0.,0.));
#12682 = VECTOR('',#12683,1.);
#12683 = DIRECTION('',(1.,0.));
#12684 = ( GEOMETRIC_REPRESENTATION_CONTEXT(2) 
PARAMETRIC_REPRESENTATION_CONTEXT() REPRESENTATION_CONTEXT('2D SPACE',''
  ) );
#12685 = PCURVE('',#12686,#12691);
#12686 = PLANE('',#12687);
#12687 = AXIS2_PLACEMENT_3D('',#12688,#12689,#12690);
#12688 = CARTESIAN_POINT('',(-6.2,15.125,1.6));
#12689 = DIRECTION('',(-0.,1.,0.));
#12690 = DIRECTION('',(0.,0.,1.));
#12691 = DEFINITIONAL_REPRESENTATION('',(#12692),#12696);
#12692 = LINE('',#12693,#12694);
#12693 = CARTESIAN_POINT('',(0.,0.));
#12694 = VECTOR('',#12695,1.);
#12695 = DIRECTION('',(0.,1.));
#12696 = ( GEOMETRIC_REPRESENTATION_CONTEXT(2) 
PARAMETRIC_REPRESENTATION_CONTEXT() REPRESENTATION_CONTEXT('2D SPACE',''
  ) );
#12697 = ORIENTED_EDGE('',*,*,#12698,.T.);
#12698 = EDGE_CURVE('',#12671,#12699,#12701,.T.);
#12699 = VERTEX_POINT('',#12700);
#12700 = CARTESIAN_POINT('',(-6.2,15.375,1.6));
#12701 = SURFACE_CURVE('',#12702,(#12706,#12713),.PCURVE_S1.);
#12702 = LINE('',#12703,#12704);
#12703 = CARTESIAN_POINT('',(-6.2,15.125,1.6));
#12704 = VECTOR('',#12705,1.);
#12705 = DIRECTION('',(-0.,1.,0.));
#12706 = PCURVE('',#12646,#12707);
#12707 = DEFINITIONAL_REPRESENTATION('',(#12708),#12712);
#12708 = LINE('',#12709,#12710);
#12709 = CARTESIAN_POINT('',(0.,0.));
#12710 = VECTOR('',#12711,1.);
#12711 = DIRECTION('',(0.,-1.));
#12712 = ( GEOMETRIC_REPRESENTATION_CONTEXT(2) 
PARAMETRIC_REPRESENTATION_CONTEXT() REPRESENTATION_CONTEXT('2D SPACE',''
  ) );
#12713 = PCURVE('',#12714,#12719);
#12714 = PLANE('',#12715);
#12715 = AXIS2_PLACEMENT_3D('',#12716,#12717,#12718);
#12716 = CARTESIAN_POINT('',(-6.2,15.125,1.6));
#12717 = DIRECTION('',(1.,0.,-0.));
#12718 = DIRECTION('',(0.,0.,1.));
#12719 = DEFINITIONAL_REPRESENTATION('',(#12720),#12724);
#12720 = LINE('',#12721,#12722);
#12721 = CARTESIAN_POINT('',(0.,0.));
#12722 = VECTOR('',#12723,1.);
#12723 = DIRECTION('',(0.,-1.));
#12724 = ( GEOMETRIC_REPRESENTATION_CONTEXT(2) 
PARAMETRIC_REPRESENTATION_CONTEXT() REPRESENTATION_CONTEXT('2D SPACE',''
  ) );
#12725 = ORIENTED_EDGE('',*,*,#12726,.T.);
#12726 = EDGE_CURVE('',#12699,#12638,#12727,.T.);
#12727 = SURFACE_CURVE('',#12728,(#12732,#12739),.PCURVE_S1.);
#12728 = LINE('',#12729,#12730);
#12729 = CARTESIAN_POINT('',(-6.2,15.375,1.6));
#12730 = VECTOR('',#12731,1.);
#12731 = DIRECTION('',(1.,0.,-0.));
#12732 = PCURVE('',#12646,#12733);
#12733 = DEFINITIONAL_REPRESENTATION('',(#12734),#12738);
#12734 = LINE('',#12735,#12736);
#12735 = CARTESIAN_POINT('',(0.,-0.25));
#12736 = VECTOR('',#12737,1.);
#12737 = DIRECTION('',(1.,0.));
#12738 = ( GEOMETRIC_REPRESENTATION_CONTEXT(2) 
PARAMETRIC_REPRESENTATION_CONTEXT() REPRESENTATION_CONTEXT('2D SPACE',''
  ) );
#12739 = PCURVE('',#12740,#12745);
#12740 = PLANE('',#12741);
#12741 = AXIS2_PLACEMENT_3D('',#12742,#12743,#12744);
#12742 = CARTESIAN_POINT('',(-6.2,15.375,1.6));
#12743 = DIRECTION('',(-0.,1.,0.));
#12744 = DIRECTION('',(0.,0.,1.));
#12745 = DEFINITIONAL_REPRESENTATION('',(#12746),#12750);
#12746 = LINE('',#12747,#12748);
#12747 = CARTESIAN_POINT('',(0.,0.));
#12748 = VECTOR('',#12749,1.);
#12749 = DIRECTION('',(0.,1.));
#12750 = ( GEOMETRIC_REPRESENTATION_CONTEXT(2) 
PARAMETRIC_REPRESENTATION_CONTEXT() REPRESENTATION_CONTEXT('2D SPACE',''
  ) );
#12751 = ADVANCED_FACE('',(#12752),#12658,.T.);
#12752 = FACE_BOUND('',#12753,.T.);
#12753 = EDGE_LOOP('',(#12754,#12784,#12805,#12806));
#12754 = ORIENTED_EDGE('',*,*,#12755,.F.);
#12755 = EDGE_CURVE('',#12756,#12758,#12760,.T.);
#12756 = VERTEX_POINT('',#12757);
#12757 = CARTESIAN_POINT('',(3.8,15.125,4.5));
#12758 = VERTEX_POINT('',#12759);
#12759 = CARTESIAN_POINT('',(3.8,15.375,4.5));
#12760 = SURFACE_CURVE('',#12761,(#12765,#12772),.PCURVE_S1.);
#12761 = LINE('',#12762,#12763);
#12762 = CARTESIAN_POINT('',(3.8,15.125,4.5));
#12763 = VECTOR('',#12764,1.);
#12764 = DIRECTION('',(-0.,1.,0.));
#12765 = PCURVE('',#12658,#12766);
#12766 = DEFINITIONAL_REPRESENTATION('',(#12767),#12771);
#12767 = LINE('',#12768,#12769);
#12768 = CARTESIAN_POINT('',(2.9,0.));
#12769 = VECTOR('',#12770,1.);
#12770 = DIRECTION('',(0.,-1.));
#12771 = ( GEOMETRIC_REPRESENTATION_CONTEXT(2) 
PARAMETRIC_REPRESENTATION_CONTEXT() REPRESENTATION_CONTEXT('2D SPACE',''
  ) );
#12772 = PCURVE('',#12773,#12778);
#12773 = PLANE('',#12774);
#12774 = AXIS2_PLACEMENT_3D('',#12775,#12776,#12777);
#12775 = CARTESIAN_POINT('',(-6.2,15.125,4.5));
#12776 = DIRECTION('',(-0.,0.,-1.));
#12777 = DIRECTION('',(1.,0.,-0.));
#12778 = DEFINITIONAL_REPRESENTATION('',(#12779),#12783);
#12779 = LINE('',#12780,#12781);
#12780 = CARTESIAN_POINT('',(10.,0.));
#12781 = VECTOR('',#12782,1.);
#12782 = DIRECTION('',(0.,-1.));
#12783 = ( GEOMETRIC_REPRESENTATION_CONTEXT(2) 
PARAMETRIC_REPRESENTATION_CONTEXT() REPRESENTATION_CONTEXT('2D SPACE',''
  ) );
#12784 = ORIENTED_EDGE('',*,*,#12785,.F.);
#12785 = EDGE_CURVE('',#12636,#12756,#12786,.T.);
#12786 = SURFACE_CURVE('',#12787,(#12791,#12798),.PCURVE_S1.);
#12787 = LINE('',#12788,#12789);
#12788 = CARTESIAN_POINT('',(3.8,15.125,1.6));
#12789 = VECTOR('',#12790,1.);
#12790 = DIRECTION('',(0.,0.,1.));
#12791 = PCURVE('',#12658,#12792);
#12792 = DEFINITIONAL_REPRESENTATION('',(#12793),#12797);
#12793 = LINE('',#12794,#12795);
#12794 = CARTESIAN_POINT('',(0.,0.));
#12795 = VECTOR('',#12796,1.);
#12796 = DIRECTION('',(1.,0.));
#12797 = ( GEOMETRIC_REPRESENTATION_CONTEXT(2) 
PARAMETRIC_REPRESENTATION_CONTEXT() REPRESENTATION_CONTEXT('2D SPACE',''
  ) );
#12798 = PCURVE('',#12686,#12799);
#12799 = DEFINITIONAL_REPRESENTATION('',(#12800),#12804);
#12800 = LINE('',#12801,#12802);
#12801 = CARTESIAN_POINT('',(0.,10.));
#12802 = VECTOR('',#12803,1.);
#12803 = DIRECTION('',(1.,0.));
#12804 = ( GEOMETRIC_REPRESENTATION_CONTEXT(2) 
PARAMETRIC_REPRESENTATION_CONTEXT() REPRESENTATION_CONTEXT('2D SPACE',''
  ) );
#12805 = ORIENTED_EDGE('',*,*,#12635,.T.);
#12806 = ORIENTED_EDGE('',*,*,#12807,.T.);
#12807 = EDGE_CURVE('',#12638,#12758,#12808,.T.);
#12808 = SURFACE_CURVE('',#12809,(#12813,#12820),.PCURVE_S1.);
#12809 = LINE('',#12810,#12811);
#12810 = CARTESIAN_POINT('',(3.8,15.375,1.6));
#12811 = VECTOR('',#12812,1.);
#12812 = DIRECTION('',(0.,0.,1.));
#12813 = PCURVE('',#12658,#12814);
#12814 = DEFINITIONAL_REPRESENTATION('',(#12815),#12819);
#12815 = LINE('',#12816,#12817);
#12816 = CARTESIAN_POINT('',(0.,-0.25));
#12817 = VECTOR('',#12818,1.);
#12818 = DIRECTION('',(1.,0.));
#12819 = ( GEOMETRIC_REPRESENTATION_CONTEXT(2) 
PARAMETRIC_REPRESENTATION_CONTEXT() REPRESENTATION_CONTEXT('2D SPACE',''
  ) );
#12820 = PCURVE('',#12740,#12821);
#12821 = DEFINITIONAL_REPRESENTATION('',(#12822),#12826);
#12822 = LINE('',#12823,#12824);
#12823 = CARTESIAN_POINT('',(0.,10.));
#12824 = VECTOR('',#12825,1.);
#12825 = DIRECTION('',(1.,0.));
#12826 = ( GEOMETRIC_REPRESENTATION_CONTEXT(2) 
PARAMETRIC_REPRESENTATION_CONTEXT() REPRESENTATION_CONTEXT('2D SPACE',''
  ) );
#12827 = ADVANCED_FACE('',(#12828),#12773,.F.);
#12828 = FACE_BOUND('',#12829,.F.);
#12829 = EDGE_LOOP('',(#12830,#12831,#12854,#12877));
#12830 = ORIENTED_EDGE('',*,*,#12755,.F.);
#12831 = ORIENTED_EDGE('',*,*,#12832,.F.);
#12832 = EDGE_CURVE('',#12833,#12756,#12835,.T.);
#12833 = VERTEX_POINT('',#12834);
#12834 = CARTESIAN_POINT('',(-6.2,15.125,4.5));
#12835 = SURFACE_CURVE('',#12836,(#12840,#12847),.PCURVE_S1.);
#12836 = LINE('',#12837,#12838);
#12837 = CARTESIAN_POINT('',(-6.2,15.125,4.5));
#12838 = VECTOR('',#12839,1.);
#12839 = DIRECTION('',(1.,0.,-0.));
#12840 = PCURVE('',#12773,#12841);
#12841 = DEFINITIONAL_REPRESENTATION('',(#12842),#12846);
#12842 = LINE('',#12843,#12844);
#12843 = CARTESIAN_POINT('',(0.,0.));
#12844 = VECTOR('',#12845,1.);
#12845 = DIRECTION('',(1.,0.));
#12846 = ( GEOMETRIC_REPRESENTATION_CONTEXT(2) 
PARAMETRIC_REPRESENTATION_CONTEXT() REPRESENTATION_CONTEXT('2D SPACE',''
  ) );
#12847 = PCURVE('',#12686,#12848);
#12848 = DEFINITIONAL_REPRESENTATION('',(#12849),#12853);
#12849 = LINE('',#12850,#12851);
#12850 = CARTESIAN_POINT('',(2.9,0.));
#12851 = VECTOR('',#12852,1.);
#12852 = DIRECTION('',(0.,1.));
#12853 = ( GEOMETRIC_REPRESENTATION_CONTEXT(2) 
PARAMETRIC_REPRESENTATION_CONTEXT() REPRESENTATION_CONTEXT('2D SPACE',''
  ) );
#12854 = ORIENTED_EDGE('',*,*,#12855,.T.);
#12855 = EDGE_CURVE('',#12833,#12856,#12858,.T.);
#12856 = VERTEX_POINT('',#12857);
#12857 = CARTESIAN_POINT('',(-6.2,15.375,4.5));
#12858 = SURFACE_CURVE('',#12859,(#12863,#12870),.PCURVE_S1.);
#12859 = LINE('',#12860,#12861);
#12860 = CARTESIAN_POINT('',(-6.2,15.125,4.5));
#12861 = VECTOR('',#12862,1.);
#12862 = DIRECTION('',(-0.,1.,0.));
#12863 = PCURVE('',#12773,#12864);
#12864 = DEFINITIONAL_REPRESENTATION('',(#12865),#12869);
#12865 = LINE('',#12866,#12867);
#12866 = CARTESIAN_POINT('',(0.,0.));
#12867 = VECTOR('',#12868,1.);
#12868 = DIRECTION('',(0.,-1.));
#12869 = ( GEOMETRIC_REPRESENTATION_CONTEXT(2) 
PARAMETRIC_REPRESENTATION_CONTEXT() REPRESENTATION_CONTEXT('2D SPACE',''
  ) );
#12870 = PCURVE('',#12714,#12871);
#12871 = DEFINITIONAL_REPRESENTATION('',(#12872),#12876);
#12872 = LINE('',#12873,#12874);
#12873 = CARTESIAN_POINT('',(2.9,0.));
#12874 = VECTOR('',#12875,1.);
#12875 = DIRECTION('',(0.,-1.));
#12876 = ( GEOMETRIC_REPRESENTATION_CONTEXT(2) 
PARAMETRIC_REPRESENTATION_CONTEXT() REPRESENTATION_CONTEXT('2D SPACE',''
  ) );
#12877 = ORIENTED_EDGE('',*,*,#12878,.T.);
#12878 = EDGE_CURVE('',#12856,#12758,#12879,.T.);
#12879 = SURFACE_CURVE('',#12880,(#12884,#12891),.PCURVE_S1.);
#12880 = LINE('',#12881,#12882);
#12881 = CARTESIAN_POINT('',(-6.2,15.375,4.5));
#12882 = VECTOR('',#12883,1.);
#12883 = DIRECTION('',(1.,0.,-0.));
#12884 = PCURVE('',#12773,#12885);
#12885 = DEFINITIONAL_REPRESENTATION('',(#12886),#12890);
#12886 = LINE('',#12887,#12888);
#12887 = CARTESIAN_POINT('',(0.,-0.25));
#12888 = VECTOR('',#12889,1.);
#12889 = DIRECTION('',(1.,0.));
#12890 = ( GEOMETRIC_REPRESENTATION_CONTEXT(2) 
PARAMETRIC_REPRESENTATION_CONTEXT() REPRESENTATION_CONTEXT('2D SPACE',''
  ) );
#12891 = PCURVE('',#12740,#12892);
#12892 = DEFINITIONAL_REPRESENTATION('',(#12893),#12897);
#12893 = LINE('',#12894,#12895);
#12894 = CARTESIAN_POINT('',(2.9,0.));
#12895 = VECTOR('',#12896,1.);
#12896 = DIRECTION('',(0.,1.));
#12897 = ( GEOMETRIC_REPRESENTATION_CONTEXT(2) 
PARAMETRIC_REPRESENTATION_CONTEXT() REPRESENTATION_CONTEXT('2D SPACE',''
  ) );
#12898 = ADVANCED_FACE('',(#12899),#12714,.F.);
#12899 = FACE_BOUND('',#12900,.F.);
#12900 = EDGE_LOOP('',(#12901,#12902,#12923,#12924));
#12901 = ORIENTED_EDGE('',*,*,#12855,.F.);
#12902 = ORIENTED_EDGE('',*,*,#12903,.F.);
#12903 = EDGE_CURVE('',#12671,#12833,#12904,.T.);
#12904 = SURFACE_CURVE('',#12905,(#12909,#12916),.PCURVE_S1.);
#12905 = LINE('',#12906,#12907);
#12906 = CARTESIAN_POINT('',(-6.2,15.125,1.6));
#12907 = VECTOR('',#12908,1.);
#12908 = DIRECTION('',(0.,0.,1.));
#12909 = PCURVE('',#12714,#12910);
#12910 = DEFINITIONAL_REPRESENTATION('',(#12911),#12915);
#12911 = LINE('',#12912,#12913);
#12912 = CARTESIAN_POINT('',(0.,0.));
#12913 = VECTOR('',#12914,1.);
#12914 = DIRECTION('',(1.,0.));
#12915 = ( GEOMETRIC_REPRESENTATION_CONTEXT(2) 
PARAMETRIC_REPRESENTATION_CONTEXT() REPRESENTATION_CONTEXT('2D SPACE',''
  ) );
#12916 = PCURVE('',#12686,#12917);
#12917 = DEFINITIONAL_REPRESENTATION('',(#12918),#12922);
#12918 = LINE('',#12919,#12920);
#12919 = CARTESIAN_POINT('',(0.,0.));
#12920 = VECTOR('',#12921,1.);
#12921 = DIRECTION('',(1.,0.));
#12922 = ( GEOMETRIC_REPRESENTATION_CONTEXT(2) 
PARAMETRIC_REPRESENTATION_CONTEXT() REPRESENTATION_CONTEXT('2D SPACE',''
  ) );
#12923 = ORIENTED_EDGE('',*,*,#12698,.T.);
#12924 = ORIENTED_EDGE('',*,*,#12925,.T.);
#12925 = EDGE_CURVE('',#12699,#12856,#12926,.T.);
#12926 = SURFACE_CURVE('',#12927,(#12931,#12938),.PCURVE_S1.);
#12927 = LINE('',#12928,#12929);
#12928 = CARTESIAN_POINT('',(-6.2,15.375,1.6));
#12929 = VECTOR('',#12930,1.);
#12930 = DIRECTION('',(0.,0.,1.));
#12931 = PCURVE('',#12714,#12932);
#12932 = DEFINITIONAL_REPRESENTATION('',(#12933),#12937);
#12933 = LINE('',#12934,#12935);
#12934 = CARTESIAN_POINT('',(0.,-0.25));
#12935 = VECTOR('',#12936,1.);
#12936 = DIRECTION('',(1.,0.));
#12937 = ( GEOMETRIC_REPRESENTATION_CONTEXT(2) 
PARAMETRIC_REPRESENTATION_CONTEXT() REPRESENTATION_CONTEXT('2D SPACE',''
  ) );
#12938 = PCURVE('',#12740,#12939);
#12939 = DEFINITIONAL_REPRESENTATION('',(#12940),#12944);
#12940 = LINE('',#12941,#12942);
#12941 = CARTESIAN_POINT('',(0.,0.));
#12942 = VECTOR('',#12943,1.);
#12943 = DIRECTION('',(1.,0.));
#12944 = ( GEOMETRIC_REPRESENTATION_CONTEXT(2) 
PARAMETRIC_REPRESENTATION_CONTEXT() REPRESENTATION_CONTEXT('2D SPACE',''
  ) );
#12945 = ADVANCED_FACE('',(#12946),#12686,.F.);
#12946 = FACE_BOUND('',#12947,.F.);
#12947 = EDGE_LOOP('',(#12948,#12949,#12950,#12951));
#12948 = ORIENTED_EDGE('',*,*,#12670,.F.);
#12949 = ORIENTED_EDGE('',*,*,#12903,.T.);
#12950 = ORIENTED_EDGE('',*,*,#12832,.T.);
#12951 = ORIENTED_EDGE('',*,*,#12785,.F.);
#12952 = ADVANCED_FACE('',(#12953),#12740,.T.);
#12953 = FACE_BOUND('',#12954,.T.);
#12954 = EDGE_LOOP('',(#12955,#12956,#12957,#12958));
#12955 = ORIENTED_EDGE('',*,*,#12726,.F.);
#12956 = ORIENTED_EDGE('',*,*,#12925,.T.);
#12957 = ORIENTED_EDGE('',*,*,#12878,.T.);
#12958 = ORIENTED_EDGE('',*,*,#12807,.F.);
#12959 = ( GEOMETRIC_REPRESENTATION_CONTEXT(3) 
GLOBAL_UNCERTAINTY_ASSIGNED_CONTEXT((#12963)) 
GLOBAL_UNIT_ASSIGNED_CONTEXT((#12960,#12961,#12962)) 
REPRESENTATION_CONTEXT('Context #1',
  '3D Context with UNIT and UNCERTAINTY') );
#12960 = ( LENGTH_UNIT() NAMED_UNIT(*) SI_UNIT(.MILLI.,.METRE.) );
#12961 = ( NAMED_UNIT(*) PLANE_ANGLE_UNIT() SI_UNIT($,.RADIAN.) );
#12962 = ( NAMED_UNIT(*) SI_UNIT($,.STERADIAN.) SOLID_ANGLE_UNIT() );
#12963 = UNCERTAINTY_MEASURE_WITH_UNIT(LENGTH_MEASURE(1.E-07),#12960,
  'distance_accuracy_value','confusion accuracy');
#12964 = CONTEXT_DEPENDENT_SHAPE_REPRESENTATION(#12965,#12967);
#12965 = ( REPRESENTATION_RELATIONSHIP('','',#12628,#12605) 
REPRESENTATION_RELATIONSHIP_WITH_TRANSFORMATION(#12966) 
SHAPE_REPRESENTATION_RELATIONSHIP() );
#12966 = ITEM_DEFINED_TRANSFORMATION('','',#11,#12606);
#12967 = PRODUCT_DEFINITION_SHAPE('Placement','Placement of an item',
  #12968);
#12968 = NEXT_ASSEMBLY_USAGE_OCCURRENCE('59','=>[0:1:1:44]','',#12600,
  #12623,$);
#12969 = PRODUCT_RELATED_PRODUCT_CATEGORY('part',$,(#12625));
ENDSEC;
END-ISO-10303-21;
